Pos,Strand,Locus_tag,Product,UTRlength,GeneLength,Primary,Secondary,Internal,Antisense,Putative sRNA,Putative asRNA
38,+,b0001,thr operon leader peptide,152.0,66.0,0,1,0,0,0,0
113,+,b0001,thr operon leader peptide,77.0,66.0,0,1,0,0,0,0
122,-,b0001,thr operon leader peptide,,66.0,0,0,0,1,0,1
148,+,b0001,thr operon leader peptide,42.0,66.0,1,0,0,0,0,0
1176,-,b0002,fused aspartokinase I and homoserine dehydrogenase I,,2463.0,0,0,0,1,0,1
2259,-,b0002,fused aspartokinase I and homoserine dehydrogenase I,,2463.0,0,0,0,1,0,1
2391,+,b0002,fused aspartokinase I and homoserine dehydrogenase I,,2463.0,0,0,1,0,0,0
2581,+,b0003,homoserine kinase,220.0,933.0,1,0,0,0,0,0
3729,-,b0003,homoserine kinase,,933.0,0,0,0,1,0,1
4787,+,b0004,threonine synthase,,1287.0,0,0,1,0,0,0
5147,+,b0005,hypothetical protein,87.0,297.0,1,0,0,0,0,0
5652,+,b0006,peroxide resistance protein%2C lowers intracellular iron,,777.0,0,0,0,1,0,1
5925,-,b0006,peroxide resistance protein%2C lowers intracellular iron,,777.0,0,0,1,0,0,0
6728,+,b0007,putative transporter,,1431.0,0,0,0,1,0,1
6966,+,b0007,putative transporter,,1431.0,0,0,0,1,0,1
7418,+,b0007,putative transporter,,1431.0,0,0,0,1,0,1
7482,-,b0007,putative transporter,,1431.0,0,0,1,0,0,0
8042,+,b0008,transaldolase B,196.0,954.0,1,0,0,0,0,1
8053,-,b0007,putative transporter,94.0,1431.0,1,0,0,0,0,0
8226,-,b0007,putative transporter,267.0,1431.0,0,1,0,0,0,1
8542,-,b0008,transaldolase B,,954.0,0,0,0,1,0,1
8581,-,b0008,transaldolase B,,954.0,0,0,0,1,0,1
9277,+,b0009,molybdochelatase incorporating molybdenum into molybdopterin,29.0,588.0,1,0,0,0,0,0
9359,-,b0009,molybdochelatase incorporating molybdenum into molybdopterin,,588.0,0,0,0,1,0,1
10476,-,b0010,inner membrane protein%2C Grp1_Fun34_YaaH family,,567.0,0,0,1,0,0,0
10584,+,b0010,inner membrane protein%2C Grp1_Fun34_YaaH family,,567.0,0,0,0,1,0,1
10989,-,b0011,conserved protein%2C UPF0174 family,,714.0,0,0,1,0,0,0
11033,-,b0011,conserved protein%2C UPF0174 family,,714.0,0,0,1,0,0,0
11090,+,b0011,conserved protein%2C UPF0174 family,,714.0,0,0,0,1,0,1
11407,+,b0011,conserved protein%2C UPF0174 family,,714.0,0,0,0,1,0,1
11543,+,b0013,conserved protein%2C UPF0412 family,,405.0,0,0,0,1,0,1
11936,-,b0013,conserved protein%2C UPF0412 family,150.0,405.0,1,0,0,0,0,0
12048,+,b0014,chaperone Hsp70%2C co-chaperone with DnaJ,115.0,1917.0,1,0,0,0,0,0
12135,-,b0014,chaperone Hsp70%2C co-chaperone with DnaJ,,1917.0,0,0,0,1,0,1
13083,+,b0014,chaperone Hsp70%2C co-chaperone with DnaJ,,1917.0,0,0,1,0,0,0
13932,+,b0015,chaperone Hsp40%2C co-chaperone with DnaK,236.0,1131.0,1,0,0,0,0,0
14095,-,b0014,chaperone Hsp70%2C co-chaperone with DnaJ,,1917.0,0,0,0,1,0,1
14535,+,b0015,chaperone Hsp40%2C co-chaperone with DnaK,,1131.0,0,0,1,0,0,0
15080,+,b0015,chaperone Hsp40%2C co-chaperone with DnaK,,1131.0,0,0,1,0,0,0
15441,+,b0016,IS186 transposase,4.0,1113.0,1,0,0,0,0,0
16003,-,b0016,IS186 transposase,,1113.0,0,0,0,1,0,1
16296,-,b0016,IS186 transposase,,1113.0,0,0,0,1,0,1
16460,-,b0016,IS186 transposase,,1113.0,0,0,0,1,0,1
16949,-,b4412,toxic membrane protein%2C small,46.0,153.0,1,0,0,0,0,1
16952,+,b4413,sRNA antisense regulator blocking mokC%2C and hence hokC%2C translation,0.0,55.0,1,0,0,0,0,1
17007,-,b0018,regulatory protein for HokC%2C overlaps CDS of hokC,47.0,210.0,0,1,0,0,0,1
17053,-,b0018,regulatory protein for HokC%2C overlaps CDS of hokC,93.0,210.0,0,1,0,0,0,1
17151,-,b0018,regulatory protein for HokC%2C overlaps CDS of hokC,191.0,210.0,1,0,0,0,0,0
17215,+,b0019,sodium-proton antiporter,274.0,1167.0,0,1,0,0,0,0
17224,+,b0019,sodium-proton antiporter,265.0,1167.0,0,1,0,0,0,0
17311,+,b0019,sodium-proton antiporter,178.0,1167.0,1,0,0,0,0,0
17414,-,b0019,sodium-proton antiporter,,1167.0,0,0,0,1,0,1
17422,+,b0019,sodium-proton antiporter,67.0,1167.0,0,1,0,0,0,0
17454,+,b0019,sodium-proton antiporter,35.0,1167.0,0,1,0,0,0,0
17589,-,b0019,sodium-proton antiporter,,1167.0,0,0,0,1,0,1
17981,+,b0019,sodium-proton antiporter,,1167.0,0,0,1,0,0,0
18374,+,b0019,sodium-proton antiporter,,1167.0,0,0,1,0,0,0
18553,+,b0020,DNA-binding transcriptional activator,162.0,906.0,1,0,0,0,0,0
19155,+,b0020,DNA-binding transcriptional activator,,906.0,0,0,1,0,0,0
19187,+,b0020,DNA-binding transcriptional activator,,906.0,0,0,1,0,0,0
19486,+,b0020,DNA-binding transcriptional activator,,906.0,0,0,1,0,0,0
19511,-,b0020,DNA-binding transcriptional activator,,906.0,0,0,0,1,0,1
19659,-,b0020,DNA-binding transcriptional activator,,906.0,0,0,0,1,0,1
19759,+,b0021,IS1 transposase B,,504.0,0,0,0,1,0,1
19831,+,b0021,IS1 transposase B,,504.0,0,0,0,1,0,1
20278,+,b0021,IS1 transposase B,,504.0,0,0,0,1,0,1
20526,-,b0022,IS1 repressor TnpA,18.0,276.0,0,1,0,0,0,0
20562,-,b0022,IS1 repressor TnpA,54.0,276.0,0,1,0,0,0,0
20678,-,b0022,IS1 repressor TnpA,170.0,276.0,1,0,0,0,0,0
20859,+,b0023,30S ribosomal subunit protein S20,,264.0,0,0,0,1,0,1
20984,+,b0024,hypothetical protein,197.0,219.0,1,0,0,0,0,1
21007,+,b0024,hypothetical protein,174.0,219.0,0,1,0,0,0,1
21113,+,b0024,hypothetical protein,68.0,219.0,0,1,0,0,0,1
21207,-,b0023,30S ribosomal subunit protein S20,129.0,264.0,1,0,0,0,0,1
21383,+,b0025,bifunctional riboflavin kinase%2FFAD synthetase,24.0,942.0,1,0,0,0,0,0
21835,+,b0025,bifunctional riboflavin kinase%2FFAD synthetase,,942.0,0,0,1,0,0,0
22229,+,b0026,isoleucyl-tRNA synthetase,162.0,2817.0,1,0,0,0,0,0
23116,+,b0026,isoleucyl-tRNA synthetase,,2817.0,0,0,1,0,0,0
23267,+,b0026,isoleucyl-tRNA synthetase,,2817.0,0,0,1,0,0,0
25014,+,b0027,prolipoprotein signal peptidase %28signal peptidase II%29,193.0,495.0,1,0,0,0,0,0
25344,-,b0027,prolipoprotein signal peptidase %28signal peptidase II%29,,495.0,0,0,0,1,0,1
27024,+,b0030,ribonucleoside hydrolase 3,269.0,915.0,0,1,0,0,0,0
27114,+,b0030,ribonucleoside hydrolase 3,179.0,915.0,0,1,0,0,0,0
27263,+,b0030,ribonucleoside hydrolase 3,30.0,915.0,1,0,0,0,0,0
28287,+,b0031,dihydrodipicolinate reductase,87.0,822.0,1,0,0,0,0,0
29129,+,b0031,dihydrodipicolinate reductase,,822.0,0,0,1,0,0,0
29551,+,b0032,carbamoyl phosphate synthetase small subunit%2C glutamine amidotransferase,100.0,1149.0,1,0,0,0,0,0
29767,-,b0032,carbamoyl phosphate synthetase small subunit%2C glutamine amidotransferase,,1149.0,0,0,0,1,0,1
31586,-,b0033,carbamoyl-phosphate synthase large subunit,,3222.0,0,0,0,1,0,1
32607,-,b0033,carbamoyl-phosphate synthase large subunit,,3222.0,0,0,0,1,0,1
34027,-,b0033,carbamoyl-phosphate synthase large subunit,,3222.0,0,0,0,1,0,1
34045,+,b0034,DNA-binding transcriptional activator,255.0,396.0,0,1,0,0,0,0
34218,+,b0034,DNA-binding transcriptional activator,82.0,396.0,1,0,0,0,0,0
34756,+,b0035,stimulator of CaiD and CaiB enzyme activities,,591.0,0,0,0,1,0,1
34907,+,b0035,stimulator of CaiD and CaiB enzyme activities,,591.0,0,0,0,1,0,1
34913,-,b0035,stimulator of CaiD and CaiB enzyme activities,,591.0,0,0,1,0,0,0
36161,+,b0036,carnitinyl-CoA dehydratase,,786.0,0,0,0,1,0,1
37479,+,b0037,putative crotonobetaine%2Fcarnitine-CoA ligase,,1554.0,0,0,0,1,0,1
39939,-,b0039,crotonobetaine reductase subunit II%2C FAD-binding,,1143.0,0,0,1,0,0,0
39952,+,b0039,crotonobetaine reductase subunit II%2C FAD-binding,,1143.0,0,0,0,1,0,1
40935,-,b0040,putative transporter,,1515.0,0,0,1,0,0,0
40941,-,b0040,putative transporter,,1515.0,0,0,1,0,0,0
41748,-,b0040,putative transporter,,1515.0,0,0,1,0,0,0
42510,+,b0041,putative electron transfer flavoprotein subunit%2C required for anaerobic carnitine reduction,,771.0,0,0,1,0,0,0
44059,+,b0043,putative oxidoreductase with FAD%2FNAD%28P%29-binding domain,121.0,1287.0,1,0,0,0,0,0
44061,+,b0043,putative oxidoreductase with FAD%2FNAD%28P%29-binding domain,119.0,1287.0,0,1,0,0,0,0
45860,+,b0045,putative transporter,,1332.0,0,0,1,0,0,0
46052,+,b0045,putative transporter,,1332.0,0,0,1,0,0,0
46141,-,b0045,putative transporter,,1332.0,0,0,0,1,0,1
46988,-,b0045,putative transporter,,1332.0,0,0,0,1,0,1
47181,+,b0046,potassium-efflux system ancillary protein for KefC%2C glutathione-regulated%3B quinone oxidoreductase%2C FMN-dependent,65.0,531.0,0,1,0,0,0,0
47211,+,b0046,potassium-efflux system ancillary protein for KefC%2C glutathione-regulated%3B quinone oxidoreductase%2C FMN-dependent,35.0,531.0,1,0,0,0,0,0
47965,-,b0047,potassium:proton antiporter,,1863.0,0,0,0,1,0,1
49238,-,b0047,potassium:proton antiporter,,1863.0,0,0,0,1,0,1
49788,+,b0048,dihydrofolate reductase,35.0,480.0,1,0,0,0,0,0
50322,+,b0049,diadenosine tetraphosphatase,,843.0,0,0,0,1,0,1
50459,-,b0049,diadenosine tetraphosphatase,,843.0,0,0,1,0,0,0
50477,+,b0049,diadenosine tetraphosphatase,,843.0,0,0,0,1,0,1
50556,-,b0049,diadenosine tetraphosphatase,,843.0,0,0,1,0,0,0
51193,+,b0049,diadenosine tetraphosphatase,,843.0,0,0,0,1,0,1
51949,-,b0051,16S rRNA m%286%29A1518%2C m%286%29A1519 dimethyltransferase%2C SAM-dependent,,822.0,0,0,1,0,0,0
52034,-,b0051,16S rRNA m%286%29A1518%2C m%286%29A1519 dimethyltransferase%2C SAM-dependent,,822.0,0,0,1,0,0,0
52587,-,b0051,16S rRNA m%286%29A1518%2C m%286%29A1519 dimethyltransferase%2C SAM-dependent,157.0,822.0,1,0,0,0,0,0
53090,-,b0052,4-hydroxy-L-threonine phosphate dehydrogenase%2C NAD-dependent,,990.0,0,0,1,0,0,0
53139,+,b0052,4-hydroxy-L-threonine phosphate dehydrogenase%2C NAD-dependent,,990.0,0,0,0,1,0,1
53776,-,b0053,peptidyl-prolyl cis-trans isomerase %28PPIase%29,,1287.0,0,0,1,0,0,0
53824,-,b0053,peptidyl-prolyl cis-trans isomerase %28PPIase%29,,1287.0,0,0,1,0,0,0
53905,+,b0053,peptidyl-prolyl cis-trans isomerase %28PPIase%29,,1287.0,0,0,0,1,0,1
54788,+,b0053,peptidyl-prolyl cis-trans isomerase %28PPIase%29,,1287.0,0,0,0,1,0,1
54995,+,b0054,LPS assembly OM complex LptDE%2C beta-barrel component,,2355.0,0,0,0,1,0,1
55337,+,b0054,LPS assembly OM complex LptDE%2C beta-barrel component,,2355.0,0,0,0,1,0,1
55399,-,b0054,LPS assembly OM complex LptDE%2C beta-barrel component,,2355.0,0,0,1,0,0,0
56380,+,b0054,LPS assembly OM complex LptDE%2C beta-barrel component,,2355.0,0,0,0,1,0,1
56888,+,b0054,LPS assembly OM complex LptDE%2C beta-barrel component,,2355.0,0,0,0,1,0,1
57150,+,b0055,DnaJ-like protein%2C membrane anchored,214.0,816.0,0,1,0,0,0,1
57156,-,b0054,LPS assembly OM complex LptDE%2C beta-barrel component,47.0,2355.0,0,1,0,0,0,0
57197,+,b0055,DnaJ-like protein%2C membrane anchored,167.0,816.0,0,1,0,0,0,1
57203,+,b0055,DnaJ-like protein%2C membrane anchored,161.0,816.0,0,1,0,0,0,1
57241,-,b0054,LPS assembly OM complex LptDE%2C beta-barrel component,132.0,2355.0,1,0,0,0,0,0
57253,-,b0054,LPS assembly OM complex LptDE%2C beta-barrel component,144.0,2355.0,0,1,0,0,0,0
57259,+,b0055,DnaJ-like protein%2C membrane anchored,105.0,816.0,1,0,0,0,0,0
57261,+,b0055,DnaJ-like protein%2C membrane anchored,103.0,816.0,0,1,0,0,0,0
57311,-,b0054,LPS assembly OM complex LptDE%2C beta-barrel component,202.0,2355.0,0,1,0,0,0,1
57492,+,b0055,DnaJ-like protein%2C membrane anchored,,816.0,0,0,1,0,0,0
58482,+,b4659,pseudo,,796.0,0,0,1,0,0,0
58726,-,b4659,pseudo,,796.0,0,0,0,1,0,1
58734,-,b4659,pseudo,,796.0,0,0,0,1,0,1
58744,-,b4659,pseudo,,796.0,0,0,0,1,0,1
58773,+,b4659,pseudo,,796.0,0,0,1,0,0,0
58890,+,b4659,pseudo,,796.0,0,0,1,0,0,0
58933,+,b4659,pseudo,,796.0,0,0,1,0,0,0
59055,+,b4659,pseudo,,796.0,0,0,1,0,0,0
59728,+,b0058,dual specificity 23S rRNA pseudouridine%28746%29%2C tRNA pseudouridine%2832%29 synthase%2C SAM-dependent,,660.0,0,0,0,1,0,1
60268,-,b0058,dual specificity 23S rRNA pseudouridine%28746%29%2C tRNA pseudouridine%2832%29 synthase%2C SAM-dependent,,660.0,0,0,1,0,0,0
61083,-,b0059,RNA polymerase-associated helicase protein %28ATPase and RNA polymerase recycling factor%29,,2907.0,0,0,1,0,0,0
61281,+,b0059,RNA polymerase-associated helicase protein %28ATPase and RNA polymerase recycling factor%29,,2907.0,0,0,0,1,0,1
61897,-,b0059,RNA polymerase-associated helicase protein %28ATPase and RNA polymerase recycling factor%29,,2907.0,0,0,1,0,0,0
62659,+,b0059,RNA polymerase-associated helicase protein %28ATPase and RNA polymerase recycling factor%29,,2907.0,0,0,0,1,0,1
63074,-,b0059,RNA polymerase-associated helicase protein %28ATPase and RNA polymerase recycling factor%29,,2907.0,0,0,1,0,0,0
63181,+,b0059,RNA polymerase-associated helicase protein %28ATPase and RNA polymerase recycling factor%29,,2907.0,0,0,0,1,0,1
63245,-,b0059,RNA polymerase-associated helicase protein %28ATPase and RNA polymerase recycling factor%29,,2907.0,0,0,1,0,0,0
63357,-,b0059,RNA polymerase-associated helicase protein %28ATPase and RNA polymerase recycling factor%29,93.0,2907.0,1,0,0,0,0,0
63450,-,b0059,RNA polymerase-associated helicase protein %28ATPase and RNA polymerase recycling factor%29,186.0,2907.0,0,1,0,0,0,0
63588,-,b0060,DNA polymerase II,,2352.0,0,0,1,0,0,0
64188,+,b0060,DNA polymerase II,,2352.0,0,0,0,1,0,1
64514,-,b0060,DNA polymerase II,,2352.0,0,0,1,0,0,0
64720,-,b0060,DNA polymerase II,,2352.0,0,0,1,0,0,0
64745,+,b0060,DNA polymerase II,,2352.0,0,0,0,1,0,1
65803,-,b0060,DNA polymerase II,23.0,2352.0,0,1,0,0,0,0
65946,-,b0060,DNA polymerase II,166.0,2352.0,1,0,0,0,0,0
66557,+,b0061,L-ribulose-5-phosphate 4-epimerase,,696.0,0,0,0,1,0,1
66588,+,b0061,L-ribulose-5-phosphate 4-epimerase,,696.0,0,0,0,1,0,1
66867,+,b0062,L-arabinose isomerase,,1503.0,0,0,0,1,0,1
67171,+,b0062,L-arabinose isomerase,,1503.0,0,0,0,1,0,1
67616,-,b0062,L-arabinose isomerase,,1503.0,0,0,1,0,0,0
68654,+,b0063,L-ribulokinase,,1701.0,0,0,0,1,0,1
70077,-,b0063,L-ribulokinase,29.0,1701.0,1,0,0,0,0,0
70221,+,b0064,DNA-binding transcriptional dual regulator,166.0,879.0,1,0,0,0,0,0
70387,+,b0064,DNA-binding transcriptional dual regulator,0.0,879.0,0,1,0,0,0,0
70531,+,b0064,DNA-binding transcriptional dual regulator,,879.0,0,0,1,0,0,0
71292,+,b0065,inner membrane protein%2C SNARE_assoc family,59.0,765.0,0,1,0,0,0,0
71329,+,b0065,inner membrane protein%2C SNARE_assoc family,22.0,765.0,1,0,0,0,0,0
71341,-,b0064,DNA-binding transcriptional dual regulator,,879.0,0,0,0,1,0,1
71795,+,b0065,inner membrane protein%2C SNARE_assoc family,,765.0,0,0,1,0,0,0
73803,-,b0067,fused thiamin transporter subunits of ABC superfamily: membrane components,,1611.0,0,0,1,0,0,0
75126,+,b0068,thiamin transporter subunit,,984.0,0,0,0,1,0,1
75608,-,b0068,thiamin transporter subunit,128.0,984.0,1,0,0,0,0,0
75747,-,b0068,thiamin transporter subunit,267.0,984.0,0,1,0,0,0,0
75765,+,b0069,transcriptional DNA-binding transcriptional activator of sgrS sRNA,,1656.0,0,0,0,1,0,1
75969,-,b0069,transcriptional DNA-binding transcriptional activator of sgrS sRNA,,1656.0,0,0,1,0,0,0
77336,-,b0069,transcriptional DNA-binding transcriptional activator of sgrS sRNA,37.0,1656.0,1,0,0,0,0,1
77339,-,b0069,transcriptional DNA-binding transcriptional activator of sgrS sRNA,40.0,1656.0,0,1,0,0,0,1
77367,+,b4577,sRNA antisense regulator destabilzes ptsG mRNA%2C Hfq-dependent%3B regulated by sgrR,0.0,227.0,1,0,0,0,0,1
77403,-,b0069,transcriptional DNA-binding transcriptional activator of sgrS sRNA,104.0,1656.0,0,1,0,0,0,1
77546,+,b0070,broad specificity sugar efflux system,75.0,1179.0,1,0,0,0,0,0
77565,-,b4577,sRNA antisense regulator destabilzes ptsG mRNA%2C Hfq-dependent%3B regulated by sgrR,,227.0,0,0,0,1,0,1
77619,+,b0070,broad specificity sugar efflux system,2.0,1179.0,0,1,0,0,0,0
77910,+,b0070,broad specificity sugar efflux system,,1179.0,0,0,1,0,0,0
77915,+,b0070,broad specificity sugar efflux system,,1179.0,0,0,1,0,0,0
78203,+,b0070,broad specificity sugar efflux system,,1179.0,0,0,1,0,0,0
78269,+,b0070,broad specificity sugar efflux system,,1179.0,0,0,1,0,0,0
78332,+,b0070,broad specificity sugar efflux system,,1179.0,0,0,1,0,0,0
78491,-,b0070,broad specificity sugar efflux system,,1179.0,0,0,0,1,0,1
78612,+,b0070,broad specificity sugar efflux system,,1179.0,0,0,1,0,0,0
79676,-,b0071,3-isopropylmalate dehydratase small subunit,223.0,606.0,1,0,0,0,0,0
80331,+,b0072,3-isopropylmalate dehydratase large subunit,,1401.0,0,0,0,1,0,1
82216,+,b0074,2-isopropylmalate synthase,,1572.0,0,0,0,1,0,1
82467,-,b0074,2-isopropylmalate synthase,,1572.0,0,0,1,0,0,0
82645,+,b0074,2-isopropylmalate synthase,,1572.0,0,0,0,1,0,1
83570,-,b0074,2-isopropylmalate synthase,41.0,1572.0,1,0,0,0,0,0
83735,-,b0075,leu operon leader peptide,27.0,87.0,1,0,0,0,0,0
83894,-,b0075,leu operon leader peptide,186.0,87.0,0,1,0,0,0,0
84155,+,b0076,DNA-binding transcriptional activator,213.0,945.0,1,0,0,0,0,0
84300,+,b0076,DNA-binding transcriptional activator,68.0,945.0,0,1,0,0,0,0
84304,+,b0076,DNA-binding transcriptional activator,64.0,945.0,0,1,0,0,0,0
84808,+,b0076,DNA-binding transcriptional activator,,945.0,0,0,1,0,0,0
84903,-,b0076,DNA-binding transcriptional activator,,945.0,0,0,0,1,0,1
85192,+,b0076,DNA-binding transcriptional activator,,945.0,0,0,1,0,0,0
85537,+,b0077,acetolactate synthase III%2C large subunit,93.0,1725.0,0,1,0,0,0,0
85599,+,b0077,acetolactate synthase III%2C large subunit,31.0,1725.0,1,0,0,0,0,0
85756,+,b0077,acetolactate synthase III%2C large subunit,,1725.0,0,0,1,0,0,0
85946,-,b0077,acetolactate synthase III%2C large subunit,,1725.0,0,0,0,1,0,1
86713,-,b0077,acetolactate synthase III%2C large subunit,,1725.0,0,0,0,1,0,1
87347,-,b0077,acetolactate synthase III%2C large subunit,,1725.0,0,0,0,1,0,1
87733,+,b0080,DNA-binding transcriptional repressor-activator for carbon metabolism,295.0,1005.0,0,1,0,0,0,0
87847,+,b0080,DNA-binding transcriptional repressor-activator for carbon metabolism,181.0,1005.0,1,0,0,0,0,0
87962,-,b0080,DNA-binding transcriptional repressor-activator for carbon metabolism,,1005.0,0,0,0,1,0,1
89361,+,b0081,RsmH methytransferase inhibitor,273.0,459.0,1,0,0,0,0,0
89590,+,b0081,RsmH methytransferase inhibitor,44.0,459.0,0,1,0,0,0,0
90828,-,b0082,16S rRNA m%284%29C1402 methyltransferase%2C SAM-dependent,,942.0,0,0,0,1,0,1
91371,-,b0083,membrane bound cell division protein at septum containing leucine zipper motif,,366.0,0,0,0,1,0,1
91542,-,b0084,transpeptidase involved in septal peptidoglycan synthesis %28penicillin-binding protein 3%29,,1767.0,0,0,0,1,0,1
92250,-,b0084,transpeptidase involved in septal peptidoglycan synthesis %28penicillin-binding protein 3%29,,1767.0,0,0,0,1,0,1
92677,-,b0084,transpeptidase involved in septal peptidoglycan synthesis %28penicillin-binding protein 3%29,,1767.0,0,0,0,1,0,1
94564,-,b0085,UDP-N-acetylmuramoyl-L-alanyl-D-glutamate:meso-diaminopimelate ligase,,1488.0,0,0,0,1,0,1
95826,-,b0086,UDP-N-acetylmuramoyl-tripeptide:D-alanyl-D-alanine ligase,,1359.0,0,0,0,1,0,1
97215,-,b0088,UDP-N-acetylmuramoyl-L-alanine:D-glutamate ligase,,1317.0,0,0,0,1,0,1
97663,-,b0088,UDP-N-acetylmuramoyl-L-alanine:D-glutamate ligase,,1317.0,0,0,0,1,0,1
98594,+,b0089,lipid II flippase%3B integral membrane protein involved in stabilizing FstZ ring during cell division,,1245.0,0,0,1,0,0,0
99370,+,b0090,N-acetylglucosaminyl transferase,274.0,1068.0,1,0,0,0,0,0
99588,-,b0089,lipid II flippase%3B integral membrane protein involved in stabilizing FstZ ring during cell division,,1245.0,0,0,0,1,0,1
100883,-,b0091,UDP-N-acetylmuramate:L-alanine ligase,,1476.0,0,0,0,1,0,1
102454,+,b0092,D-alanine:D-alanine ligase,,921.0,0,0,1,0,0,0
102533,+,b0092,D-alanine:D-alanine ligase,,921.0,0,0,1,0,0,0
102693,-,b0092,D-alanine:D-alanine ligase,,921.0,0,0,0,1,0,1
102743,+,b0092,D-alanine:D-alanine ligase,,921.0,0,0,1,0,0,0
102872,+,b0093,divisome assembly protein%2C membrane anchored protein involved in growth of wall at septum,283.0,831.0,1,0,0,0,0,0
103764,-,b0093,divisome assembly protein%2C membrane anchored protein involved in growth of wall at septum,,831.0,0,0,0,1,0,1
104537,+,b0094,ATP-binding cell division protein involved in recruitment of FtsK to Z ring,,1263.0,0,0,1,0,0,0
105047,+,b0095,GTP-binding tubulin-like cell division protein,258.0,1152.0,1,0,0,0,0,0
105143,-,b0094,ATP-binding cell division protein involved in recruitment of FtsK to Z ring,,1263.0,0,0,0,1,0,1
106502,+,b0096,UDP-3-O-acyl N-acetylglucosamine deacetylase,55.0,918.0,1,0,0,0,0,0
106757,-,b0096,UDP-3-O-acyl N-acetylglucosamine deacetylase,,918.0,0,0,0,1,0,1
107475,-,b0096,UDP-3-O-acyl N-acetylglucosamine deacetylase,,918.0,0,0,0,1,0,1
107645,-,b0097,regulator of secA translation,,513.0,0,0,0,1,0,1
107668,+,b0097,regulator of secA translation,37.0,513.0,1,0,0,0,0,0
107945,-,b0097,regulator of secA translation,,513.0,0,0,0,1,0,1
108116,-,b0097,regulator of secA translation,,513.0,0,0,0,1,0,1
108125,-,b0097,regulator of secA translation,,513.0,0,0,0,1,0,1
108213,-,b0097,regulator of secA translation,,513.0,0,0,0,1,0,1
108263,-,b0097,regulator of secA translation,,513.0,0,0,0,1,0,1
109010,+,b0098,preprotein translocase subunit%2C ATPase,,2706.0,0,0,1,0,0,0
110105,+,b0098,preprotein translocase subunit%2C ATPase,,2706.0,0,0,1,0,0,0
110229,+,b0098,preprotein translocase subunit%2C ATPase,,2706.0,0,0,1,0,0,0
110345,-,b0098,preprotein translocase subunit%2C ATPase,,2706.0,0,0,0,1,0,1
110745,+,b0099,nucleoside triphosphate pyrophosphohydrolase%2C marked preference for dGTP,299.0,390.0,1,0,0,0,0,0
111148,+,b0099,nucleoside triphosphate pyrophosphohydrolase%2C marked preference for dGTP,,390.0,0,0,1,0,0,0
111293,+,b0099,nucleoside triphosphate pyrophosphohydrolase%2C marked preference for dGTP,,390.0,0,0,1,0,0,0
111828,-,b0101,DNA gyrase inhibitor,,198.0,0,0,1,0,0,0
112688,-,b0102,FtsZ stabilizer,89.0,744.0,1,0,0,0,0,0
113322,-,b0103,dephospho-CoA kinase,103.0,621.0,1,0,0,0,0,0
113394,+,b0104,GMP reductase,50.0,1044.0,1,0,0,0,0,0
113801,-,b0104,GMP reductase,,1044.0,0,0,0,1,0,1
113975,+,b0104,GMP reductase,,1044.0,0,0,1,0,0,0
114576,-,b0106,assembly protein in type IV pilin biogenesis%2C transmembrane protein,,1203.0,0,0,1,0,0,1
115647,+,b0106,assembly protein in type IV pilin biogenesis%2C transmembrane protein,,1203.0,0,0,0,1,0,1
116075,-,b0107,conserved protein with nucleoside triphosphate hydrolase domain,,1386.0,0,0,1,0,0,0
116380,+,b0107,conserved protein with nucleoside triphosphate hydrolase domain,,1386.0,0,0,0,1,0,1
116545,-,b0107,conserved protein with nucleoside triphosphate hydrolase domain,,1386.0,0,0,1,0,0,0
116596,+,b0107,conserved protein with nucleoside triphosphate hydrolase domain,,1386.0,0,0,0,1,0,1
117051,-,b0107,conserved protein with nucleoside triphosphate hydrolase domain,,1386.0,0,0,1,0,0,0
117787,-,b0108,putative major pilin subunit,238.0,441.0,1,0,0,0,0,0
118526,+,b0110,1%2C6-anhydro-N-acetylmuramyl-L-alanine amidase%2C Zn-dependent%3B murein amidase,207.0,552.0,0,1,0,0,0,1
118679,-,b0109,quinolinate phosphoribosyltransferase,34.0,894.0,1,0,0,0,0,1
118701,+,b0110,1%2C6-anhydro-N-acetylmuramyl-L-alanine amidase%2C Zn-dependent%3B murein amidase,32.0,552.0,0,1,0,0,0,1
118703,+,b0110,1%2C6-anhydro-N-acetylmuramyl-L-alanine amidase%2C Zn-dependent%3B murein amidase,30.0,552.0,1,0,0,0,0,1
118990,+,b0111,putative inner membrane protein,291.0,855.0,1,0,0,0,0,0
120543,-,b0112,aromatic amino acid transporter,,1374.0,0,0,1,0,0,0
120697,-,b0112,aromatic amino acid transporter,,1374.0,0,0,1,0,0,0
121068,-,b0112,aromatic amino acid transporter,,1374.0,0,0,1,0,0,0
121676,-,b0112,aromatic amino acid transporter,125.0,1374.0,1,0,0,0,0,0
121680,-,b0112,aromatic amino acid transporter,129.0,1374.0,0,1,0,0,0,0
121790,-,b0112,aromatic amino acid transporter,239.0,1374.0,0,1,0,0,0,0
121802,+,b0113,DNA-binding transcriptional dual regulator,290.0,765.0,0,1,0,0,0,0
122025,+,b0113,DNA-binding transcriptional dual regulator,67.0,765.0,0,1,0,0,0,0
122034,+,b0113,DNA-binding transcriptional dual regulator,58.0,765.0,1,0,0,0,0,0
122373,-,b0113,DNA-binding transcriptional dual regulator,,765.0,0,0,0,1,0,1
122612,+,b0113,DNA-binding transcriptional dual regulator,,765.0,0,0,1,0,0,0
123955,+,b0114,pyruvate dehydrogenase%2C decarboxylase component E1%2C thiamin-binding,,2664.0,0,0,1,0,0,0
125650,-,b0114,pyruvate dehydrogenase%2C decarboxylase component E1%2C thiamin-binding,,2664.0,0,0,0,1,0,1
126733,+,b0115,pyruvate dehydrogenase%2C dihydrolipoyltransacetylase component E2,,1893.0,0,0,1,0,0,0
126951,-,b0115,pyruvate dehydrogenase%2C dihydrolipoyltransacetylase component E2,,1893.0,0,0,0,1,0,1
127420,+,b0115,pyruvate dehydrogenase%2C dihydrolipoyltransacetylase component E2,,1893.0,0,0,1,0,0,0
127637,+,b0116,lipoamide dehydrogenase%2C E3 component is part of three enzyme complexes,275.0,1425.0,1,0,0,0,0,0
127887,-,b0116,lipoamide dehydrogenase%2C E3 component is part of three enzyme complexes,,1425.0,0,0,0,1,0,1
129500,+,b0117,hypothetical protein,,1854.0,0,0,0,1,0,1
130153,-,b0117,hypothetical protein,,1854.0,0,0,1,0,0,0
130184,-,b0117,hypothetical protein,,1854.0,0,0,1,0,0,0
130200,+,b0117,hypothetical protein,,1854.0,0,0,0,1,0,1
130512,-,b0117,hypothetical protein,,1854.0,0,0,1,0,0,0
130908,-,b0117,hypothetical protein,,1854.0,0,0,1,0,0,0
130935,+,b0117,hypothetical protein,,1854.0,0,0,0,1,0,1
131419,-,b0117,hypothetical protein,159.0,1854.0,1,0,0,0,0,0
131520,+,b0118,bifunctional aconitate hydratase 2%2F2-methylisocitrate dehydratase,95.0,2598.0,1,0,0,0,0,0
131954,+,b0118,bifunctional aconitate hydratase 2%2F2-methylisocitrate dehydratase,,2598.0,0,0,1,0,0,0
133469,-,b0118,bifunctional aconitate hydratase 2%2F2-methylisocitrate dehydratase,,2598.0,0,0,0,1,0,1
134147,+,b0119,hypothetical protein,241.0,363.0,0,1,0,0,0,0
134339,+,b0119,hypothetical protein,49.0,363.0,1,0,0,0,0,0
135053,+,b0120,S-adenosylmethionine decarboxylase,,795.0,0,0,0,1,0,1
135402,+,b0120,S-adenosylmethionine decarboxylase,,795.0,0,0,0,1,0,1
135547,-,b0120,S-adenosylmethionine decarboxylase,,795.0,0,0,1,0,0,0
136266,-,b0121,spermidine synthase %28putrescine aminopropyltransferase%29,,867.0,0,0,1,0,0,0
136377,-,b0121,spermidine synthase %28putrescine aminopropyltransferase%29,,867.0,0,0,1,0,0,0
136472,-,b0121,spermidine synthase %28putrescine aminopropyltransferase%29,8.0,867.0,0,1,0,0,0,0
136504,-,b0121,spermidine synthase %28putrescine aminopropyltransferase%29,40.0,867.0,1,0,0,0,0,0
136940,-,b0122,conserved protein%2C PulS_OutS family,23.0,348.0,1,0,0,0,0,0
137043,+,b0123,multicopper oxidase %28laccase%29,40.0,1551.0,1,0,0,0,0,0
138174,+,b0123,multicopper oxidase %28laccase%29,,1551.0,0,0,1,0,0,0
138550,+,b0123,multicopper oxidase %28laccase%29,,1551.0,0,0,1,0,0,0
138864,-,b0124,glucose dehydrogenase,,2391.0,0,0,1,0,0,0
139774,+,b0124,glucose dehydrogenase,,2391.0,0,0,0,1,0,1
140216,+,b0124,glucose dehydrogenase,,2391.0,0,0,0,1,0,1
140640,-,b0124,glucose dehydrogenase,,2391.0,0,0,1,0,0,0
141230,-,b0124,glucose dehydrogenase,5.0,2391.0,1,0,0,0,0,0
141263,-,b0124,glucose dehydrogenase,38.0,2391.0,0,1,0,0,0,0
141354,+,b0125,hypoxanthine phosphoribosyltransferase,77.0,537.0,0,1,0,0,0,0
141360,+,b0125,hypoxanthine phosphoribosyltransferase,71.0,537.0,1,0,0,0,0,0
141650,+,b0125,hypoxanthine phosphoribosyltransferase,,537.0,0,0,1,0,0,0
141864,+,b0125,hypoxanthine phosphoribosyltransferase,,537.0,0,0,1,0,0,0
142292,+,b0126,carbonic anhydrase,,663.0,0,0,0,1,0,1
142434,+,b0126,carbonic anhydrase,,663.0,0,0,0,1,0,1
142669,+,b0127,putative transporter subunit: ATP-binding component of ABC superfamily,110.0,927.0,1,0,0,0,0,1
142766,-,b0126,carbonic anhydrase,96.0,663.0,1,0,0,0,0,1
143393,-,b0127,putative transporter subunit: ATP-binding component of ABC superfamily,,927.0,0,0,0,1,0,1
143436,+,b0128,putative transporter subunit: membrane component of ABC superfamily,266.0,771.0,1,0,0,0,0,0
143831,+,b0128,putative transporter subunit: membrane component of ABC superfamily,,771.0,0,0,1,0,0,0
143983,+,b0128,putative transporter subunit: membrane component of ABC superfamily,,771.0,0,0,1,0,0,0
144340,+,b0129,putative PTS Enzyme IIA,237.0,441.0,0,1,0,0,0,0
144535,-,b0128,putative transporter subunit: membrane component of ABC superfamily,,771.0,0,0,0,1,0,1
144560,+,b0129,putative PTS Enzyme IIA,17.0,441.0,1,0,0,0,0,0
144800,-,b0129,putative PTS Enzyme IIA,,441.0,0,0,0,1,0,1
145055,+,b0130,putative polysaccharide deacetylase lipoprotein,26.0,1230.0,1,0,0,0,0,0
145110,+,b0130,putative polysaccharide deacetylase lipoprotein,,1230.0,0,0,1,0,0,0
145610,+,b0130,putative polysaccharide deacetylase lipoprotein,,1230.0,0,0,1,0,0,0
146122,+,b0130,putative polysaccharide deacetylase lipoprotein,,1230.0,0,0,1,0,0,0
146793,+,b0132,putative transposase,175.0,903.0,1,0,0,0,0,1
147116,+,b0132,putative transposase,,903.0,0,0,1,0,0,0
147332,+,b0132,putative transposase,,903.0,0,0,1,0,0,0
147545,+,b0132,putative transposase,,903.0,0,0,1,0,0,0
147583,+,b0132,putative transposase,,903.0,0,0,1,0,0,0
147871,+,b0133,pantothenate synthetase,,852.0,0,0,0,1,0,1
147880,+,b0133,pantothenate synthetase,,852.0,0,0,0,1,0,1
149626,+,b0134,3-methyl-2-oxobutanoate hydroxymethyltransferase,,795.0,0,0,0,1,0,1
149630,-,b0134,3-methyl-2-oxobutanoate hydroxymethyltransferase,29.0,795.0,1,0,0,0,0,0
150376,+,b0135,putative fimbrial-like adhesin protein,,1239.0,0,0,0,1,0,1
150401,-,b0135,putative fimbrial-like adhesin protein,,1239.0,0,0,1,0,0,0
150548,+,b0135,putative fimbrial-like adhesin protein,,1239.0,0,0,0,1,0,1
150689,-,b0135,putative fimbrial-like adhesin protein,,1239.0,0,0,1,0,0,0
151806,+,b0137,putative fimbrial-like adhesin protein,,606.0,0,0,0,1,0,1
151930,-,b0137,putative fimbrial-like adhesin protein,,606.0,0,0,1,0,0,0
152097,-,b0137,putative fimbrial-like adhesin protein,,606.0,0,0,1,0,0,0
152495,+,b0138,putative fimbrial-like adhesin protein,,570.0,0,0,0,1,0,1
153051,-,b0138,putative fimbrial-like adhesin protein,239.0,570.0,1,0,0,0,0,0
153214,-,b0139,putative outer membrane usher protein,,2598.0,0,0,1,0,0,0
153909,+,b0139,putative outer membrane usher protein,,2598.0,0,0,0,1,0,1
154419,-,b0139,putative outer membrane usher protein,,2598.0,0,0,1,0,0,0
154859,-,b0139,putative outer membrane usher protein,,2598.0,0,0,1,0,0,0
155090,-,b0139,putative outer membrane usher protein,,2598.0,0,0,1,0,0,0
155199,+,b0139,putative outer membrane usher protein,,2598.0,0,0,0,1,0,1
155276,-,b0139,putative outer membrane usher protein,,2598.0,0,0,1,0,0,0
155288,-,b0139,putative outer membrane usher protein,,2598.0,0,0,1,0,0,0
155401,-,b0139,putative outer membrane usher protein,,2598.0,0,0,1,0,0,0
155414,+,b0139,putative outer membrane usher protein,,2598.0,0,0,0,1,0,1
156107,+,b0140,putative periplasmic pilin chaperone,,741.0,0,0,0,1,0,1
156215,-,b0140,putative periplasmic pilin chaperone,14.0,741.0,0,1,0,0,0,0
156424,-,b0140,putative periplasmic pilin chaperone,223.0,741.0,1,0,0,0,0,0
157309,-,b0142,2-amino-4-hydroxy-6-hydroxymethyldihyropteridine pyrophosphokinase,,480.0,0,0,1,0,0,0
157639,+,b0142,2-amino-4-hydroxy-6-hydroxymethyldihyropteridine pyrophosphokinase,,480.0,0,0,0,1,0,1
158624,+,b0143,poly%28A%29 polymerase,,1398.0,0,0,0,1,0,1
159009,+,b0143,poly%28A%29 polymerase,,1398.0,0,0,0,1,0,1
159172,-,b0143,poly%28A%29 polymerase,46.0,1398.0,1,0,0,0,0,0
159229,+,b0144,glutamyl-Q tRNA%28Asp%29 synthetase,,927.0,0,0,0,1,0,1
159390,-,b0143,poly%28A%29 polymerase,264.0,1398.0,0,1,0,0,0,0
159611,+,b0144,glutamyl-Q tRNA%28Asp%29 synthetase,,927.0,0,0,0,1,0,1
160055,-,b0144,glutamyl-Q tRNA%28Asp%29 synthetase,,927.0,0,0,1,0,0,0
160657,-,b0145,DNA-binding transcriptional regulator of rRNA transcription%2C DnaK suppressor protein,53.0,456.0,1,0,0,0,0,0
160694,-,b0145,DNA-binding transcriptional regulator of rRNA transcription%2C DnaK suppressor protein,90.0,456.0,0,1,0,0,0,0
161058,-,b0146,putative DNA-binding transcriptional regulator,,705.0,0,0,1,0,0,0
161142,-,b0146,putative DNA-binding transcriptional regulator,,705.0,0,0,1,0,0,0
161199,-,b0146,putative DNA-binding transcriptional regulator,,705.0,0,0,1,0,0,0
161377,-,b0146,putative DNA-binding transcriptional regulator,,705.0,0,0,1,0,0,0
161665,+,b0147,2%27-5%27 RNA ligase,,531.0,0,0,0,1,0,1
162053,-,b0147,2%27-5%27 RNA ligase,22.0,531.0,1,0,0,0,0,1
162075,+,b0148,putative ATP-dependent helicase,30.0,2430.0,1,0,0,0,0,1
162929,-,b0148,putative ATP-dependent helicase,,2430.0,0,0,0,1,0,1
164015,+,b0148,putative ATP-dependent helicase,,2430.0,0,0,1,0,0,0
164235,+,b0148,putative ATP-dependent helicase,,2430.0,0,0,1,0,0,0
164551,+,b0149,fused glycosyl transferase and transpeptidase,179.0,2535.0,1,0,0,0,0,0
164627,-,b0148,putative ATP-dependent helicase,,2430.0,0,0,0,1,0,1
166523,+,b0149,fused glycosyl transferase and transpeptidase,,2535.0,0,0,1,0,0,0
168257,-,b0150,ferrichrome outer membrane transporter,,2244.0,0,0,0,1,0,1
168557,-,b0150,ferrichrome outer membrane transporter,,2244.0,0,0,0,1,0,1
168924,+,b0150,ferrichrome outer membrane transporter,,2244.0,0,0,1,0,0,0
168998,-,b0150,ferrichrome outer membrane transporter,,2244.0,0,0,0,1,0,1
168999,+,b0150,ferrichrome outer membrane transporter,,2244.0,0,0,1,0,0,0
169109,-,b0150,ferrichrome outer membrane transporter,,2244.0,0,0,0,1,0,1
169116,+,b0150,ferrichrome outer membrane transporter,,2244.0,0,0,1,0,0,0
169124,+,b0150,ferrichrome outer membrane transporter,,2244.0,0,0,1,0,0,0
169506,+,b0151,iron-hydroxamate transporter subunit,272.0,798.0,0,1,0,0,0,0
169546,+,b0151,iron-hydroxamate transporter subunit,232.0,798.0,1,0,0,0,0,0
169815,-,b0150,ferrichrome outer membrane transporter,,2244.0,0,0,0,1,0,1
170500,-,b0151,iron-hydroxamate transporter subunit,,798.0,0,0,0,1,0,1
172890,-,b0153,fused iron-hydroxamate transporter subunits of ABC superfamily: membrane components,,1983.0,0,0,0,1,0,1
173246,+,b0153,fused iron-hydroxamate transporter subunits of ABC superfamily: membrane components,,1983.0,0,0,1,0,0,0
173356,-,b0153,fused iron-hydroxamate transporter subunits of ABC superfamily: membrane components,,1983.0,0,0,0,1,0,1
174330,-,b0154,glutamate-1-semialdehyde aminotransferase %28aminomutase%29,,1281.0,0,0,1,0,0,0
174370,+,b0154,glutamate-1-semialdehyde aminotransferase %28aminomutase%29,,1281.0,0,0,0,1,0,1
174919,-,b0154,glutamate-1-semialdehyde aminotransferase %28aminomutase%29,37.0,1281.0,1,0,0,0,0,0
174933,+,b0155,H%28%2B%29%2FCl%28-%29 exchange transporter,174.0,1422.0,1,0,0,0,0,1
174990,-,b0154,glutamate-1-semialdehyde aminotransferase %28aminomutase%29,108.0,1281.0,0,1,0,0,0,0
174992,-,b0154,glutamate-1-semialdehyde aminotransferase %28aminomutase%29,110.0,1281.0,0,1,0,0,0,0
175012,+,b0155,H%28%2B%29%2FCl%28-%29 exchange transporter,95.0,1422.0,0,1,0,0,0,0
175796,+,b0155,H%28%2B%29%2FCl%28-%29 exchange transporter,,1422.0,0,0,1,0,0,0
175897,+,b0155,H%28%2B%29%2FCl%28-%29 exchange transporter,,1422.0,0,0,1,0,0,0
176450,+,b0156,iron-sulfur cluster insertion protein,160.0,345.0,0,1,0,0,0,0
176558,+,b0156,iron-sulfur cluster insertion protein,52.0,345.0,0,1,0,0,0,0
176561,+,b0156,iron-sulfur cluster insertion protein,49.0,345.0,1,0,0,0,0,0
176856,-,b0156,iron-sulfur cluster insertion protein,,345.0,0,0,0,1,0,1
177150,-,b0157,inner membrane protein%2C UPF0126 family,,624.0,0,0,1,0,0,0
177700,-,b0157,inner membrane protein%2C UPF0126 family,76.0,624.0,1,0,0,0,0,0
178550,+,b0158,vitamin B12 transporter subunit: periplasmic-binding component of ABC superfamily,,801.0,0,0,0,1,0,1
178595,-,b0158,vitamin B12 transporter subunit: periplasmic-binding component of ABC superfamily,133.0,801.0,1,0,0,0,0,0
178932,-,b0159,5%27-methylthioadenosine%2FS-adenosylhomocysteine nucleosidase,,699.0,0,0,1,0,0,0
179198,+,b0160,deoxyguanosine triphosphate triphosphohydrolase,39.0,1518.0,1,0,0,0,0,1
179514,-,b0160,deoxyguanosine triphosphate triphosphohydrolase,,1518.0,0,0,0,1,0,1
179598,+,b0160,deoxyguanosine triphosphate triphosphohydrolase,,1518.0,0,0,1,0,0,0
180283,+,b0160,deoxyguanosine triphosphate triphosphohydrolase,,1518.0,0,0,1,0,0,0
180844,+,b0161,serine endoprotease %28protease Do%29%2C membrane-associated,40.0,1425.0,1,0,0,0,0,0
181048,-,b0161,serine endoprotease %28protease Do%29%2C membrane-associated,,1425.0,0,0,0,1,0,1
182240,+,b0162,DNA-binding transcriptional regulator for gar and gud operons%3B carbohydrate diacid regulator,223.0,1158.0,0,1,0,0,0,0
182447,+,b0162,DNA-binding transcriptional regulator for gar and gud operons%3B carbohydrate diacid regulator,16.0,1158.0,1,0,0,0,0,0
182508,+,b0162,DNA-binding transcriptional regulator for gar and gud operons%3B carbohydrate diacid regulator,,1158.0,0,0,1,0,0,0
182558,-,b0162,DNA-binding transcriptional regulator for gar and gud operons%3B carbohydrate diacid regulator,,1158.0,0,0,0,1,0,1
182635,+,b0162,DNA-binding transcriptional regulator for gar and gud operons%3B carbohydrate diacid regulator,,1158.0,0,0,1,0,0,0
182889,-,b0162,DNA-binding transcriptional regulator for gar and gud operons%3B carbohydrate diacid regulator,,1158.0,0,0,0,1,0,1
183426,+,b0162,DNA-binding transcriptional regulator for gar and gud operons%3B carbohydrate diacid regulator,,1158.0,0,0,1,0,0,0
183852,-,b0163,conserved protein%2C UPF0325 family,,387.0,0,0,1,0,0,0
184018,+,b0163,conserved protein%2C UPF0325 family,,387.0,0,0,0,1,0,1
184023,+,b0163,conserved protein%2C UPF0325 family,,387.0,0,0,0,1,0,1
184193,-,b0163,conserved protein%2C UPF0325 family,98.0,387.0,1,0,0,0,0,0
184257,+,b0164,phosphodiesterase with model substrate bis-pNPP,,813.0,0,0,0,1,0,1
184883,-,b0164,phosphodiesterase with model substrate bis-pNPP,,813.0,0,0,1,0,0,0
184990,-,b0164,phosphodiesterase with model substrate bis-pNPP,,813.0,0,0,1,0,0,0
185963,+,b0166,2%2C3%2C4%2C5-tetrahydropyridine-2-carboxylate N-succinyltransferase,,825.0,0,0,0,1,0,1
185976,-,b0166,2%2C3%2C4%2C5-tetrahydropyridine-2-carboxylate N-succinyltransferase,29.0,825.0,1,0,0,0,0,0
187246,+,b0167,uridylyltransferase,,2673.0,0,0,0,1,0,1
187737,-,b0167,uridylyltransferase,,2673.0,0,0,1,0,0,0
188330,+,b0167,uridylyltransferase,,2673.0,0,0,0,1,0,1
188666,-,b0167,uridylyltransferase,16.0,2673.0,0,1,0,0,0,0
188681,+,b0167,uridylyltransferase,,2673.0,0,0,0,1,0,1
188783,-,b0167,uridylyltransferase,133.0,2673.0,1,0,0,0,0,0
188810,+,b0168,methionine aminopeptidase,,795.0,0,0,0,1,0,1
188941,-,b0167,uridylyltransferase,291.0,2673.0,0,1,0,0,0,0
189548,+,b4414,novel sRNA%2C function unknown,164.0,136.0,0,1,0,0,0,1
189553,-,b0168,methionine aminopeptidase,47.0,795.0,1,0,0,0,0,0
189621,-,b0168,methionine aminopeptidase,115.0,795.0,0,1,0,0,0,1
189640,+,b4414,novel sRNA%2C function unknown,72.0,136.0,1,0,0,0,0,0
189713,+,b0169,30S ribosomal subunit protein S2,161.0,726.0,1,0,0,0,0,0
189756,-,b0168,methionine aminopeptidase,250.0,795.0,0,1,0,0,0,1
189843,-,b4414,novel sRNA%2C function unknown,,136.0,0,0,0,1,0,1
190613,-,b0169,30S ribosomal subunit protein S2,,726.0,0,0,0,1,0,1
191250,+,b0170,protein chain elongation factor EF-Ts,,852.0,0,0,1,0,0,0
191428,-,b0170,protein chain elongation factor EF-Ts,,852.0,0,0,0,1,0,1
191723,+,b0171,uridylate kinase,132.0,726.0,1,0,0,0,0,0
191794,-,b0170,protein chain elongation factor EF-Ts,,852.0,0,0,0,1,0,1
191808,-,b0170,protein chain elongation factor EF-Ts,,852.0,0,0,0,1,0,1
191944,-,b0171,uridylate kinase,,726.0,0,0,0,1,0,1
192313,-,b0171,uridylate kinase,,726.0,0,0,0,1,0,1
192481,-,b0171,uridylate kinase,,726.0,0,0,0,1,0,1
192617,+,b0172,ribosome recycling factor,255.0,558.0,1,0,0,0,0,0
192796,-,b0172,ribosome recycling factor,,558.0,0,0,0,1,0,1
192797,+,b0172,ribosome recycling factor,75.0,558.0,0,1,0,0,0,0
192814,+,b0172,ribosome recycling factor,58.0,558.0,0,1,0,0,0,0
193715,-,b0173,1-deoxy-D-xylulose 5-phosphate reductoisomerase,,1197.0,0,0,0,1,0,1
193970,-,b0173,1-deoxy-D-xylulose 5-phosphate reductoisomerase,,1197.0,0,0,0,1,0,1
193987,-,b0173,1-deoxy-D-xylulose 5-phosphate reductoisomerase,,1197.0,0,0,0,1,0,1
194432,+,b0173,1-deoxy-D-xylulose 5-phosphate reductoisomerase,,1197.0,0,0,1,0,0,0
194466,+,b0173,1-deoxy-D-xylulose 5-phosphate reductoisomerase,,1197.0,0,0,1,0,0,0
194669,+,b0174,undecaprenyl pyrophosphate synthase,234.0,762.0,0,1,0,0,0,0
194764,+,b0174,undecaprenyl pyrophosphate synthase,139.0,762.0,0,1,0,0,0,0
194784,+,b0174,undecaprenyl pyrophosphate synthase,119.0,762.0,1,0,0,0,0,0
194884,+,b0174,undecaprenyl pyrophosphate synthase,19.0,762.0,0,1,0,0,0,0
194965,-,b0174,undecaprenyl pyrophosphate synthase,,762.0,0,0,0,1,0,1
195054,+,b0174,undecaprenyl pyrophosphate synthase,,762.0,0,0,1,0,0,0
195239,+,b0174,undecaprenyl pyrophosphate synthase,,762.0,0,0,1,0,0,0
195803,-,b0175,CDP-diglyceride synthase,,858.0,0,0,0,1,0,1
196159,+,b0175,CDP-diglyceride synthase,,858.0,0,0,1,0,0,0
196806,-,b0176,inner membrane zinc RIP metalloprotease%3B RpoE activator%2C by degrading RseA%3B cleaved signal peptide endoprotease,,1353.0,0,0,0,1,0,1
196917,+,b0176,inner membrane zinc RIP metalloprotease%3B RpoE activator%2C by degrading RseA%3B cleaved signal peptide endoprotease,,1353.0,0,0,1,0,0,0
197219,-,b0176,inner membrane zinc RIP metalloprotease%3B RpoE activator%2C by degrading RseA%3B cleaved signal peptide endoprotease,,1353.0,0,0,0,1,0,1
197299,+,b0176,inner membrane zinc RIP metalloprotease%3B RpoE activator%2C by degrading RseA%3B cleaved signal peptide endoprotease,,1353.0,0,0,1,0,0,0
197730,+,b0177,outer membrane protein assembly factor%2C forms pores%3B required for OM biogenesis%3B in BamABCDE OM protein complex,198.0,2433.0,1,0,0,0,0,0
198356,-,b0177,outer membrane protein assembly factor%2C forms pores%3B required for OM biogenesis%3B in BamABCDE OM protein complex,,2433.0,0,0,0,1,0,1
198990,-,b0177,outer membrane protein assembly factor%2C forms pores%3B required for OM biogenesis%3B in BamABCDE OM protein complex,,2433.0,0,0,0,1,0,1
199299,+,b0177,outer membrane protein assembly factor%2C forms pores%3B required for OM biogenesis%3B in BamABCDE OM protein complex,,2433.0,0,0,1,0,0,0
200105,-,b0177,outer membrane protein assembly factor%2C forms pores%3B required for OM biogenesis%3B in BamABCDE OM protein complex,,2433.0,0,0,0,1,0,1
200328,-,b0177,outer membrane protein assembly factor%2C forms pores%3B required for OM biogenesis%3B in BamABCDE OM protein complex,,2433.0,0,0,0,1,0,1
200399,+,b0178,periplasmic chaperone,83.0,486.0,1,0,0,0,0,0
200691,+,b0179,UDP-3-O-%283-hydroxymyristoyl%29-glucosamine N-acyltransferase,280.0,1026.0,1,0,0,0,0,0
200884,+,b0179,UDP-3-O-%283-hydroxymyristoyl%29-glucosamine N-acyltransferase,87.0,1026.0,0,1,0,0,0,0
201376,+,b0179,UDP-3-O-%283-hydroxymyristoyl%29-glucosamine N-acyltransferase,,1026.0,0,0,1,0,0,0
201484,+,b0179,UDP-3-O-%283-hydroxymyristoyl%29-glucosamine N-acyltransferase,,1026.0,0,0,1,0,0,0
201715,+,b0179,UDP-3-O-%283-hydroxymyristoyl%29-glucosamine N-acyltransferase,,1026.0,0,0,1,0,0,0
202073,+,b0180,%283R%29-hydroxymyristol acyl carrier protein dehydratase,28.0,456.0,1,0,0,0,0,0
202130,-,b0180,%283R%29-hydroxymyristol acyl carrier protein dehydratase,,456.0,0,0,0,1,0,1
202676,-,b0181,UDP-N-acetylglucosamine acetyltransferase,,789.0,0,0,0,1,0,1
203220,-,b0181,UDP-N-acetylglucosamine acetyltransferase,,789.0,0,0,0,1,0,1
203659,-,b0182,tetraacyldisaccharide-1-P synthase,,1149.0,0,0,0,1,0,1
203839,-,b0182,tetraacyldisaccharide-1-P synthase,,1149.0,0,0,0,1,0,1
206807,-,b0184,DNA polymerase III alpha subunit,,3483.0,0,0,0,1,0,1
206911,+,b0184,DNA polymerase III alpha subunit,,3483.0,0,0,1,0,0,0
207426,+,b0184,DNA polymerase III alpha subunit,,3483.0,0,0,1,0,0,0
207634,+,b0184,DNA polymerase III alpha subunit,,3483.0,0,0,1,0,0,0
208276,+,b0184,DNA polymerase III alpha subunit,,3483.0,0,0,1,0,0,0
208326,+,b0185,acetyl-CoA carboxylase%2C carboxytransferase%2C alpha subunit,295.0,960.0,1,0,0,0,0,0
208711,-,b0185,acetyl-CoA carboxylase%2C carboxytransferase%2C alpha subunit,,960.0,0,0,0,1,0,1
209626,+,b0186,lysine decarboxylase 2%2C constitutive,53.0,2142.0,1,0,0,0,0,0
210044,-,b0186,lysine decarboxylase 2%2C constitutive,,2142.0,0,0,0,1,0,1
210068,+,b0186,lysine decarboxylase 2%2C constitutive,,2142.0,0,0,1,0,0,0
211376,-,b0186,lysine decarboxylase 2%2C constitutive,,2142.0,0,0,0,1,0,1
211618,+,b0187,putative lyase,259.0,390.0,1,0,0,0,0,0
211967,+,b0187,putative lyase,,390.0,0,0,1,0,0,0
211973,-,b0187,putative lyase,,390.0,0,0,0,1,0,1
213611,+,b0188,tRNA%28Ile%29-lysidine synthetase,,1299.0,0,0,1,0,0,1
213903,+,b0189,modulator of Rho-dependent transcription termination,,255.0,0,0,0,1,0,1
214196,+,b0190,hypothetical protein,95.0,546.0,0,1,0,0,0,1
214197,-,b4406,hypothetical protein,72.0,201.0,1,0,0,0,0,1
214269,+,b0190,hypothetical protein,22.0,546.0,1,0,0,0,0,0
214603,-,b0190,hypothetical protein,,546.0,0,0,0,1,0,1
214621,+,b0191,alternative stalled-ribosome rescue factor B%3B peptidyl-tRNA hydrolase%2C ribosome-attached,212.0,423.0,1,0,0,0,0,0
214989,+,b0192,lipoprotein involved with copper homeostasis and adhesion,280.0,711.0,1,0,0,0,0,0
215123,+,b0192,lipoprotein involved with copper homeostasis and adhesion,146.0,711.0,0,1,0,0,0,0
215605,+,b0192,lipoprotein involved with copper homeostasis and adhesion,,711.0,0,0,1,0,0,0
215656,-,b0192,lipoprotein involved with copper homeostasis and adhesion,,711.0,0,0,0,1,0,1
215933,-,b0192,lipoprotein involved with copper homeostasis and adhesion,,711.0,0,0,0,1,0,1
216326,-,b0193,putative lipoprotein,,825.0,0,0,1,0,0,0
216612,+,b0193,putative lipoprotein,,825.0,0,0,0,1,0,1
216694,-,b0193,putative lipoprotein,,825.0,0,0,1,0,0,0
216995,-,b0193,putative lipoprotein,,825.0,0,0,1,0,0,0
217127,-,b0193,putative lipoprotein,124.0,825.0,1,0,0,0,0,0
217298,+,b0194,prolyl-tRNA synthetase,,1719.0,0,0,0,1,0,1
218837,-,b0194,prolyl-tRNA synthetase,62.0,1719.0,1,0,0,0,0,0
218988,-,b0194,prolyl-tRNA synthetase,213.0,1719.0,0,1,0,0,0,0
219692,-,b0195,tRNA-Thr%28GGU%29 m%286%29t%286%29A37 methyltransferase%2C SAM-dependent,98.0,708.0,1,0,0,0,0,0
220022,-,b0196,putative outer membrane protein%2C signal,27.0,405.0,1,0,0,0,0,0
220073,-,b0196,putative outer membrane protein%2C signal,78.0,405.0,0,1,0,0,0,0
220265,-,b0196,putative outer membrane protein%2C signal,270.0,405.0,0,1,0,0,0,0
221008,-,b0197,DL-methionine transporter subunit,80.0,816.0,1,0,0,0,0,0
221367,-,b0198,DL-methionine transporter subunit,,654.0,0,0,1,0,0,0
221629,-,b0198,DL-methionine transporter subunit,8.0,654.0,1,0,0,0,0,0
221838,+,b0199,DL-methionine transporter subunit,,1032.0,0,0,0,1,0,1
222036,-,b0199,DL-methionine transporter subunit,,1032.0,0,0,1,0,0,0
222669,+,b0200,D%2CD-heptose 1%2C7-bisphosphate phosphatase,164.0,576.0,1,0,0,0,0,1
222714,-,b0199,DL-methionine transporter subunit,69.0,1032.0,1,0,0,0,0,0
223093,-,b0200,D%2CD-heptose 1%2C7-bisphosphate phosphatase,,576.0,0,0,0,1,0,1
223485,+,b0201,16S ribosomal RNA of rrnH operon,286.0,1542.0,1,0,0,0,0,0
223594,+,b0201,16S ribosomal RNA of rrnH operon,177.0,1542.0,0,1,0,0,0,0
224109,+,b0201,16S ribosomal RNA of rrnH operon,,1542.0,0,0,1,0,0,0
225016,+,b0201,16S ribosomal RNA of rrnH operon,,1542.0,0,0,1,0,0,0
225172,+,b0202,tRNA-Ile,209.0,77.0,0,1,0,0,0,0
225381,+,b0202,tRNA-Ile,0.0,77.0,1,0,0,0,0,0
225500,+,b0203,tRNA-Ala,0.0,76.0,1,0,0,0,0,0
225704,-,b0204,23S ribosomal RNA of rrnH operon,,2904.0,0,0,0,1,0,1
225994,+,b0204,23S ribosomal RNA of rrnH operon,,2904.0,0,0,1,0,0,0
227035,+,b0204,23S ribosomal RNA of rrnH operon,,2904.0,0,0,1,0,0,0
228206,+,b0204,23S ribosomal RNA of rrnH operon,,2904.0,0,0,1,0,0,0
228756,+,b0205,5S ribosomal RNA of rrnH operon,0.0,120.0,1,0,0,0,0,0
229064,+,b0207,2%2C5-diketo-D-gluconate reductase B,103.0,804.0,1,0,0,0,0,0
229081,-,b0206,tRNA-Asp,,77.0,0,0,0,1,0,1
229135,-,b0207,2%2C5-diketo-D-gluconate reductase B,,804.0,0,0,0,1,0,1
229173,+,b0207,2%2C5-diketo-D-gluconate reductase B,,804.0,0,0,1,0,0,0
229275,-,b0207,2%2C5-diketo-D-gluconate reductase B,,804.0,0,0,0,1,0,1
229801,-,b0207,2%2C5-diketo-D-gluconate reductase B,,804.0,0,0,0,1,0,1
229863,+,b0207,2%2C5-diketo-D-gluconate reductase B,,804.0,0,0,1,0,0,0
229902,+,b0207,2%2C5-diketo-D-gluconate reductase B,,804.0,0,0,1,0,0,1
231072,+,b0209,hypothetical protein,50.0,801.0,1,0,0,0,0,0
231573,-,b0209,hypothetical protein,,801.0,0,0,0,1,0,1
231717,-,b0209,hypothetical protein,,801.0,0,0,0,1,0,1
231926,+,b0210,putative S-adenosyl-L-methionine-dependent methyltransferase,0.0,624.0,1,0,0,0,0,0
232112,+,b0210,putative S-adenosyl-L-methionine-dependent methyltransferase,,624.0,0,0,1,0,0,0
232192,+,b0210,putative S-adenosyl-L-methionine-dependent methyltransferase,,624.0,0,0,1,0,0,0
232366,+,b0210,putative S-adenosyl-L-methionine-dependent methyltransferase,,624.0,0,0,1,0,0,0
232414,+,b0210,putative S-adenosyl-L-methionine-dependent methyltransferase,,624.0,0,0,1,0,0,0
232619,+,b0211,putative membrane-bound lytic murein transglycosylase D,,1359.0,0,0,0,1,0,1
232757,+,b0211,putative membrane-bound lytic murein transglycosylase D,,1359.0,0,0,0,1,0,1
232907,+,b0211,putative membrane-bound lytic murein transglycosylase D,,1359.0,0,0,0,1,0,1
233226,-,b0211,putative membrane-bound lytic murein transglycosylase D,,1359.0,0,0,1,0,0,0
233632,+,b0211,putative membrane-bound lytic murein transglycosylase D,,1359.0,0,0,0,1,0,1
233980,-,b0211,putative membrane-bound lytic murein transglycosylase D,25.0,1359.0,0,1,0,0,0,0
233982,-,b0211,putative membrane-bound lytic murein transglycosylase D,27.0,1359.0,1,0,0,0,0,0
234201,-,b0211,putative membrane-bound lytic murein transglycosylase D,246.0,1359.0,0,1,0,0,0,0
234218,+,b0212,hydroxyacylglutathione hydrolase,,756.0,0,0,0,1,0,1
234288,+,b0212,hydroxyacylglutathione hydrolase,,756.0,0,0,0,1,0,1
234459,+,b0212,hydroxyacylglutathione hydrolase,,756.0,0,0,0,1,0,1
234685,+,b0213,putative S-adenosyl-L-methionine-dependent methyltransferase,131.0,723.0,0,1,0,0,0,1
234777,+,b0213,putative S-adenosyl-L-methionine-dependent methyltransferase,39.0,723.0,0,1,0,0,0,1
234785,+,b0213,putative S-adenosyl-L-methionine-dependent methyltransferase,31.0,723.0,1,0,0,0,0,1
234947,-,b0212,hydroxyacylglutathione hydrolase,165.0,756.0,1,0,0,0,0,1
234956,-,b0212,hydroxyacylglutathione hydrolase,174.0,756.0,0,1,0,0,0,1
235854,+,b0215,DNA polymerase III epsilon subunit,213.0,732.0,0,1,0,0,0,1
235937,+,b0215,DNA polymerase III epsilon subunit,130.0,732.0,0,1,0,0,0,1
236021,+,b0215,DNA polymerase III epsilon subunit,46.0,732.0,1,0,0,0,0,1
236043,-,b0214,ribonuclease HI%2C degrades RNA of DNA-RNA hybrids,41.0,468.0,1,0,0,0,0,1
236672,-,b0215,DNA polymerase III epsilon subunit,,732.0,0,0,0,1,0,1
236910,+,b0216,tRNA-Asp,21.0,77.0,1,0,0,0,0,0
237074,+,b0217,lipoprotein,261.0,786.0,1,0,0,0,0,0
237636,-,b0217,lipoprotein,,786.0,0,0,0,1,0,1
238953,-,b4586,hypothetical protein,217.0,480.0,1,0,0,0,0,0
239665,-,b0219,putative C-N hydrolase family amidase%2C NAD%28P%29-binding,,771.0,0,0,1,0,0,0
239755,-,b0219,putative C-N hydrolase family amidase%2C NAD%28P%29-binding,,771.0,0,0,1,0,0,0
239824,-,b0219,putative C-N hydrolase family amidase%2C NAD%28P%29-binding,,771.0,0,0,1,0,0,0
240216,-,b0219,putative C-N hydrolase family amidase%2C NAD%28P%29-binding,27.0,771.0,1,0,0,0,0,0
240224,-,b0219,putative C-N hydrolase family amidase%2C NAD%28P%29-binding,35.0,771.0,0,1,0,0,0,0
240319,+,b0220,inhibitor of c-type lysozyme%2C periplasmic,24.0,474.0,1,0,0,0,0,0
240759,+,b0220,inhibitor of c-type lysozyme%2C periplasmic,,474.0,0,0,1,0,0,1
240970,-,b0221,acyl coenzyme A dehydrogenase,,2445.0,0,0,1,0,0,0
241684,-,b0221,acyl coenzyme A dehydrogenase,,2445.0,0,0,1,0,0,0
241793,-,b0221,acyl coenzyme A dehydrogenase,,2445.0,0,0,1,0,0,0
242457,-,b0221,acyl coenzyme A dehydrogenase,,2445.0,0,0,1,0,0,0
243346,-,b0221,acyl coenzyme A dehydrogenase,43.0,2445.0,1,0,0,0,0,0
243364,-,b0221,acyl coenzyme A dehydrogenase,61.0,2445.0,0,1,0,0,0,0
243384,-,b0221,acyl coenzyme A dehydrogenase,81.0,2445.0,0,1,0,0,0,0
243400,+,b0222,D-sedoheptulose 7-phosphate isomerase,143.0,579.0,0,1,0,0,0,1
243512,+,b0222,D-sedoheptulose 7-phosphate isomerase,31.0,579.0,1,0,0,0,0,0
244884,-,b0223,putative amidotransfease,,768.0,0,0,0,1,0,1
245508,+,b0224,hypothetical protein,,741.0,0,0,0,1,0,1
245884,-,b0224,hypothetical protein,79.0,741.0,1,0,0,0,0,0
245992,-,b0224,hypothetical protein,187.0,741.0,0,1,0,0,0,0
246532,-,b0226,antitoxin of YafQ-DinJ toxin-antitoxin system,30.0,261.0,1,0,0,0,0,0
246675,-,b0226,antitoxin of YafQ-DinJ toxin-antitoxin system,173.0,261.0,0,1,0,0,0,1
246677,-,b0226,antitoxin of YafQ-DinJ toxin-antitoxin system,175.0,261.0,0,1,0,0,0,1
246685,+,b0227,putative lipoprotein and C40 family peptidase,27.0,750.0,1,0,0,0,0,0
247071,+,b0227,putative lipoprotein and C40 family peptidase,,750.0,0,0,1,0,0,0
247623,+,b0228,RAYT REP element-mobilizing transposase%3B TnpA%28REP%29,14.0,498.0,1,0,0,0,0,0
247951,-,b0228,RAYT REP element-mobilizing transposase%3B TnpA%28REP%29,,498.0,0,0,0,1,0,1
248134,+,b0228,RAYT REP element-mobilizing transposase%3B TnpA%28REP%29,,498.0,0,0,1,0,0,0
248402,-,b0229,pseudo,,1713.0,0,0,1,0,0,0
248547,+,b0229,pseudo,,1713.0,0,0,0,1,0,1
248927,-,b0229,pseudo,,1713.0,0,0,1,0,0,0
249380,+,b0229,pseudo,,1713.0,0,0,0,1,0,1
249878,-,b0229,pseudo,,1713.0,0,0,1,0,0,0
250485,-,b0230,pseudo,,756.0,0,0,0,1,0,1
250492,+,b0230,pseudo,,756.0,0,0,1,0,0,0
250503,+,b0230,pseudo,,756.0,0,0,1,0,0,0
250881,+,b0231,DNA polymerase IV,17.0,1056.0,1,0,0,0,0,0
250883,+,b0231,DNA polymerase IV,15.0,1056.0,0,1,0,0,0,0
251140,-,b0231,DNA polymerase IV,,1056.0,0,0,0,1,0,1
251772,+,b0232,antitoxin of the YafO-YafN toxin-antitoxin system,233.0,294.0,0,1,0,0,0,0
251969,+,b0232,antitoxin of the YafO-YafN toxin-antitoxin system,36.0,294.0,1,0,0,0,0,0
251973,+,b0232,antitoxin of the YafO-YafN toxin-antitoxin system,32.0,294.0,0,1,0,0,0,0
252211,-,b0232,antitoxin of the YafO-YafN toxin-antitoxin system,,294.0,0,0,0,1,0,1
253351,+,b0235,pseudo,128.0,207.0,1,0,0,0,0,0
253453,-,b0235,pseudo,,207.0,0,0,0,1,0,1
254325,+,b0237,aminoacyl-histidine dipeptidase %28peptidase D%29,,1458.0,0,0,0,1,0,1
255131,-,b0237,aminoacyl-histidine dipeptidase %28peptidase D%29,,1458.0,0,0,1,0,0,0
255807,-,b0237,aminoacyl-histidine dipeptidase %28peptidase D%29,91.0,1458.0,0,1,0,0,0,0
255809,-,b0237,aminoacyl-histidine dipeptidase %28peptidase D%29,93.0,1458.0,1,0,0,0,0,0
255816,-,b0237,aminoacyl-histidine dipeptidase %28peptidase D%29,100.0,1458.0,0,1,0,0,0,0
255825,+,b0238,guanine-hypoxanthine phosphoribosyltransferase,152.0,459.0,0,1,0,0,0,0
255918,+,b0238,guanine-hypoxanthine phosphoribosyltransferase,59.0,459.0,1,0,0,0,0,0
256081,+,b0238,guanine-hypoxanthine phosphoribosyltransferase,,459.0,0,0,1,0,0,0
256361,+,b0239,fermentation-respiration switch protein%3B PTS Enzyme IIA%28Glc%29-binding protein%3B pNP-butyrate esterase activity,166.0,1245.0,0,1,0,0,0,0
256379,+,b0239,fermentation-respiration switch protein%3B PTS Enzyme IIA%28Glc%29-binding protein%3B pNP-butyrate esterase activity,148.0,1245.0,0,1,0,0,0,0
256502,+,b0239,fermentation-respiration switch protein%3B PTS Enzyme IIA%28Glc%29-binding protein%3B pNP-butyrate esterase activity,25.0,1245.0,1,0,0,0,0,0
257034,-,b0239,fermentation-respiration switch protein%3B PTS Enzyme IIA%28Glc%29-binding protein%3B pNP-butyrate esterase activity,,1245.0,0,0,0,1,0,1
257168,-,b0239,fermentation-respiration switch protein%3B PTS Enzyme IIA%28Glc%29-binding protein%3B pNP-butyrate esterase activity,,1245.0,0,0,0,1,0,1
257436,-,b0239,fermentation-respiration switch protein%3B PTS Enzyme IIA%28Glc%29-binding protein%3B pNP-butyrate esterase activity,,1245.0,0,0,0,1,0,1
257689,-,b0239,fermentation-respiration switch protein%3B PTS Enzyme IIA%28Glc%29-binding protein%3B pNP-butyrate esterase activity,,1245.0,0,0,0,1,0,1
257810,+,b0240,sigma factor-binding protein%2C stimulates RNA polymerase holoenzyme formation,19.0,402.0,1,0,0,0,0,0
258304,-,b0241,outer membrane phosphoporin protein E,,1056.0,0,0,1,0,0,1
258364,+,b0241,outer membrane phosphoporin protein E,,1056.0,0,0,0,1,0,1
258971,-,b0241,outer membrane phosphoporin protein E,,1056.0,0,0,1,0,0,0
259461,+,b0242,gamma-glutamate kinase,151.0,1104.0,1,0,0,0,0,0
259573,+,b0242,gamma-glutamate kinase,39.0,1104.0,0,1,0,0,0,0
260112,+,b0242,gamma-glutamate kinase,,1104.0,0,0,1,0,0,0
260666,+,b0243,gamma-glutamylphosphate reductase,61.0,1254.0,1,0,0,0,0,0
261398,+,b0243,gamma-glutamylphosphate reductase,,1254.0,0,0,1,0,0,0
262062,+,b0244,tRNA-Thr,33.0,76.0,1,0,0,0,0,0
262242,-,b0244,tRNA-Thr,,76.0,0,0,0,1,0,1
262546,-,b4626,pseudo,110.0,63.0,1,0,0,0,0,0
262682,-,b4626,pseudo,246.0,63.0,0,1,0,0,0,0
264032,+,b0247,CP4-6 prophage%3B predicted DNA repair protein,,477.0,0,0,0,1,0,1
264702,+,b0249,CP4-6 prophage%3B putative protein,,240.0,0,0,0,1,0,1
265272,-,b0250,CP4-6 prophage%3B putative protein,,468.0,0,0,1,0,0,0
265294,-,b0250,CP4-6 prophage%3B putative protein,,468.0,0,0,1,0,0,0
265421,+,b0251,lipoprotein%2C inner membrane%3B overproduction stimulates degP expression%3B CP4-6 prophage,,444.0,0,0,0,1,0,1
265449,-,b0250,CP4-6 prophage%3B putative protein,138.0,468.0,1,0,0,0,0,0
265986,-,b0251,lipoprotein%2C inner membrane%3B overproduction stimulates degP expression%3B CP4-6 prophage,209.0,444.0,1,0,0,0,0,0
266934,+,b0252,CP4-6 prophage%3B conserved protein,,822.0,0,0,0,1,0,1
268168,-,b0253,CP4-6 prophage%3B predicted GTP-binding protein,,864.0,0,0,1,0,0,0
268186,+,b0253,CP4-6 prophage%3B predicted GTP-binding protein,,864.0,0,0,0,1,0,1
268228,+,b0253,CP4-6 prophage%3B predicted GTP-binding protein,,864.0,0,0,0,1,0,1
268331,-,b0253,CP4-6 prophage%3B predicted GTP-binding protein,147.0,864.0,0,1,0,0,0,0
268449,-,b0253,CP4-6 prophage%3B predicted GTP-binding protein,265.0,864.0,1,0,0,0,0,0
268780,-,b0254,CP4-6 prophage%3B predicted DNA-binding transcriptional regulator,,894.0,0,0,1,0,0,0
268955,-,b0254,CP4-6 prophage%3B predicted DNA-binding transcriptional regulator,,894.0,0,0,1,0,0,0
269812,+,b0256,IS30 transposase,15.0,1152.0,1,0,0,0,0,0
270106,-,b0256,IS30 transposase,,1152.0,0,0,0,1,0,1
270370,-,b0256,IS30 transposase,,1152.0,0,0,0,1,0,1
270596,+,b0256,IS30 transposase,,1152.0,0,0,1,0,0,0
270662,-,b0256,IS30 transposase,,1152.0,0,0,0,1,0,1
270744,+,b4587,pseudo,244.0,426.0,1,0,0,0,0,0
270853,-,b0256,IS30 transposase,,1152.0,0,0,0,1,0,1
270874,+,b4587,pseudo,114.0,426.0,0,1,0,0,0,0
271223,-,b4587,pseudo,,426.0,0,0,0,1,0,1
271664,+,b4690,novel sRNA%2C function unknown%2C CP4-6 propahge,140.0,75.0,1,0,0,0,0,0
272106,+,b0258,pseudo,,1108.0,0,0,1,0,0,0
272370,+,b0258,pseudo,,1108.0,0,0,1,0,0,0
274332,-,b0259,IS5 transposase and trans-activator,,1017.0,0,0,1,0,0,0
274368,-,b0259,IS5 transposase and trans-activator,27.0,1017.0,1,0,0,0,0,0
274510,+,b0260,CP4-6 prophage%3B predicted S-methylmethionine transporter,39.0,1404.0,1,0,0,0,0,0
274637,-,b0259,IS5 transposase and trans-activator,296.0,1017.0,0,1,0,0,0,1
275295,-,b0260,CP4-6 prophage%3B predicted S-methylmethionine transporter,,1404.0,0,0,0,1,0,1
275454,+,b0260,CP4-6 prophage%3B predicted S-methylmethionine transporter,,1404.0,0,0,1,0,0,0
275895,+,b0261,CP4-6 prophage%3B S-methylmethionine:homocysteine methyltransferase,44.0,933.0,1,0,0,0,0,0
277021,-,b0262,CP4-6 prophage%3B predicted ferric transporter subunit,,1047.0,0,0,1,0,0,0
277070,-,b0262,CP4-6 prophage%3B predicted ferric transporter subunit,,1047.0,0,0,1,0,0,0
277400,-,b0262,CP4-6 prophage%3B predicted ferric transporter subunit,,1047.0,0,0,1,0,0,0
277725,-,b0262,CP4-6 prophage%3B predicted ferric transporter subunit,,1047.0,0,0,1,0,0,0
279117,-,b0265,IS1 repressor TnpA,18.0,276.0,1,0,0,0,0,1
279153,-,b0265,IS1 repressor TnpA,54.0,276.0,0,1,0,0,0,1
279203,-,b0265,IS1 repressor TnpA,104.0,276.0,0,1,0,0,0,1
279224,+,b4708,pseudo,,174.0,0,0,1,0,0,0
279353,+,b4505,pseudo,,249.0,0,0,0,1,0,1
279359,+,b4505,pseudo,,249.0,0,0,0,1,0,1
279710,-,b4505,pseudo,124.0,249.0,1,0,0,0,0,0
279728,+,b0266,pseudo,,309.0,0,0,0,1,0,1
279956,+,b0266,pseudo,,309.0,0,0,0,1,0,1
279987,+,b0266,pseudo,,309.0,0,0,0,1,0,1
280043,-,b0266,pseudo,84.0,309.0,1,0,0,0,0,0
281221,-,b0267,CP4-6 prophage%3B predicted DNA-binding transcriptional regulator,14.0,1155.0,1,0,0,0,0,0
281443,+,b0268,2-keto-3-deoxy gluconate %28KDG%29 aldolase%3B CP4-6 prophage,59.0,909.0,1,0,0,0,0,0
281981,-,b0268,2-keto-3-deoxy gluconate %28KDG%29 aldolase%3B CP4-6 prophage,,909.0,0,0,0,1,0,1
282234,+,b0269,CP4-6 prophage%3B predicted dehydratase,191.0,1968.0,1,0,0,0,0,0
284388,-,b0269,CP4-6 prophage%3B predicted dehydratase,,1968.0,0,0,0,1,0,1
285621,+,b0270,CP4-6 prophage%3B predicted sugar transporter,,1383.0,0,0,1,0,0,0
288414,-,b0272,CP4-6 prophage%3B predicted DNA-binding transcriptional regulator,28.0,759.0,1,0,0,0,0,0
288474,+,b0272,CP4-6 prophage%3B predicted DNA-binding transcriptional regulator,,759.0,0,0,0,1,0,1
289413,+,b4688,pseudo,240.0,205.0,1,0,0,0,0,1
289564,-,b0273,ornithine carbamoyltransferase 2%2C chain F%3B CP4-6 prophage,35.0,1005.0,1,0,0,0,0,1
289570,-,b0273,ornithine carbamoyltransferase 2%2C chain F%3B CP4-6 prophage,41.0,1005.0,0,1,0,0,0,1
289652,-,b0273,ornithine carbamoyltransferase 2%2C chain F%3B CP4-6 prophage,123.0,1005.0,0,1,0,0,0,1
289665,+,b4688,pseudo,,205.0,0,0,1,0,0,0
289701,-,b0273,ornithine carbamoyltransferase 2%2C chain F%3B CP4-6 prophage,172.0,1005.0,0,1,0,0,0,1
289782,+,b4688,pseudo,,205.0,0,0,1,0,0,1
290588,-,b0275,IS1 repressor TnpA,18.0,276.0,1,0,0,0,0,1
290624,-,b0275,IS1 repressor TnpA,54.0,276.0,0,1,0,0,0,1
290631,-,b0275,IS1 repressor TnpA,61.0,276.0,0,1,0,0,0,1
290751,+,b0276,pseudo,,828.0,0,0,1,0,0,0
291112,+,b0276,pseudo,,828.0,0,0,1,0,0,0
291221,+,b0276,pseudo,,828.0,0,0,1,0,0,0
291335,-,b0276,pseudo,,828.0,0,0,0,1,0,1
291359,+,b0276,pseudo,,828.0,0,0,1,0,0,0
291477,-,b0276,pseudo,,828.0,0,0,0,1,0,1
291677,-,b0277,CP4-6 prophage%3B conserved protein,,627.0,0,0,1,0,0,0
291678,+,b0277,CP4-6 prophage%3B conserved protein,,627.0,0,0,0,1,0,1
291714,+,b0277,CP4-6 prophage%3B conserved protein,,627.0,0,0,0,1,0,1
292170,-,b0277,CP4-6 prophage%3B conserved protein,,627.0,0,0,1,0,0,0
292342,-,b0277,CP4-6 prophage%3B conserved protein,170.0,627.0,1,0,0,0,0,0
292365,+,b0278,CP4-6 prophage%3B DNA-binding protein,,699.0,0,0,0,1,0,1
292770,+,b0278,CP4-6 prophage%3B DNA-binding protein,,699.0,0,0,0,1,0,1
293130,+,b0278,CP4-6 prophage%3B DNA-binding protein,,699.0,0,0,0,1,0,1
293211,+,b0278,CP4-6 prophage%3B DNA-binding protein,,699.0,0,0,0,1,0,1
293873,+,b0279,CP4-6 prophage%3B putative protein,,855.0,0,0,0,1,0,1
294546,-,b0280,CP4-6 prophage%3B putative protein,,441.0,0,0,1,0,0,0
294584,-,b0280,CP4-6 prophage%3B putative protein,,441.0,0,0,1,0,0,0
294620,+,b0280,CP4-6 prophage%3B putative protein,,441.0,0,0,0,1,0,1
294627,+,b0280,CP4-6 prophage%3B putative protein,,441.0,0,0,0,1,0,1
294840,+,b0280,CP4-6 prophage%3B putative protein,,441.0,0,0,0,1,0,1
294844,-,b0280,CP4-6 prophage%3B putative protein,41.0,441.0,1,0,0,0,0,0
294852,+,b0280,CP4-6 prophage%3B putative protein,,441.0,0,0,0,1,0,1
294937,-,b0280,CP4-6 prophage%3B putative protein,134.0,441.0,0,1,0,0,0,0
295193,-,b0281,CP4-6 prophage%3B predicted phage integrase,,1401.0,0,0,1,0,0,0
295236,-,b0281,CP4-6 prophage%3B predicted phage integrase,,1401.0,0,0,1,0,0,0
295463,+,b0281,CP4-6 prophage%3B predicted phage integrase,,1401.0,0,0,0,1,0,1
295820,+,b0281,CP4-6 prophage%3B predicted phage integrase,,1401.0,0,0,0,1,0,1
295822,-,b0281,CP4-6 prophage%3B predicted phage integrase,,1401.0,0,0,1,0,0,0
296384,+,b4629,pseudo,46.0,49.0,1,0,0,0,0,1
296389,+,b4629,pseudo,41.0,49.0,0,1,0,0,0,1
296438,+,b4629,pseudo,,49.0,0,0,1,0,0,0
296537,-,b4629,pseudo,,49.0,0,0,0,1,0,1
296748,-,b4694,pseudo,,339.0,0,0,1,0,0,0
297066,-,b4695,pseudo,51.0,78.0,1,0,0,0,0,0
298518,+,b0284,PaoABC aldehyde oxidoreductase%2C Moco-containing subunit,,2199.0,0,0,0,1,0,1
299484,-,b0284,PaoABC aldehyde oxidoreductase%2C Moco-containing subunit,,2199.0,0,0,1,0,0,0
299559,+,b0284,PaoABC aldehyde oxidoreductase%2C Moco-containing subunit,,2199.0,0,0,0,1,0,1
299825,-,b0284,PaoABC aldehyde oxidoreductase%2C Moco-containing subunit,,2199.0,0,0,1,0,0,0
301674,+,b0286,PaoABC aldehyde oxidoreductase%2C 2Fe-2S subunit,,690.0,0,0,0,1,0,1
301806,-,b0286,PaoABC aldehyde oxidoreductase%2C 2Fe-2S subunit,9.0,690.0,1,0,0,0,0,0
302004,+,b0287,inner membrane protein%2C DUF1440 family,211.0,615.0,0,1,0,0,0,0
302183,+,b0287,inner membrane protein%2C DUF1440 family,32.0,615.0,0,1,0,0,0,0
302198,+,b0287,inner membrane protein%2C DUF1440 family,17.0,615.0,1,0,0,0,0,0
302910,-,b0287,inner membrane protein%2C DUF1440 family,,615.0,0,0,0,1,0,1
303195,-,b0288,UPF0153 cysteine cluster protein%2C function unknown,,330.0,0,0,1,0,0,0
303630,-,b0288,UPF0153 cysteine cluster protein%2C function unknown,224.0,330.0,1,0,0,0,0,0
303654,-,b0288,UPF0153 cysteine cluster protein%2C function unknown,248.0,330.0,0,1,0,0,0,0
303751,-,b0289,hypothetical protein,,711.0,0,0,1,0,0,0
303889,-,b0289,hypothetical protein,,711.0,0,0,1,0,0,0
303970,+,b0289,hypothetical protein,,711.0,0,0,0,1,0,1
304116,-,b0289,hypothetical protein,,711.0,0,0,1,0,0,0
304328,-,b0289,hypothetical protein,,711.0,0,0,1,0,0,0
304399,-,b0289,hypothetical protein,,711.0,0,0,1,0,0,0
304482,+,b0289,hypothetical protein,,711.0,0,0,0,1,0,1
305260,+,b0290,putative receptor,,1644.0,0,0,0,1,0,1
305555,+,b0290,putative receptor,,1644.0,0,0,0,1,0,1
305666,-,b0290,putative receptor,,1644.0,0,0,1,0,0,0
306256,+,b0291,putative aromatic compound dioxygenase,,2526.0,0,0,0,1,0,1
306913,+,b0291,putative aromatic compound dioxygenase,,2526.0,0,0,0,1,0,1
307014,+,b0291,putative aromatic compound dioxygenase,,2526.0,0,0,0,1,0,1
307867,-,b0291,putative aromatic compound dioxygenase,,2526.0,0,0,1,0,0,0
309380,+,b0293,cryptic Mat fimbrillin gene,,588.0,0,0,0,1,0,1
309390,+,b0293,cryptic Mat fimbrillin gene,,588.0,0,0,0,1,0,1
309410,+,b0293,cryptic Mat fimbrillin gene,,588.0,0,0,0,1,0,1
309464,+,b0293,cryptic Mat fimbrillin gene,,588.0,0,0,0,1,0,1
309574,+,b0293,cryptic Mat fimbrillin gene,,588.0,0,0,0,1,0,1
310230,-,b0294,putative regulator,,591.0,0,0,1,0,0,0
310615,-,b0294,putative regulator,55.0,591.0,1,0,0,0,0,0
311221,+,b0295,hypothetical protein,115.0,228.0,1,0,0,0,0,0
311290,-,b0295,hypothetical protein,,228.0,0,0,0,1,0,1
311300,-,b0295,hypothetical protein,,228.0,0,0,0,1,0,1
311344,+,b0295,hypothetical protein,,228.0,0,0,1,0,0,0
311911,-,b4506,RpmJ-like protein,173.0,141.0,1,0,0,0,0,0
312027,-,b0296,50S ribosomal protein L31 type B%3B alternative L31 utilized during zinc limitation,26.0,264.0,1,0,0,0,0,0
312032,+,b0296,50S ribosomal protein L31 type B%3B alternative L31 utilized during zinc limitation,,264.0,0,0,0,1,0,1
312509,-,b4671,hypothetical protein,43.0,102.0,1,0,0,0,0,0
313045,+,b4630,pseudo,,90.0,0,0,0,1,0,1
314642,-,b0298,IS3 transposase A,,300.0,0,0,0,1,0,1
315539,-,b0299,IS3 transposase B,,867.0,0,0,0,1,0,1
315616,+,b0299,IS3 transposase B,,867.0,0,0,1,0,0,1
315752,-,b0300,pseudo,,684.0,0,0,1,0,0,1
315985,+,b0300,pseudo,,684.0,0,0,0,1,0,1
316498,-,b0300,pseudo,105.0,684.0,1,0,0,0,0,0
316585,+,b4631,pseudo,78.0,129.0,1,0,0,0,0,0
317427,+,b0301,inner membrane protein%2C DUF417 family,,594.0,0,0,0,1,0,1
318001,-,b0303,hypothetical protein,210.0,237.0,1,0,0,0,0,0
318308,+,b0304,putative pyridine nucleotide-disulfide oxidoreductase,,1326.0,0,0,0,1,0,1
318605,-,b0304,putative pyridine nucleotide-disulfide oxidoreductase,,1326.0,0,0,1,0,0,0
319257,-,b0304,putative pyridine nucleotide-disulfide oxidoreductase,32.0,1326.0,1,0,0,0,0,0
319342,+,b0305,putative DNA-binding transcriptional regulator,109.0,855.0,0,1,0,0,0,0
319419,+,b0305,putative DNA-binding transcriptional regulator,32.0,855.0,1,0,0,0,0,0
319913,+,b0305,putative DNA-binding transcriptional regulator,,855.0,0,0,1,0,0,0
320199,-,b0305,putative DNA-binding transcriptional regulator,,855.0,0,0,0,1,0,1
320708,+,b0306,putative oxidoreductase,124.0,720.0,1,0,0,0,0,0
321150,-,b0306,putative oxidoreductase,,720.0,0,0,0,1,0,1
321842,-,b0307,putative electron transport protein with ferridoxin-like domai,,1428.0,0,0,0,1,0,1
323166,+,b0308,putative transporter,,696.0,0,0,1,0,0,0
324099,+,b0310,putative inner membrane protein,,669.0,0,0,0,1,0,1
324504,-,b0310,putative inner membrane protein,,669.0,0,0,1,0,0,0
324551,+,b0310,putative inner membrane protein,,669.0,0,0,0,1,0,1
324873,-,b0310,putative inner membrane protein,285.0,669.0,1,0,0,0,0,0
328077,+,b0313,DNA-binding transcriptional repressor,,588.0,0,0,0,1,0,1
328585,-,b0313,DNA-binding transcriptional repressor,27.0,588.0,1,0,0,0,0,0
329056,+,b0314,choline transporter of high affinity,,2034.0,0,0,1,0,0,0
329302,+,b0314,choline transporter of high affinity,,2034.0,0,0,1,0,0,0
330322,+,b0314,choline transporter of high affinity,,2034.0,0,0,1,0,0,0
330648,-,b0314,choline transporter of high affinity,,2034.0,0,0,0,1,0,1
330667,-,b0314,choline transporter of high affinity,,2034.0,0,0,0,1,0,1
330673,+,b0314,choline transporter of high affinity,,2034.0,0,0,1,0,0,0
331503,+,b0315,c-di-GMP-specific phosphodiesterase,92.0,1089.0,1,0,0,0,0,0
331725,-,b0315,c-di-GMP-specific phosphodiesterase,,1089.0,0,0,0,1,0,1
332633,+,b0315,c-di-GMP-specific phosphodiesterase,,1089.0,0,0,1,0,0,1
333067,+,b0316,putative DNA-bindng transcriptional regulator,,933.0,0,0,0,1,0,1
333227,-,b0316,putative DNA-bindng transcriptional regulator,,933.0,0,0,1,0,0,0
333695,-,b0316,putative DNA-bindng transcriptional regulator,38.0,933.0,1,0,0,0,0,0
334288,-,b0317,putative inner membrane protein,42.0,498.0,0,1,0,0,0,0
334381,-,b0317,putative inner membrane protein,135.0,498.0,1,0,0,0,0,0
334929,+,b0319,hypothetical protein,220.0,864.0,1,0,0,0,0,0
338076,-,b0321,hypothetical protein,,1419.0,0,0,0,1,0,1
339427,-,b0323,carbamate kinase-like protein,,951.0,0,0,0,1,0,1
340326,-,b0323,carbamate kinase-like protein,,951.0,0,0,0,1,0,1
341156,+,b0324,putative deaminase with metallo-dependent hydrolase domain,,1383.0,0,0,1,0,0,0
341850,+,b0325,putative oxidoreductase%2C Zn-dependent and NAD%28P%29-binding,258.0,1050.0,0,1,0,0,0,0
341914,+,b0325,putative oxidoreductase%2C Zn-dependent and NAD%28P%29-binding,194.0,1050.0,0,1,0,0,0,0
342042,+,b0325,putative oxidoreductase%2C Zn-dependent and NAD%28P%29-binding,66.0,1050.0,1,0,0,0,0,0
342490,+,b0325,putative oxidoreductase%2C Zn-dependent and NAD%28P%29-binding,,1050.0,0,0,1,0,0,0
342858,-,b0325,putative oxidoreductase%2C Zn-dependent and NAD%28P%29-binding,,1050.0,0,0,0,1,0,1
343226,-,b0325,putative oxidoreductase%2C Zn-dependent and NAD%28P%29-binding,,1050.0,0,0,0,1,0,1
343563,+,b0326,hypothetical protein,,816.0,0,0,1,0,0,0
343717,+,b0326,hypothetical protein,,816.0,0,0,1,0,0,0
343909,+,b0326,hypothetical protein,,816.0,0,0,1,0,0,0
344476,+,b0327,hypothetical protein,152.0,246.0,1,0,0,0,0,0
344820,-,b0327,hypothetical protein,,246.0,0,0,0,1,0,1
344932,-,b0328,amino acid exporter for proline%2C lysine%2C glutamate%2C homoserine,,672.0,0,0,1,0,0,1
345096,-,b0328,amino acid exporter for proline%2C lysine%2C glutamate%2C homoserine,,672.0,0,0,1,0,0,0
345656,+,b0329,periplasmic protein%2C function unknown%2C YhcN family,52.0,276.0,1,0,0,0,0,1
346521,+,b0330,propionate catabolism operon regulatory protein,,1587.0,0,0,0,1,0,1
346871,-,b0330,propionate catabolism operon regulatory protein,,1587.0,0,0,1,0,0,0
347693,-,b0330,propionate catabolism operon regulatory protein,26.0,1587.0,1,0,0,0,0,0
349241,-,b0333,2-methylcitrate synthase,,1170.0,0,0,0,1,0,1
349392,+,b0333,2-methylcitrate synthase,,1170.0,0,0,1,0,0,0
349664,-,b0333,2-methylcitrate synthase,,1170.0,0,0,0,1,0,1
351422,-,b0334,2-methylcitrate dehydratase,,1452.0,0,0,0,1,0,1
353124,+,b0335,propionate--CoA ligase,,1887.0,0,0,1,0,0,0
353430,+,b0335,propionate--CoA ligase,,1887.0,0,0,1,0,0,0
353664,+,b0335,propionate--CoA ligase,,1887.0,0,0,1,0,0,0
354108,+,b0336,cytosine transporter,38.0,1260.0,1,0,0,0,0,0
355229,+,b0337,cytosine%2Fisoguanine deaminase,166.0,1284.0,1,0,0,0,0,0
357500,-,b0338,transcriptional activator of cyn operon%3B autorepressor,,900.0,0,0,1,0,0,0
357938,-,b0338,transcriptional activator of cyn operon%3B autorepressor,24.0,900.0,1,0,0,0,0,1
359257,+,b0341,putative cyanate transporter,,1155.0,0,0,1,0,0,0
360442,-,b0341,putative cyanate transporter,,1155.0,0,0,0,1,0,1
360499,-,b0342,thiogalactoside acetyltransferase,,612.0,0,0,1,0,0,0
360518,+,b0342,thiogalactoside acetyltransferase,,612.0,0,0,0,1,0,1
360613,-,b0342,thiogalactoside acetyltransferase,,612.0,0,0,1,0,0,0
360772,-,b0342,thiogalactoside acetyltransferase,,612.0,0,0,1,0,0,0
361116,+,b0342,thiogalactoside acetyltransferase,,612.0,0,0,0,1,0,1
361270,-,b0342,thiogalactoside acetyltransferase,186.0,612.0,1,0,0,0,0,0
362097,-,b0343,lactose permease,,1254.0,0,0,1,0,0,0
362413,+,b0343,lactose permease,,1254.0,0,0,0,1,0,1
362463,+,b0343,lactose permease,,1254.0,0,0,0,1,0,1
364757,+,b0344,beta-D-galactosidase,,3075.0,0,0,0,1,0,1
365567,-,b0344,beta-D-galactosidase,38.0,3075.0,1,0,0,0,0,0
365901,+,b0345,DNA-binding transcriptional repressor,,1083.0,0,0,0,1,0,1
366911,-,b0345,DNA-binding transcriptional repressor,177.0,1083.0,1,0,0,0,0,0
367154,+,b0346,DNA-binding transcriptional activator%2C 3HPP-binding,,834.0,0,0,0,1,0,1
369774,-,b0348,2%2C3-dihydroxyphenylpropionate 1%2C2-dioxygenase,,945.0,0,0,0,1,0,1
369831,+,b0348,2%2C3-dihydroxyphenylpropionate 1%2C2-dioxygenase,,945.0,0,0,1,0,0,0
369881,-,b0348,2%2C3-dihydroxyphenylpropionate 1%2C2-dioxygenase,,945.0,0,0,0,1,0,1
370660,-,b0349,2-hydroxy-6-ketonona-2%2C4-dienedioic acid hydrolase,,867.0,0,0,0,1,0,1
371111,-,b0349,2-hydroxy-6-ketonona-2%2C4-dienedioic acid hydrolase,,867.0,0,0,0,1,0,1
374670,-,b0353,putative 3-hydroxyphenylpropionic transporter,,1212.0,0,0,0,1,0,1
375164,-,b0353,putative 3-hydroxyphenylpropionic transporter,,1212.0,0,0,0,1,0,1
375354,-,b0353,putative 3-hydroxyphenylpropionic transporter,,1212.0,0,0,0,1,0,1
375366,+,b0353,putative 3-hydroxyphenylpropionic transporter,,1212.0,0,0,1,0,0,0
375688,+,b0353,putative 3-hydroxyphenylpropionic transporter,,1212.0,0,0,1,0,0,0
376380,+,b0354,hypothetical protein,,540.0,0,0,1,0,0,0
376458,+,b0354,hypothetical protein,,540.0,0,0,1,0,0,0
376602,-,b0354,hypothetical protein,,540.0,0,0,0,1,0,1
376766,+,b0355,S-formylglutathione hydrolase,,834.0,0,0,0,1,0,1
376815,-,b0355,S-formylglutathione hydrolase,,834.0,0,0,1,0,0,0
376826,-,b0355,S-formylglutathione hydrolase,,834.0,0,0,1,0,0,0
376861,-,b0355,S-formylglutathione hydrolase,,834.0,0,0,1,0,0,0
377226,-,b0355,S-formylglutathione hydrolase,,834.0,0,0,1,0,0,0
377262,+,b0355,S-formylglutathione hydrolase,,834.0,0,0,0,1,0,1
377553,+,b0355,S-formylglutathione hydrolase,,834.0,0,0,0,1,0,1
379124,-,b0357,regulator protein that represses frmRAB operon,19.0,276.0,1,0,0,0,0,0
379401,+,b0358,outer membrane protein,,774.0,0,0,0,1,0,1
379427,-,b0358,outer membrane protein,,774.0,0,0,1,0,0,0
379669,-,b0358,outer membrane protein,,774.0,0,0,1,0,0,0
379682,+,b0358,outer membrane protein,,774.0,0,0,0,1,0,1
379808,-,b0358,outer membrane protein,,774.0,0,0,1,0,0,0
379925,-,b0358,outer membrane protein,,774.0,0,0,1,0,0,0
379930,-,b0358,outer membrane protein,,774.0,0,0,1,0,0,0
379953,+,b0358,outer membrane protein,,774.0,0,0,0,1,0,1
380058,-,b0358,outer membrane protein,,774.0,0,0,1,0,0,0
380424,-,b4579,pseudo,,416.0,0,0,1,0,0,0
380547,+,b0360,IS2 repressor TnpA,28.0,366.0,1,0,0,0,0,1
380859,+,b0361,IS2 transposase TnpB,39.0,906.0,1,0,0,0,0,0
381033,-,b0360,IS2 repressor TnpA,,366.0,0,0,0,1,0,1
381045,+,b0361,IS2 transposase TnpB,,906.0,0,0,1,0,0,0
381687,-,b0361,IS2 transposase TnpB,,906.0,0,0,0,1,0,1
381904,-,b4579,pseudo,,282.0,0,0,1,0,0,0
382114,-,b4579,pseudo,18.0,282.0,0,1,0,0,0,0
382126,+,b4579,pseudo,,282.0,0,0,0,1,0,1
382268,-,b4579,pseudo,172.0,282.0,1,0,0,0,0,0
382347,+,b0363,putative glucosyltransferase,,1197.0,0,0,0,1,0,1
382979,-,b0363,putative glucosyltransferase,,1197.0,0,0,1,0,0,0
383064,+,b0363,putative glucosyltransferase,,1197.0,0,0,0,1,0,1
383104,-,b0363,putative glucosyltransferase,,1197.0,0,0,1,0,0,0
383561,+,b0364,hypothetical protein,,558.0,0,0,0,1,0,1
383856,-,b0364,hypothetical protein,16.0,558.0,1,0,0,0,0,0
383877,+,b0364,hypothetical protein,,558.0,0,0,0,1,0,1
387967,-,b0368,taurine dioxygenase%2C 2-oxoglutarate-dependent,,852.0,0,0,0,1,0,1
388109,-,b0369,5-aminolevulinate dehydratase %28porphobilinogen synthase%29,,975.0,0,0,1,0,0,0
388978,-,b0369,5-aminolevulinate dehydratase %28porphobilinogen synthase%29,27.0,975.0,1,0,0,0,0,0
389646,-,b4580,pseudo,,1458.0,0,0,0,1,0,1
389852,+,b4580,pseudo,,1458.0,0,0,1,0,0,0
390122,-,b4580,pseudo,,1458.0,0,0,0,1,0,1
390159,+,b4580,pseudo,,1458.0,0,0,1,0,0,0
390220,-,b4580,pseudo,,1458.0,0,0,0,1,0,1
390510,+,b4580,pseudo,,1458.0,0,0,1,0,0,0
390603,+,b4580,pseudo,,1458.0,0,0,1,0,0,0
390637,+,b4580,pseudo,,1458.0,0,0,1,0,0,0
390818,+,b4580,pseudo,,1458.0,0,0,1,0,0,0
391024,-,b0372,IS3 transposase B,,867.0,0,0,1,0,0,1
391101,+,b0372,IS3 transposase B,,867.0,0,0,0,1,0,1
391998,+,b4580,pseudo,196.0,1449.0,0,1,0,0,0,1
392000,+,b4580,pseudo,194.0,1449.0,1,0,0,0,0,1
392203,-,b0373,IS3 transposase A,78.0,300.0,1,0,0,0,0,1
392274,+,b4580,pseudo,,1449.0,0,0,1,0,0,0
392322,-,b0373,IS3 transposase A,197.0,300.0,0,1,0,0,0,1
392409,-,b0373,IS3 transposase A,284.0,300.0,0,1,0,0,0,1
392448,+,b4580,pseudo,,1449.0,0,0,1,0,0,0
392607,-,b4580,pseudo,,1449.0,0,0,0,1,0,1
392919,-,b4580,pseudo,,1449.0,0,0,0,1,0,1
392929,+,b4580,pseudo,,1449.0,0,0,1,0,0,0
393395,+,b4580,pseudo,,1449.0,0,0,1,0,0,0
393622,-,b4580,pseudo,,1449.0,0,0,0,1,0,1
393638,+,b0375,putative DNA-binding transcriptional regulator,92.0,624.0,1,0,0,0,0,0
395178,+,b0376,penicillin-binding protein,,1158.0,0,0,0,1,0,1
395566,+,b0377,microcin B17 transporter,297.0,1221.0,0,1,0,0,0,1
395587,-,b0376,penicillin-binding protein,76.0,1158.0,1,0,0,0,0,0
395605,+,b0377,microcin B17 transporter,258.0,1221.0,1,0,0,0,0,1
395656,-,b0376,penicillin-binding protein,145.0,1158.0,0,1,0,0,0,0
395779,+,b0377,microcin B17 transporter,84.0,1221.0,0,1,0,0,0,0
395792,+,b0377,microcin B17 transporter,71.0,1221.0,0,1,0,0,0,0
396799,-,b0377,microcin B17 transporter,,1221.0,0,0,0,1,0,1
397095,+,b0378,putative lipoprotein required for swarming phenotype,1.0,1095.0,1,0,0,0,0,0
397446,+,b0378,putative lipoprotein required for swarming phenotype,,1095.0,0,0,1,0,0,0
397726,-,b0378,putative lipoprotein required for swarming phenotype,,1095.0,0,0,0,1,0,1
398026,-,b0378,putative lipoprotein required for swarming phenotype,,1095.0,0,0,0,1,0,1
398608,-,b0379,inner membrane protein%2C DUF2755 family,51.0,309.0,1,0,0,0,0,0
398668,+,b0380,putative inner membrane protein%2C DUF2754 family,149.0,213.0,0,1,0,0,0,0
398796,+,b0380,putative inner membrane protein%2C DUF2754 family,21.0,213.0,1,0,0,0,0,0
399328,-,b0381,D-alanine-D-alanine ligase A,,1095.0,0,0,1,0,0,0
399608,-,b0381,D-alanine-D-alanine ligase A,,1095.0,0,0,1,0,0,0
399886,-,b0381,D-alanine-D-alanine ligase A,,1095.0,0,0,1,0,0,0
400193,+,b0381,D-alanine-D-alanine ligase A,,1095.0,0,0,0,1,0,1
400543,+,b0382,anti-RssB factor%2C RpoS stabilzer during Pi starvation%3B anti-adapter protein,67.0,261.0,0,1,0,0,0,0
400587,+,b0382,anti-RssB factor%2C RpoS stabilzer during Pi starvation%3B anti-adapter protein,23.0,261.0,1,0,0,0,0,0
401484,-,b0383,bacterial alkaline phosphatase,,1416.0,0,0,0,1,0,1
401912,-,b0383,bacterial alkaline phosphatase,,1416.0,0,0,0,1,0,1
402455,+,b0384,conserved protein%2C PsiF family%2C pho regulon,50.0,321.0,1,0,0,0,0,0
402459,+,b0384,conserved protein%2C PsiF family%2C pho regulon,46.0,321.0,0,1,0,0,0,0
403596,-,b0385,diguanylate cyclase%2C cellulose regualtor,,1116.0,0,0,0,1,0,1
403793,-,b0385,diguanylate cyclase%2C cellulose regualtor,,1116.0,0,0,0,1,0,1
404921,-,b0386,pyrroline-5-carboxylate reductase%2C NAD%28P%29-binding,53.0,810.0,1,0,0,0,0,1
404966,+,b0387,conserved protein%2C UPF0178 family%2C downregulated by beryllium,22.0,459.0,1,0,0,0,0,1
405500,+,b0388,shikimate kinase II,129.0,525.0,1,0,0,0,0,0
405502,+,b0388,shikimate kinase II,127.0,525.0,0,1,0,0,0,0
405865,-,b0388,shikimate kinase II,,525.0,0,0,0,1,0,1
405914,+,b0389,OxyR-regulated conserved protein,289.0,192.0,1,0,0,0,0,0
406296,-,b0389,OxyR-regulated conserved protein,,192.0,0,0,0,1,0,1
406503,+,b0390,conserved protein%2C AroM family,149.0,678.0,1,0,0,0,0,0
406743,-,b0390,conserved protein%2C AroM family,,678.0,0,0,0,1,0,1
406923,+,b0390,conserved protein%2C AroM family,,678.0,0,0,1,0,0,0
406972,+,b0390,conserved protein%2C AroM family,,678.0,0,0,1,0,0,0
407697,+,b0392,pseudo,136.0,342.0,0,1,0,0,0,0
407740,-,b0391,conserved protein%2C UPF0345 family,,285.0,0,0,0,1,0,1
407755,+,b0392,pseudo,78.0,342.0,0,1,0,0,0,0
407796,+,b0392,pseudo,37.0,342.0,0,1,0,0,0,0
407798,+,b0392,pseudo,35.0,342.0,1,0,0,0,0,0
408223,-,b0392,pseudo,,342.0,0,0,0,1,0,1
408842,+,b0393,nucleoid-associated ssDNA and dsDNA binding protein%3B competitive inhibitor of RecA function,,912.0,0,0,0,1,0,1
409274,-,b0393,nucleoid-associated ssDNA and dsDNA binding protein%3B competitive inhibitor of RecA function,31.0,912.0,1,0,0,0,0,1
409279,+,b0394,manno%28fructo%29kinase,89.0,909.0,0,1,0,0,0,1
409344,+,b0394,manno%28fructo%29kinase,24.0,909.0,1,0,0,0,0,0
410452,+,b0396,arabinose-inducible predicted transporter%2C MFS family,,1185.0,0,0,0,1,0,1
410634,-,b0396,arabinose-inducible predicted transporter%2C MFS family,,1185.0,0,0,1,0,0,0
410659,-,b0396,arabinose-inducible predicted transporter%2C MFS family,,1185.0,0,0,1,0,0,0
410977,-,b0396,arabinose-inducible predicted transporter%2C MFS family,,1185.0,0,0,1,0,0,0
411196,-,b0396,arabinose-inducible predicted transporter%2C MFS family,,1185.0,0,0,1,0,0,0
411631,-,b0396,arabinose-inducible predicted transporter%2C MFS family,,1185.0,0,0,1,0,0,0
411755,-,b0396,arabinose-inducible predicted transporter%2C MFS family,50.0,1185.0,1,0,0,0,0,0
412577,-,b0397,exonuclease%2C dsDNA%2C ATP-dependent,,3147.0,0,0,1,0,0,0
413091,+,b0397,exonuclease%2C dsDNA%2C ATP-dependent,,3147.0,0,0,0,1,0,1
415427,+,b0398,exonuclease%2C dsDNA%2C ATP-dependent,,1203.0,0,0,0,1,0,1
415586,+,b0398,exonuclease%2C dsDNA%2C ATP-dependent,,1203.0,0,0,0,1,0,1
416200,-,b0398,exonuclease%2C dsDNA%2C ATP-dependent,24.0,1203.0,1,0,0,0,0,0
416272,+,b0399,DNA-binding response regulator in two-component regulatory system with PhoR %28or CreC%29,94.0,690.0,0,1,0,0,0,1
416325,+,b0399,DNA-binding response regulator in two-component regulatory system with PhoR %28or CreC%29,41.0,690.0,1,0,0,0,0,0
417099,-,b0399,DNA-binding response regulator in two-component regulatory system with PhoR %28or CreC%29,,690.0,0,0,0,1,0,1
417538,-,b0400,sensory histidine kinase in two-component regulatory system with PhoB,,1296.0,0,0,0,1,0,1
417557,-,b0400,sensory histidine kinase in two-component regulatory system with PhoB,,1296.0,0,0,0,1,0,1
418328,-,b0400,sensory histidine kinase in two-component regulatory system with PhoB,,1296.0,0,0,0,1,0,1
418643,+,b0401,branched-chain amino acid transport system 2 carrier protein%3B LIV-II transport system for Ile%2C Leu%2C and Val,172.0,1320.0,1,0,0,0,0,0
418738,+,b0401,branched-chain amino acid transport system 2 carrier protein%3B LIV-II transport system for Ile%2C Leu%2C and Val,77.0,1320.0,0,1,0,0,0,0
418819,+,b0401,branched-chain amino acid transport system 2 carrier protein%3B LIV-II transport system for Ile%2C Leu%2C and Val,,1320.0,0,0,1,0,0,0
418901,+,b0401,branched-chain amino acid transport system 2 carrier protein%3B LIV-II transport system for Ile%2C Leu%2C and Val,,1320.0,0,0,1,0,0,0
419445,+,b0401,branched-chain amino acid transport system 2 carrier protein%3B LIV-II transport system for Ile%2C Leu%2C and Val,,1320.0,0,0,1,0,0,0
419920,+,b0402,proline-specific permease,290.0,1374.0,0,1,0,0,0,0
419972,+,b0402,proline-specific permease,238.0,1374.0,1,0,0,0,0,0
420347,-,b0402,proline-specific permease,,1374.0,0,0,0,1,0,1
420980,+,b0402,proline-specific permease,,1374.0,0,0,1,0,0,0
421220,+,b0402,proline-specific permease,,1374.0,0,0,1,0,0,0
421735,-,b0403,maltodextrin glucosidase,,1815.0,0,0,0,1,0,1
421970,-,b0403,maltodextrin glucosidase,,1815.0,0,0,0,1,0,1
422366,-,b0403,maltodextrin glucosidase,,1815.0,0,0,0,1,0,1
422537,+,b0403,maltodextrin glucosidase,,1815.0,0,0,1,0,0,0
423566,+,b0404,hypothetical protein,,582.0,0,0,0,1,0,1
423641,-,b0404,hypothetical protein,,582.0,0,0,1,0,0,1
424206,-,b0404,hypothetical protein,64.0,582.0,0,1,0,0,0,1
424208,-,b0404,hypothetical protein,66.0,582.0,0,1,0,0,0,1
424209,+,b0405,S-adenosylmethionine:tRNA ribosyltransferase-isomerase,26.0,1071.0,1,0,0,0,0,1
424350,-,b0404,hypothetical protein,208.0,582.0,1,0,0,0,0,1
424567,-,b0405,S-adenosylmethionine:tRNA ribosyltransferase-isomerase,,1071.0,0,0,0,1,0,1
424730,-,b0405,S-adenosylmethionine:tRNA ribosyltransferase-isomerase,,1071.0,0,0,0,1,0,1
424897,-,b0405,S-adenosylmethionine:tRNA ribosyltransferase-isomerase,,1071.0,0,0,0,1,0,1
425071,-,b0405,S-adenosylmethionine:tRNA ribosyltransferase-isomerase,,1071.0,0,0,0,1,0,1
425266,+,b0406,tRNA-guanine transglycosylase,95.0,1128.0,0,1,0,0,0,0
425279,+,b0406,tRNA-guanine transglycosylase,82.0,1128.0,1,0,0,0,0,0
425711,-,b0406,tRNA-guanine transglycosylase,,1128.0,0,0,0,1,0,1
425925,+,b0406,tRNA-guanine transglycosylase,,1128.0,0,0,1,0,0,0
426000,+,b0406,tRNA-guanine transglycosylase,,1128.0,0,0,1,0,0,0
426243,+,b0407,SecYEG protein translocase auxillary subunit,268.0,333.0,0,1,0,0,0,0
426339,+,b0407,SecYEG protein translocase auxillary subunit,172.0,333.0,0,1,0,0,0,0
426428,+,b0407,SecYEG protein translocase auxillary subunit,83.0,333.0,1,0,0,0,0,0
426780,-,b0407,SecYEG protein translocase auxillary subunit,,333.0,0,0,0,1,0,1
427933,+,b0408,SecYEG protein translocase auxillary subunit,,1848.0,0,0,1,0,0,0
428857,+,b0409,SecYEG protein translocase auxillary subunit,,972.0,0,0,1,0,0,0
429361,-,b0409,SecYEG protein translocase auxillary subunit,,972.0,0,0,0,1,0,1
429800,+,b0410,conserved protein%2C HNH family,29.0,348.0,1,0,0,0,0,0
430045,-,b0410,conserved protein%2C HNH family,,348.0,0,0,0,1,0,1
430489,-,b0411,nucleoside channel%2C receptor of phage T6 and colicin K,,885.0,0,0,1,0,0,0
430545,+,b0411,nucleoside channel%2C receptor of phage T6 and colicin K,,885.0,0,0,0,1,0,1
431082,+,b0411,nucleoside channel%2C receptor of phage T6 and colicin K,,885.0,0,0,0,1,0,1
431315,-,b0411,nucleoside channel%2C receptor of phage T6 and colicin K,78.0,885.0,1,0,0,0,0,0
431409,-,b0411,nucleoside channel%2C receptor of phage T6 and colicin K,172.0,885.0,0,1,0,0,0,0
431411,-,b0411,nucleoside channel%2C receptor of phage T6 and colicin K,174.0,885.0,0,1,0,0,0,0
431469,-,b0411,nucleoside channel%2C receptor of phage T6 and colicin K,232.0,885.0,0,1,0,0,0,0
431689,-,b0412,putative lipoprotein,,540.0,0,0,1,0,0,0
432100,-,b0412,putative lipoprotein,25.0,540.0,1,0,0,0,0,0
432199,+,b0413,hypothetical protein,27.0,450.0,1,0,0,0,0,0
432201,+,b0413,hypothetical protein,25.0,450.0,0,1,0,0,0,0
432621,-,b0413,hypothetical protein,,450.0,0,0,0,1,0,1
432791,-,b0414,fused diaminohydroxyphosphoribosylaminopyrimidine deaminase and 5-amino-6-%285-phosphoribosylamino%29 uracil reductase,,1104.0,0,0,0,1,0,1
433239,-,b0414,fused diaminohydroxyphosphoribosylaminopyrimidine deaminase and 5-amino-6-%285-phosphoribosylamino%29 uracil reductase,,1104.0,0,0,0,1,0,1
433660,+,b0415,riboflavin synthase beta chain,211.0,471.0,0,1,0,0,0,0
433836,+,b0415,riboflavin synthase beta chain,35.0,471.0,1,0,0,0,0,0
433915,-,b0415,riboflavin synthase beta chain,,471.0,0,0,0,1,0,1
435438,-,b0417,thiamin-monophosphate kinase,,978.0,0,0,0,1,0,1
435800,-,b0417,thiamin-monophosphate kinase,,978.0,0,0,0,1,0,1
437000,+,b0419,2-carboxybenzaldehyde reductase,,975.0,0,0,0,1,0,1
437386,+,b0419,2-carboxybenzaldehyde reductase,,975.0,0,0,0,1,0,1
437508,-,b0419,2-carboxybenzaldehyde reductase,149.0,975.0,1,0,0,0,0,0
437531,-,b0419,2-carboxybenzaldehyde reductase,172.0,975.0,0,1,0,0,0,0
438066,+,b0420,1-deoxyxylulose-5-phosphate synthase%2C thiamine-requiring%2C FAD-requiring,,1863.0,0,0,0,1,0,1
438247,+,b0420,1-deoxyxylulose-5-phosphate synthase%2C thiamine-requiring%2C FAD-requiring,,1863.0,0,0,0,1,0,1
438784,-,b0420,1-deoxyxylulose-5-phosphate synthase%2C thiamine-requiring%2C FAD-requiring,,1863.0,0,0,1,0,0,0
438871,-,b0420,1-deoxyxylulose-5-phosphate synthase%2C thiamine-requiring%2C FAD-requiring,,1863.0,0,0,1,0,0,0
439964,+,b0421,geranyltranstransferase,,900.0,0,0,0,1,0,1
440195,-,b0421,geranyltranstransferase,,900.0,0,0,1,0,0,0
440223,+,b0421,geranyltranstransferase,,900.0,0,0,0,1,0,1
440597,-,b0422,exonuclease VII small subunit,30.0,243.0,1,0,0,0,0,0
440693,+,b0423,tRNA s%284%29U8 sulfurtransferase,80.0,1449.0,1,0,0,0,0,0
440769,-,b0422,exonuclease VII small subunit,202.0,243.0,0,1,0,0,0,1
440928,+,b0423,tRNA s%284%29U8 sulfurtransferase,,1449.0,0,0,1,0,0,0
441117,-,b0423,tRNA s%284%29U8 sulfurtransferase,,1449.0,0,0,0,1,0,1
441178,+,b0423,tRNA s%284%29U8 sulfurtransferase,,1449.0,0,0,1,0,0,0
442093,+,b0423,tRNA s%284%29U8 sulfurtransferase,,1449.0,0,0,1,0,0,0
442488,-,b0424,oxidative-stress-resistance chaperone,,591.0,0,0,1,0,0,0
443640,+,b0426,phage Phi6 host factor%2C ATP%2FGTP binding protein,267.0,492.0,0,1,0,0,0,1
443784,-,b0425,2-dehydropantoate reductase%2C NADPH-specific,45.0,912.0,1,0,0,0,0,0
443790,+,b0426,phage Phi6 host factor%2C ATP%2FGTP binding protein,117.0,492.0,0,1,0,0,0,1
443827,+,b0426,phage Phi6 host factor%2C ATP%2FGTP binding protein,80.0,492.0,0,1,0,0,0,1
443882,+,b0426,phage Phi6 host factor%2C ATP%2FGTP binding protein,25.0,492.0,1,0,0,0,0,0
444046,-,b0426,phage Phi6 host factor%2C ATP%2FGTP binding protein,,492.0,0,0,0,1,0,1
444450,+,b0427,putative transporter,,1365.0,0,0,0,1,0,1
446018,-,b0427,putative transporter,128.0,1365.0,1,0,0,0,0,0
446164,-,b0427,putative transporter,274.0,1365.0,0,1,0,0,0,0
446784,-,b0428,protoheme IX farnesyltransferase,,891.0,0,0,1,0,0,0
447232,+,b0429,cytochrome o ubiquinol oxidase subunit IV,,330.0,0,0,0,1,0,1
449040,-,b0431,cytochrome o ubiquinol oxidase subunit I,,1992.0,0,0,1,0,0,0
449423,-,b0431,cytochrome o ubiquinol oxidase subunit I,,1992.0,0,0,1,0,0,0
449846,-,b0431,cytochrome o ubiquinol oxidase subunit I,,1992.0,0,0,1,0,0,0
449864,+,b0431,cytochrome o ubiquinol oxidase subunit I,,1992.0,0,0,0,1,0,1
450877,-,b0432,cytochrome o ubiquinol oxidase subunit II,43.0,948.0,1,0,0,0,0,0
450922,+,b0432,cytochrome o ubiquinol oxidase subunit II,,948.0,0,0,0,1,0,1
451558,+,b0433,muropeptide transporter,,1476.0,0,0,0,1,0,1
452197,-,b0433,muropeptide transporter,,1476.0,0,0,1,0,0,0
452382,-,b0433,muropeptide transporter,,1476.0,0,0,1,0,0,0
452678,+,b0433,muropeptide transporter,,1476.0,0,0,0,1,0,1
453433,-,b0434,putative lipoprotein,42.0,579.0,1,0,0,0,0,0
453575,+,b0435,stationary-phase morphogene%2C transcriptional repressor for mreB%3B also regulator for dacA%2C dacC%2C and ampC,121.0,318.0,0,1,0,0,0,0
453647,+,b0435,stationary-phase morphogene%2C transcriptional repressor for mreB%3B also regulator for dacA%2C dacC%2C and ampC,49.0,318.0,0,1,0,0,0,0
453658,+,b0435,stationary-phase morphogene%2C transcriptional repressor for mreB%3B also regulator for dacA%2C dacC%2C and ampC,38.0,318.0,1,0,0,0,0,0
453888,+,b0435,stationary-phase morphogene%2C transcriptional repressor for mreB%3B also regulator for dacA%2C dacC%2C and ampC,,318.0,0,0,1,0,0,0
453939,+,b0435,stationary-phase morphogene%2C transcriptional repressor for mreB%3B also regulator for dacA%2C dacC%2C and ampC,,318.0,0,0,1,0,0,0
454058,+,b0436,peptidyl-prolyl cis%2Ftrans isomerase %28trigger factor%29,299.0,1299.0,0,1,0,0,0,0
454217,+,b0436,peptidyl-prolyl cis%2Ftrans isomerase %28trigger factor%29,140.0,1299.0,1,0,0,0,0,0
454575,-,b0436,peptidyl-prolyl cis%2Ftrans isomerase %28trigger factor%29,,1299.0,0,0,0,1,0,1
455006,-,b0436,peptidyl-prolyl cis%2Ftrans isomerase %28trigger factor%29,,1299.0,0,0,0,1,0,1
455779,+,b0437,proteolytic subunit of ClpA-ClpP and ClpX-ClpP ATP-dependent serine proteases,122.0,624.0,0,1,0,0,0,0
455801,+,b0437,proteolytic subunit of ClpA-ClpP and ClpX-ClpP ATP-dependent serine proteases,100.0,624.0,0,1,0,0,0,0
455829,+,b0437,proteolytic subunit of ClpA-ClpP and ClpX-ClpP ATP-dependent serine proteases,72.0,624.0,1,0,0,0,0,0
457444,+,b0438,ATPase and specificity subunit of ClpX-ClpP ATP-dependent serine protease,,1275.0,0,0,1,0,0,0
457549,-,b0438,ATPase and specificity subunit of ClpX-ClpP ATP-dependent serine protease,,1275.0,0,0,0,1,0,1
457815,+,b0439,DNA-binding ATP-dependent protease La,297.0,2355.0,0,1,0,0,0,0
457938,-,b0438,ATPase and specificity subunit of ClpX-ClpP ATP-dependent serine protease,,1275.0,0,0,0,1,0,1
458004,+,b0439,DNA-binding ATP-dependent protease La,108.0,2355.0,0,1,0,0,0,0
458033,+,b0439,DNA-binding ATP-dependent protease La,79.0,2355.0,0,1,0,0,0,0
458037,+,b0439,DNA-binding ATP-dependent protease La,75.0,2355.0,1,0,0,0,0,0
458039,+,b0439,DNA-binding ATP-dependent protease La,73.0,2355.0,0,1,0,0,0,0
458242,-,b0439,DNA-binding ATP-dependent protease La,,2355.0,0,0,0,1,0,1
459112,-,b0439,DNA-binding ATP-dependent protease La,,2355.0,0,0,0,1,0,1
459797,-,b0439,DNA-binding ATP-dependent protease La,,2355.0,0,0,0,1,0,1
460436,+,b0440,HU%2C DNA-binding transcriptional regulator%2C beta subunit,239.0,273.0,0,1,0,0,0,0
460556,+,b0440,HU%2C DNA-binding transcriptional regulator%2C beta subunit,119.0,273.0,1,0,0,0,0,0
460621,+,b0440,HU%2C DNA-binding transcriptional regulator%2C beta subunit,54.0,273.0,0,1,0,0,0,0
460646,-,b0440,HU%2C DNA-binding transcriptional regulator%2C beta subunit,,273.0,0,0,0,1,0,1
460950,+,b0441,periplasmic folding chaperone%2C has an inactive PPIase domain,189.0,1872.0,0,1,0,0,0,0
461071,+,b0441,periplasmic folding chaperone%2C has an inactive PPIase domain,68.0,1872.0,0,1,0,0,0,0
461077,+,b0441,periplasmic folding chaperone%2C has an inactive PPIase domain,62.0,1872.0,1,0,0,0,0,0
461132,-,b0441,periplasmic folding chaperone%2C has an inactive PPIase domain,,1872.0,0,0,0,1,0,1
461571,+,b0441,periplasmic folding chaperone%2C has an inactive PPIase domain,,1872.0,0,0,1,0,0,0
462986,+,b0442,conserved protein%2C ComEA homolog,175.0,372.0,1,0,0,0,0,0
463288,-,b0442,conserved protein%2C ComEA homolog,,372.0,0,0,0,1,0,1
463619,-,b0442,conserved protein%2C ComEA homolog,,372.0,0,0,0,1,0,1
464798,-,b0444,7-cyano-7-deazaguanine %28preQ0%29 synthase%3B queuosine biosynthesis,27.0,696.0,1,0,0,0,0,0
464880,+,b0445,putative transporter subunit: periplasmic-binding component of ABC superfamily,,1701.0,0,0,0,1,0,1
465038,+,b0445,putative transporter subunit: periplasmic-binding component of ABC superfamily,,1701.0,0,0,0,1,0,1
465290,+,b0445,putative transporter subunit: periplasmic-binding component of ABC superfamily,,1701.0,0,0,0,1,0,1
465454,+,b0445,putative transporter subunit: periplasmic-binding component of ABC superfamily,,1701.0,0,0,0,1,0,1
465918,+,b0445,putative transporter subunit: periplasmic-binding component of ABC superfamily,,1701.0,0,0,0,1,0,1
466607,+,b0446,thiamin pyrimidine pyrophosphate hydrolase%3B HMP-PP phosphatase,29.0,819.0,1,0,0,0,0,1
467329,+,b0447,putative DNA-binding transcriptional regulator,278.0,459.0,0,1,0,0,0,0
467579,+,b0447,putative DNA-binding transcriptional regulator,28.0,459.0,1,0,0,0,0,0
467628,+,b0447,putative DNA-binding transcriptional regulator,,459.0,0,0,1,0,0,0
467703,+,b0447,putative DNA-binding transcriptional regulator,,459.0,0,0,1,0,0,0
468556,+,b0448,fused predicted multidrug transporter subunits of ABC superfamily: ATP-binding components,,1773.0,0,0,1,0,0,0
469490,+,b0448,fused predicted multidrug transporter subunits of ABC superfamily: ATP-binding components,,1773.0,0,0,1,0,0,0
469708,-,b0448,fused predicted multidrug transporter subunits of ABC superfamily: ATP-binding components,,1773.0,0,0,0,1,0,1
469858,-,b0448,fused predicted multidrug transporter subunits of ABC superfamily: ATP-binding components,,1773.0,0,0,0,1,0,1
470009,-,b0449,fused predicted multidrug transporter subunits of ABC superfamily: ATP-binding components,,1782.0,0,0,0,1,0,1
471511,+,b0449,fused predicted multidrug transporter subunits of ABC superfamily: ATP-binding components,,1782.0,0,0,1,0,0,0
472304,+,b0451,ammonium transporter,,1287.0,0,0,1,0,0,0
472450,+,b0451,ammonium transporter,,1287.0,0,0,1,0,0,0
472676,+,b0451,ammonium transporter,,1287.0,0,0,1,0,0,0
473164,+,b0451,ammonium transporter,,1287.0,0,0,1,0,0,0
473783,+,b0452,acyl-CoA thioesterase II,,861.0,0,0,0,1,0,1
474425,-,b0452,acyl-CoA thioesterase II,40.0,861.0,1,0,0,0,0,0
474530,+,b0453,outer membrane lipoprotein,73.0,573.0,1,0,0,0,0,0
474544,+,b0453,outer membrane lipoprotein,59.0,573.0,0,1,0,0,0,0
475536,-,b0454,excision repair protein%2C alkyltransferase-like protein ATL,,390.0,0,0,1,0,0,0
475558,+,b0455,4.5S sRNA component of Signal Recognition Particle %28SRP%29,114.0,114.0,0,1,0,0,0,1
475646,+,b0455,4.5S sRNA component of Signal Recognition Particle %28SRP%29,26.0,114.0,1,0,0,0,0,1
475711,-,b0454,excision repair protein%2C alkyltransferase-like protein ATL,116.0,390.0,1,0,0,0,0,1
475840,+,b0456,conserved protein%2C DUF1428 family,56.0,354.0,1,0,0,0,0,0
476435,+,b0457,putative membrane-anchored cyclic-di-GMP phosphodiesterase,,1551.0,0,0,0,1,0,1
476560,+,b0457,putative membrane-anchored cyclic-di-GMP phosphodiesterase,,1551.0,0,0,0,1,0,1
476591,+,b0457,putative membrane-anchored cyclic-di-GMP phosphodiesterase,,1551.0,0,0,0,1,0,1
476971,-,b0457,putative membrane-anchored cyclic-di-GMP phosphodiesterase,,1551.0,0,0,1,0,0,0
477185,-,b0457,putative membrane-anchored cyclic-di-GMP phosphodiesterase,,1551.0,0,0,1,0,0,0
477191,-,b0457,putative membrane-anchored cyclic-di-GMP phosphodiesterase,,1551.0,0,0,1,0,0,0
477412,-,b0457,putative membrane-anchored cyclic-di-GMP phosphodiesterase,,1551.0,0,0,1,0,0,0
477431,+,b0457,putative membrane-anchored cyclic-di-GMP phosphodiesterase,,1551.0,0,0,0,1,0,1
477595,+,b0457,putative membrane-anchored cyclic-di-GMP phosphodiesterase,,1551.0,0,0,0,1,0,1
477866,-,b0457,putative membrane-anchored cyclic-di-GMP phosphodiesterase,25.0,1551.0,1,0,0,0,0,0
478512,-,b0458,inner membrane protein%2C DUF1449 family,37.0,471.0,1,0,0,0,0,0
478545,-,b0458,inner membrane protein%2C DUF1449 family,70.0,471.0,0,1,0,0,0,0
478604,+,b0459,maltose O-acetyltransferase,,552.0,0,0,0,1,0,1
478930,+,b0459,maltose O-acetyltransferase,,552.0,0,0,0,1,0,1
479028,-,b0459,maltose O-acetyltransferase,,552.0,0,0,1,0,0,0
479168,-,b0459,maltose O-acetyltransferase,26.0,552.0,1,0,0,0,0,0
479338,-,b0459,maltose O-acetyltransferase,196.0,552.0,0,1,0,0,0,0
479647,-,b0460,modulator of gene expression%2C with H-NS,115.0,219.0,0,1,0,0,0,0
479663,+,b0461,Hha toxicity attenuator%3B conjugation-related protein,,375.0,0,0,0,1,0,1
479725,-,b0460,modulator of gene expression%2C with H-NS,193.0,219.0,1,0,0,0,0,0
479857,-,b0461,Hha toxicity attenuator%3B conjugation-related protein,,375.0,0,0,1,0,0,0
480019,-,b0461,Hha toxicity attenuator%3B conjugation-related protein,87.0,375.0,1,0,0,0,0,0
480104,-,b0461,Hha toxicity attenuator%3B conjugation-related protein,172.0,375.0,0,1,0,0,0,0
480805,+,b0462,multidrug efflux system protein,,3150.0,0,0,0,1,0,1
481275,-,b0462,multidrug efflux system protein,,3150.0,0,0,1,0,0,0
481325,+,b0462,multidrug efflux system protein,,3150.0,0,0,0,1,0,1
481459,+,b0462,multidrug efflux system protein,,3150.0,0,0,0,1,0,1
482935,+,b0462,multidrug efflux system protein,,3150.0,0,0,0,1,0,1
483577,+,b0462,multidrug efflux system protein,,3150.0,0,0,0,1,0,1
484060,+,b0463,multidrug efflux system,,1194.0,0,0,0,1,0,1
485064,-,b0463,multidrug efflux system,221.0,1194.0,1,0,0,0,0,1
485083,+,b0464,DNA-binding transcriptional repressor,,648.0,0,0,1,0,0,0
485204,-,b0464,DNA-binding transcriptional repressor,,648.0,0,0,0,1,0,1
485310,-,b0464,DNA-binding transcriptional repressor,,648.0,0,0,0,1,0,1
485329,-,b0464,DNA-binding transcriptional repressor,,648.0,0,0,0,1,0,1
485566,-,b0464,DNA-binding transcriptional repressor,,648.0,0,0,0,1,0,1
485713,+,b0465,mechanosensitive channel protein%2C intermediate conductance%2C K%2B regulated,47.0,3363.0,1,0,0,0,0,0
486277,+,b0465,mechanosensitive channel protein%2C intermediate conductance%2C K%2B regulated,,3363.0,0,0,1,0,0,0
486925,+,b0465,mechanosensitive channel protein%2C intermediate conductance%2C K%2B regulated,,3363.0,0,0,1,0,0,0
487553,+,b0465,mechanosensitive channel protein%2C intermediate conductance%2C K%2B regulated,,3363.0,0,0,1,0,0,0
488501,+,b0465,mechanosensitive channel protein%2C intermediate conductance%2C K%2B regulated,,3363.0,0,0,1,0,0,0
488828,+,b0465,mechanosensitive channel protein%2C intermediate conductance%2C K%2B regulated,,3363.0,0,0,1,0,0,0
488990,+,b0465,mechanosensitive channel protein%2C intermediate conductance%2C K%2B regulated,,3363.0,0,0,1,0,0,0
489453,-,b0466,hypothetical protein,,162.0,0,0,1,0,0,0
490083,+,b0468,inner membrane protein%2C DUF454 family,23.0,378.0,1,0,0,0,0,1
490112,-,b0467,primosomal replication protein N%27%27,76.0,528.0,1,0,0,0,0,1
490446,+,b0469,adenine phosphoribosyltransferase,190.0,552.0,0,1,0,0,0,0
490530,+,b0469,adenine phosphoribosyltransferase,106.0,552.0,0,1,0,0,0,0
490535,+,b0469,adenine phosphoribosyltransferase,101.0,552.0,1,0,0,0,0,0
490663,-,b0469,adenine phosphoribosyltransferase,,552.0,0,0,0,1,0,1
490725,-,b0469,adenine phosphoribosyltransferase,,552.0,0,0,0,1,0,1
491181,-,b0469,adenine phosphoribosyltransferase,,552.0,0,0,0,1,0,1
491279,+,b0470,DNA polymerase III%2FDNA elongation factor III%2C tau and gamma subunits,37.0,1932.0,1,0,0,0,0,0
491670,-,b0470,DNA polymerase III%2FDNA elongation factor III%2C tau and gamma subunits,,1932.0,0,0,0,1,0,1
493101,+,b0471,hypothetical protein,199.0,330.0,1,0,0,0,0,0
493641,+,b0472,gap repair protein,,606.0,0,0,1,0,0,0
494299,-,b0472,gap repair protein,,606.0,0,0,0,1,0,1
494300,+,b0473,protein refolding molecular co-chaperone Hsp90%2C Hsp70-dependent%3B heat-shock protein%3B ATPase,44.0,1875.0,1,0,0,0,0,0
494402,-,b0473,protein refolding molecular co-chaperone Hsp90%2C Hsp70-dependent%3B heat-shock protein%3B ATPase,,1875.0,0,0,0,1,0,1
495717,+,b0473,protein refolding molecular co-chaperone Hsp90%2C Hsp70-dependent%3B heat-shock protein%3B ATPase,,1875.0,0,0,1,0,0,0
496340,-,b0474,adenylate kinase,,645.0,0,0,0,1,0,1
496357,+,b0474,adenylate kinase,42.0,645.0,1,0,0,0,0,0
496675,+,b0474,adenylate kinase,,645.0,0,0,1,0,0,0
496791,-,b0474,adenylate kinase,,645.0,0,0,0,1,0,1
497074,+,b0475,ferrochelatase,205.0,963.0,1,0,0,0,0,0
497632,-,b0475,ferrochelatase,,963.0,0,0,0,1,0,1
497867,+,b0475,ferrochelatase,,963.0,0,0,1,0,0,0
498681,-,b0476,acetyl esterase,,960.0,0,0,1,0,0,0
498794,+,b0476,acetyl esterase,,960.0,0,0,0,1,0,1
499217,-,b0476,acetyl esterase,20.0,960.0,1,0,0,0,0,0
499323,+,b0477,inosine%2Fguanosine kinase,26.0,1305.0,1,0,0,0,0,0
499511,+,b0477,inosine%2Fguanosine kinase,,1305.0,0,0,1,0,0,0
499640,+,b0477,inosine%2Fguanosine kinase,,1305.0,0,0,1,0,0,0
500349,-,b0477,inosine%2Fguanosine kinase,,1305.0,0,0,0,1,0,1
500461,-,b0477,inosine%2Fguanosine kinase,,1305.0,0,0,0,1,0,1
500556,+,b0477,inosine%2Fguanosine kinase,,1305.0,0,0,1,0,0,0
501716,-,b0478,putative transporter with NAD%28P%29-binding Rossmann-fold domain,,1677.0,0,0,1,0,0,0
502519,-,b0478,putative transporter with NAD%28P%29-binding Rossmann-fold domain,57.0,1677.0,1,0,0,0,0,0
503223,+,b0479,putative fosmidomycin efflux system,,1221.0,0,0,0,1,0,1
503973,-,b0479,putative fosmidomycin efflux system,53.0,1221.0,0,1,0,0,0,0
503978,-,b0479,putative fosmidomycin efflux system,58.0,1221.0,1,0,0,0,0,0
503996,+,b0480,bifunctional UDP-sugar hydrolase%2F5%27-nucleotidase,142.0,1653.0,0,1,0,0,0,1
504112,+,b0480,bifunctional UDP-sugar hydrolase%2F5%27-nucleotidase,26.0,1653.0,1,0,0,0,0,0
505152,+,b0480,bifunctional UDP-sugar hydrolase%2F5%27-nucleotidase,,1653.0,0,0,1,0,0,0
506094,+,b0481,hypothetical protein,,480.0,0,0,0,1,0,1
506322,+,b4585,sRNA antisense regulator of OM chitoporin ChiP%28YbfM%29%2C Hfq-dependent,106.0,84.0,0,1,0,0,0,1
506372,+,b4585,sRNA antisense regulator of OM chitoporin ChiP%28YbfM%29%2C Hfq-dependent,56.0,84.0,0,1,0,0,0,1
506424,+,b4585,sRNA antisense regulator of OM chitoporin ChiP%28YbfM%29%2C Hfq-dependent,4.0,84.0,0,1,0,0,0,1
506428,+,b4585,sRNA antisense regulator of OM chitoporin ChiP%28YbfM%29%2C Hfq-dependent,0.0,84.0,1,0,0,0,0,1
507321,-,b0482,conserved protein%2C TraB family,17.0,795.0,1,0,0,0,0,0
507336,+,b0483,putative DNA-binding transcriptional regulator,106.0,342.0,0,1,0,0,0,1
507400,+,b0483,putative DNA-binding transcriptional regulator,42.0,342.0,0,1,0,0,0,1
507406,+,b0483,putative DNA-binding transcriptional regulator,36.0,342.0,1,0,0,0,0,0
507601,+,b0483,putative DNA-binding transcriptional regulator,,342.0,0,0,1,0,0,0
508210,-,b0484,copper transporter,,2505.0,0,0,1,0,0,0
509951,+,b0484,copper transporter,,2505.0,0,0,0,1,0,1
511973,+,b0486,putative amino acid transporter,,1293.0,0,0,1,0,0,0
513102,+,b0487,DNA-binding transcriptional activator of copper-responsive regulon genes,115.0,408.0,1,0,0,0,0,0
514926,-,b0489,multicopy suppressor of ftsH htpX double mutant%3B membrane-anchored predicted protease with C-terminal cytoplasmic PHB domain,,918.0,0,0,1,0,0,0
515049,-,b0489,multicopy suppressor of ftsH htpX double mutant%3B membrane-anchored predicted protease with C-terminal cytoplasmic PHB domain,52.0,918.0,1,0,0,0,0,1
515116,+,b0490,putative transporter subunit: ATP-binding component of ABC superfamily,27.0,678.0,1,0,0,0,0,0
515739,-,b0490,putative transporter subunit: ATP-binding component of ABC superfamily,,678.0,0,0,0,1,0,1
516545,+,b0491,inner membrane protein%2C UPF0014 family,,780.0,0,0,1,0,0,0
517076,+,b0492,DnaK co-chaperone%2C thioredoxin-like protein,,855.0,0,0,0,1,0,1
517382,+,b0492,DnaK co-chaperone%2C thioredoxin-like protein,,855.0,0,0,0,1,0,1
517496,+,b0492,DnaK co-chaperone%2C thioredoxin-like protein,,855.0,0,0,0,1,0,1
517530,-,b0492,DnaK co-chaperone%2C thioredoxin-like protein,27.0,855.0,1,0,0,0,0,0
518388,+,b0493,putative oxidoreductase with NAD%28P%29-binding Rossmann-fold domain,,810.0,0,0,0,1,0,1
518552,-,b0493,putative oxidoreductase with NAD%28P%29-binding Rossmann-fold domain,179.0,810.0,1,0,0,0,0,0
518613,+,b0494,multifunctional acyl-CoA thioesterase I and protease I and lysophospholipase L1,,627.0,0,0,0,1,0,1
519021,-,b0494,multifunctional acyl-CoA thioesterase I and protease I and lysophospholipase L1,32.0,627.0,1,0,0,0,0,1
521458,+,b0496,putative ABC transporter permease,,2415.0,0,0,1,0,0,0
523635,+,b0497,rhsD element protein,,4281.0,0,0,1,0,0,0
524522,-,b0497,rhsD element protein,,4281.0,0,0,0,1,0,1
526158,+,b0497,rhsD element protein,,4281.0,0,0,1,0,0,0
526159,-,b0497,rhsD element protein,,4281.0,0,0,0,1,0,1
526178,+,b0497,rhsD element protein,,4281.0,0,0,1,0,0,0
526264,-,b0497,rhsD element protein,,4281.0,0,0,0,1,0,1
526430,+,b0497,rhsD element protein,,4281.0,0,0,1,0,0,0
526492,+,b0497,rhsD element protein,,4281.0,0,0,1,0,0,0
527354,+,b0499,pseudo,,708.0,0,0,1,0,0,0
527510,-,b0499,pseudo,,708.0,0,0,0,1,0,1
528236,-,b0501,pseudo,,491.0,0,0,0,1,0,1
528252,+,b0501,pseudo,,491.0,0,0,1,0,0,0
529141,-,b0502,pseudo,,422.0,0,0,1,0,0,0
529241,+,b0502,pseudo,,422.0,0,0,0,1,0,1
529667,+,b0503,tRNA 2-selenouridine synthase%2C selenophosphate-dependent,,1095.0,0,0,0,1,0,1
530116,-,b0503,tRNA 2-selenouridine synthase%2C selenophosphate-dependent,,1095.0,0,0,1,0,0,0
530477,-,b0503,tRNA 2-selenouridine synthase%2C selenophosphate-dependent,27.0,1095.0,1,0,0,0,0,0
531509,-,b0504,DNA-binding transcriptional activator of the allD operon,64.0,927.0,1,0,0,0,0,0
531614,+,b0505,ureidoglycolate hydrolase,61.0,483.0,1,0,0,0,0,0
531840,+,b0505,ureidoglycolate hydrolase,,483.0,0,0,1,0,0,0
532171,-,b0505,ureidoglycolate hydrolase,,483.0,0,0,0,1,0,1
532189,+,b0506,DNA-binding transcriptional repressor for all %28allantoin%29 and gcl %28glyoxylate%29 operons%3B glyoxylate-induced,46.0,816.0,0,1,0,0,0,0
532207,+,b0506,DNA-binding transcriptional repressor for all %28allantoin%29 and gcl %28glyoxylate%29 operons%3B glyoxylate-induced,28.0,816.0,1,0,0,0,0,0
532760,+,b0506,DNA-binding transcriptional repressor for all %28allantoin%29 and gcl %28glyoxylate%29 operons%3B glyoxylate-induced,,816.0,0,0,1,0,0,0
532856,+,b0507,glyoxylate carboligase,284.0,1782.0,1,0,0,0,0,0
534049,+,b0507,glyoxylate carboligase,,1782.0,0,0,1,0,0,0
534103,+,b0507,glyoxylate carboligase,,1782.0,0,0,1,0,0,0
535993,+,b0509,tartronate semialdehyde reductase%2C NADH-dependent,,879.0,0,0,1,0,0,0
536944,-,b0511,putative allantoin transporter,,1455.0,0,0,0,1,0,1
539361,+,b0512,allantoinase,,1362.0,0,0,1,0,0,0
539571,+,b0513,putative uracil%2Fxanthine transporter,218.0,1302.0,1,0,0,0,0,0
540123,-,b0513,putative uracil%2Fxanthine transporter,,1302.0,0,0,0,1,0,1
540259,+,b0513,putative uracil%2Fxanthine transporter,,1302.0,0,0,1,0,0,0
540431,+,b0513,putative uracil%2Fxanthine transporter,,1302.0,0,0,1,0,0,0
541120,+,b0514,glycerate kinase II,,1146.0,0,0,1,0,0,0
541334,+,b0514,glycerate kinase II,,1146.0,0,0,1,0,0,0
542385,+,b0515,hypothetical protein,,786.0,0,0,0,1,0,1
542562,-,b0515,hypothetical protein,,786.0,0,0,1,0,0,0
543358,+,b0515,hypothetical protein,,786.0,0,0,0,1,0,1
543795,-,b0516,allantoate amidohydrolase,,1236.0,0,0,1,0,0,0
543805,-,b0516,allantoate amidohydrolase,,1236.0,0,0,1,0,0,0
545363,+,b0517,ureidoglycolate dehydrogenase,,1050.0,0,0,0,1,0,1
551542,-,b0522,N5-carboxyaminoimidazole ribonucleotide synthase,,1068.0,0,0,1,0,0,0
552365,-,b0523,N5-carboxyaminoimidazole ribonucleotide mutase,42.0,510.0,1,0,0,0,0,0
553246,-,b0524,UDP-2%2C3-diacylglucosamine pyrophosphatase,83.0,723.0,1,0,0,0,0,0
553407,-,b0524,UDP-2%2C3-diacylglucosamine pyrophosphatase,244.0,723.0,0,1,0,0,0,0
553639,+,b0526,cysteinyl-tRNA synthetase,195.0,1386.0,0,1,0,0,0,1
553713,-,b0525,peptidyl-prolyl cis-trans isomerase B %28rotamase B%29,53.0,495.0,1,0,0,0,0,0
553781,-,b0525,peptidyl-prolyl cis-trans isomerase B %28rotamase B%29,121.0,495.0,0,1,0,0,0,1
553800,+,b0526,cysteinyl-tRNA synthetase,34.0,1386.0,1,0,0,0,0,0
553845,-,b0525,peptidyl-prolyl cis-trans isomerase B %28rotamase B%29,185.0,495.0,0,1,0,0,0,1
553943,+,b0526,cysteinyl-tRNA synthetase,,1386.0,0,0,1,0,0,0
554687,+,b0526,cysteinyl-tRNA synthetase,,1386.0,0,0,1,0,0,0
555802,-,b0527,inner membrane protein%2C DUF457 family,26.0,522.0,0,1,0,0,0,0
555994,-,b0527,inner membrane protein%2C DUF457 family,218.0,522.0,1,0,0,0,0,0
556115,-,b0528,ribosome-associated protein%3B predicted RNA-binding protein,19.0,213.0,0,1,0,0,0,0
556125,+,b0528,ribosome-associated protein%3B predicted RNA-binding protein,,213.0,0,0,0,1,0,1
556244,-,b0528,ribosome-associated protein%3B predicted RNA-binding protein,148.0,213.0,1,0,0,0,0,0
556247,-,b0528,ribosome-associated protein%3B predicted RNA-binding protein,151.0,213.0,0,1,0,0,0,0
556343,-,b0528,ribosome-associated protein%3B predicted RNA-binding protein,247.0,213.0,0,1,0,0,0,0
557004,-,b0529,bifunctional 5%2C10-methylene-tetrahydrofolate dehydrogenase%2F 5%2C10-methylene-tetrahydrofolate cyclohydrolase,40.0,867.0,1,0,0,0,0,0
557255,+,b0530,putative fimbrial-like adhesin protein,180.0,543.0,1,0,0,0,0,0
559003,-,b0532,putative outer membrane export usher protein,,2604.0,0,0,0,1,0,1
559757,+,b0532,putative outer membrane export usher protein,,2604.0,0,0,1,0,0,0
560245,-,b0532,putative outer membrane export usher protein,,2604.0,0,0,0,1,0,1
560394,+,b0532,putative outer membrane export usher protein,,2604.0,0,0,1,0,0,0
561078,-,b0532,putative outer membrane export usher protein,,2604.0,0,0,0,1,0,1
561184,-,b0532,putative outer membrane export usher protein,,2604.0,0,0,0,1,0,1
561364,-,b0532,putative outer membrane export usher protein,,2604.0,0,0,0,1,0,1
562077,-,b0533,putative fimbrial-like adhesin protein,,984.0,0,0,0,1,0,1
563601,+,b0535,putative DNA-binding transcriptional regulator,,633.0,0,0,0,1,0,1
563921,+,b0536,tRNA-Arg,25.0,77.0,1,0,0,0,0,0
564555,+,b0537,DLP12 prophage%3B predicted integrase,,1164.0,0,0,0,1,0,1
565163,-,b0537,DLP12 prophage%3B predicted integrase,,1164.0,0,0,1,0,0,0
565236,-,b0537,DLP12 prophage%3B predicted integrase,35.0,1164.0,1,0,0,0,0,0
565315,+,b4508,pseudo,284.0,312.0,0,1,0,0,0,1
565455,+,b4508,pseudo,144.0,312.0,1,0,0,0,0,1
566192,-,b0540,IS3 transposase A,,300.0,0,0,0,1,0,1
567089,-,b0541,IS3 transposase B,,867.0,0,0,0,1,0,1
567166,+,b0542,pseudo,92.0,213.0,1,0,0,0,0,0
567487,-,b0542,pseudo,,213.0,0,0,0,1,0,1
567514,+,b0543,DLP12 prophage%3B multidrug resistance protein,24.0,333.0,1,0,0,0,0,0
567653,+,b0543,DLP12 prophage%3B multidrug resistance protein,,333.0,0,0,1,0,0,0
568278,+,b0544,DLP12 prophage%3B predicted recombinase,,1527.0,0,0,1,0,0,0
568494,+,b0544,DLP12 prophage%3B predicted recombinase,,1527.0,0,0,1,0,0,0
570029,+,b0545,DLP12 prophage%3B secreted protein%2C UPF0098 family,87.0,552.0,1,0,0,0,0,0
570527,-,b0545,DLP12 prophage%3B secreted protein%2C UPF0098 family,,552.0,0,0,0,1,0,1
570587,+,b0546,DLP12 prophage%3B predicted DNA-binding transcriptional regulator,90.0,798.0,1,0,0,0,0,0
570642,-,b0545,DLP12 prophage%3B secreted protein%2C UPF0098 family,,552.0,0,0,0,1,0,1
570856,+,b0546,DLP12 prophage%3B predicted DNA-binding transcriptional regulator,,798.0,0,0,1,0,0,0
571159,+,b0546,DLP12 prophage%3B predicted DNA-binding transcriptional regulator,,798.0,0,0,1,0,0,0
571313,+,b4588,hypothetical protein%2C DLP12 prophage,278.0,102.0,0,1,0,0,0,0
571426,-,b0546,DLP12 prophage%3B predicted DNA-binding transcriptional regulator,,798.0,0,0,0,1,0,1
571444,+,b4588,hypothetical protein%2C DLP12 prophage,147.0,102.0,1,0,0,0,0,0
571488,-,b0546,DLP12 prophage%3B predicted DNA-binding transcriptional regulator,,798.0,0,0,0,1,0,1
572979,+,b0551,DLP12 prophage%3B predicted antitermination protein,200.0,384.0,1,0,0,0,0,0
573406,+,b0551,DLP12 prophage%3B predicted antitermination protein,,384.0,0,0,1,0,0,0
574967,-,b0552,IS5 transposase and trans-activator,,1017.0,0,0,1,0,0,0
575003,-,b0552,IS5 transposase and trans-activator,27.0,1017.0,1,0,0,0,0,0
575093,+,b0553,pseudo,,1040.0,0,0,0,1,0,1
575189,-,b0552,IS5 transposase and trans-activator,213.0,1017.0,0,1,0,0,0,0
575518,+,b0553,pseudo,,1040.0,0,0,0,1,0,1
576081,+,b0553,pseudo,,1040.0,0,0,0,1,0,1
576093,-,b0553,pseudo,45.0,1040.0,1,0,0,0,0,0
576452,+,b0554,DLP12 prophage%3B predicted phage lysis protein,169.0,216.0,1,0,0,0,0,0
576581,-,b0554,DLP12 prophage%3B predicted phage lysis protein,,216.0,0,0,0,1,0,1
576907,+,b0555,DLP12 prophage%3B predicted lysozyme,,498.0,0,0,1,0,0,0
577165,-,b0555,DLP12 prophage%3B predicted lysozyme,,498.0,0,0,0,1,0,1
577365,-,b0555,DLP12 prophage%3B predicted lysozyme,,498.0,0,0,0,1,0,1
578369,+,b0558,DLP12 prophage%3B putative protein,,411.0,0,0,0,1,0,1
578844,-,b0558,DLP12 prophage%3B putative protein,27.0,411.0,1,0,0,0,0,0
578931,+,b0559,DLP12 prophage%3B putative protein,172.0,207.0,1,0,0,0,0,0
579070,+,b0559,DLP12 prophage%3B putative protein,33.0,207.0,0,1,0,0,0,0
579199,+,b0559,DLP12 prophage%3B putative protein,,207.0,0,0,1,0,0,0
580531,+,b4634,pseudo,46.0,309.0,1,0,0,0,0,0
580876,-,b4634,pseudo,,309.0,0,0,0,1,0,1
581441,+,b0562,pseudo,,655.0,0,0,0,1,0,1
581499,-,b0562,pseudo,,655.0,0,0,1,0,0,0
581993,-,b0562,pseudo,,655.0,0,0,1,0,0,0
582054,-,b0562,pseudo,25.0,655.0,0,1,0,0,0,0
582057,+,b0563,pseudo,119.0,183.0,1,0,0,0,0,1
582200,-,b0562,pseudo,171.0,655.0,1,0,0,0,0,1
582359,-,b0563,pseudo,,183.0,0,0,0,1,0,1
582805,+,b0564,DNA-binding global transcriptional activator%3B DLP12 prophage,99.0,750.0,0,1,0,0,0,0
582819,+,b0564,DNA-binding global transcriptional activator%3B DLP12 prophage,85.0,750.0,1,0,0,0,0,0
583685,-,b0564,DNA-binding global transcriptional activator%3B DLP12 prophage,,750.0,0,0,0,1,0,1
583999,+,b0565,DLP12 prophage%3B outer membrane protease VII %28outer membrane protein 3b%29,,954.0,0,0,0,1,0,1
584331,+,b0565,DLP12 prophage%3B outer membrane protease VII %28outer membrane protein 3b%29,,954.0,0,0,0,1,0,1
584887,-,b0565,DLP12 prophage%3B outer membrane protease VII %28outer membrane protein 3b%29,31.0,954.0,1,0,0,0,0,0
584893,-,b0565,DLP12 prophage%3B outer membrane protease VII %28outer membrane protein 3b%29,37.0,954.0,0,1,0,0,0,0
585001,-,b0565,DLP12 prophage%3B outer membrane protease VII %28outer membrane protein 3b%29,145.0,954.0,0,1,0,0,0,0
585005,-,b0565,DLP12 prophage%3B outer membrane protease VII %28outer membrane protein 3b%29,149.0,954.0,0,1,0,0,0,0
585282,+,b4635,pseudo,,45.0,0,0,1,0,0,1
585579,+,b0566,DNA-binding transcriptional activator of porin biosynthesis,,762.0,0,0,0,1,0,1
585934,+,b0566,DNA-binding transcriptional activator of porin biosynthesis,,762.0,0,0,0,1,0,1
586184,+,b0566,DNA-binding transcriptional activator of porin biosynthesis,,762.0,0,0,0,1,0,1
586240,-,b0566,DNA-binding transcriptional activator of porin biosynthesis,109.0,762.0,1,0,0,0,0,0
586714,-,b0567,hypothetical protein,,891.0,0,0,1,0,0,0
588254,+,b0568,bacteriophage N4 receptor%2C outer membrane subunit,,2973.0,0,0,0,1,0,1
588612,-,b0568,bacteriophage N4 receptor%2C outer membrane subunit,,2973.0,0,0,1,0,0,0
588867,+,b0568,bacteriophage N4 receptor%2C outer membrane subunit,,2973.0,0,0,0,1,0,1
588949,-,b0568,bacteriophage N4 receptor%2C outer membrane subunit,,2973.0,0,0,1,0,0,0
589268,+,b0568,bacteriophage N4 receptor%2C outer membrane subunit,,2973.0,0,0,0,1,0,1
589545,-,b0568,bacteriophage N4 receptor%2C outer membrane subunit,,2973.0,0,0,1,0,0,0
589601,+,b0568,bacteriophage N4 receptor%2C outer membrane subunit,,2973.0,0,0,0,1,0,1
590272,+,b0568,bacteriophage N4 receptor%2C outer membrane subunit,,2973.0,0,0,0,1,0,1
590484,-,b0569,bacteriophage N4 receptor%2C inner membrane subunit,,2238.0,0,0,1,0,0,0
591760,-,b0569,bacteriophage N4 receptor%2C inner membrane subunit,,2238.0,0,0,1,0,0,0
591889,+,b0569,bacteriophage N4 receptor%2C inner membrane subunit,,2238.0,0,0,0,1,0,1
592363,+,b0569,bacteriophage N4 receptor%2C inner membrane subunit,,2238.0,0,0,0,1,0,1
592436,-,b0569,bacteriophage N4 receptor%2C inner membrane subunit,35.0,2238.0,1,0,0,0,0,0
592812,+,b0570,sensory histidine kinase in two-component regulatory system with CusR%2C senses copper ions,,1443.0,0,0,0,1,0,1
592922,-,b0570,sensory histidine kinase in two-component regulatory system with CusR%2C senses copper ions,,1443.0,0,0,1,0,0,0
593250,+,b0570,sensory histidine kinase in two-component regulatory system with CusR%2C senses copper ions,,1443.0,0,0,0,1,0,1
593336,+,b0570,sensory histidine kinase in two-component regulatory system with CusR%2C senses copper ions,,1443.0,0,0,0,1,0,1
593427,-,b0570,sensory histidine kinase in two-component regulatory system with CusR%2C senses copper ions,,1443.0,0,0,1,0,0,0
593439,+,b0570,sensory histidine kinase in two-component regulatory system with CusR%2C senses copper ions,,1443.0,0,0,0,1,0,1
594472,-,b0571,DNA-binding response regulator in two-component regulatory system with CusS,,684.0,0,0,1,0,0,0
594522,-,b0571,DNA-binding response regulator in two-component regulatory system with CusS,,684.0,0,0,1,0,0,0
594684,-,b0571,DNA-binding response regulator in two-component regulatory system with CusS,18.0,684.0,1,0,0,0,0,0
594690,-,b0571,DNA-binding response regulator in two-component regulatory system with CusS,24.0,684.0,0,1,0,0,0,0
594797,+,b0572,copper%2Fsilver efflux system%2C outer membrane component,26.0,1374.0,1,0,0,0,0,0
595301,-,b0572,copper%2Fsilver efflux system%2C outer membrane component,,1374.0,0,0,0,1,0,1
596045,-,b0572,copper%2Fsilver efflux system%2C outer membrane component,,1374.0,0,0,0,1,0,1
596215,+,b0573,periplasmic copper- and silver-binding protein,139.0,333.0,1,0,0,0,0,0
596317,-,b0573,periplasmic copper- and silver-binding protein,,333.0,0,0,0,1,0,1
596340,-,b0573,periplasmic copper- and silver-binding protein,,333.0,0,0,0,1,0,1
596419,-,b0573,periplasmic copper- and silver-binding protein,,333.0,0,0,0,1,0,1
596837,-,b0574,copper%2Fsilver efflux system%2C membrane fusion protein,,1224.0,0,0,0,1,0,1
596841,+,b0574,copper%2Fsilver efflux system%2C membrane fusion protein,,1224.0,0,0,1,0,0,0
597052,-,b0574,copper%2Fsilver efflux system%2C membrane fusion protein,,1224.0,0,0,0,1,0,1
598074,-,b0575,copper%2Fsilver efflux system%2C membrane component,,3144.0,0,0,0,1,0,1
598613,-,b0575,copper%2Fsilver efflux system%2C membrane component,,3144.0,0,0,0,1,0,1
599079,+,b0575,copper%2Fsilver efflux system%2C membrane component,,3144.0,0,0,1,0,0,0
599112,+,b0575,copper%2Fsilver efflux system%2C membrane component,,3144.0,0,0,1,0,0,0
600541,-,b0575,copper%2Fsilver efflux system%2C membrane component,,3144.0,0,0,0,1,0,1
600564,+,b0575,copper%2Fsilver efflux system%2C membrane component,,3144.0,0,0,1,0,0,0
600846,-,b0575,copper%2Fsilver efflux system%2C membrane component,,3144.0,0,0,0,1,0,1
601053,+,b0576,phenylalanine transporter,129.0,1377.0,0,1,0,0,0,0
601152,+,b0576,phenylalanine transporter,30.0,1377.0,1,0,0,0,0,0
601253,-,b0576,phenylalanine transporter,,1377.0,0,0,0,1,0,1
601623,+,b0576,phenylalanine transporter,,1377.0,0,0,1,0,0,0
602092,-,b0576,phenylalanine transporter,,1377.0,0,0,0,1,0,1
602624,-,b0576,phenylalanine transporter,,1377.0,0,0,0,1,0,1
602731,-,b0577,mechanosensitive channel protein%2C miniconductance,,1248.0,0,0,1,0,0,0
602750,+,b0577,mechanosensitive channel protein%2C miniconductance,,1248.0,0,0,0,1,0,1
602853,+,b0577,mechanosensitive channel protein%2C miniconductance,,1248.0,0,0,0,1,0,1
603442,-,b0577,mechanosensitive channel protein%2C miniconductance,,1248.0,0,0,1,0,0,0
603794,-,b0577,mechanosensitive channel protein%2C miniconductance,,1248.0,0,0,1,0,0,0
603906,-,b0577,mechanosensitive channel protein%2C miniconductance,20.0,1248.0,0,1,0,0,0,0
603908,-,b0577,mechanosensitive channel protein%2C miniconductance,22.0,1248.0,1,0,0,0,0,0
604063,+,b0578,dihydropteridine reductase%2C NAD%28P%29H-dependent%2C oxygen-insensitive,,654.0,0,0,0,1,0,1
604676,-,b0578,dihydropteridine reductase%2C NAD%28P%29H-dependent%2C oxygen-insensitive,29.0,654.0,1,0,0,0,0,0
605135,-,b0579,hypothetical protein,26.0,369.0,1,0,0,0,0,0
605448,-,b0580,putative inner membrane protein,26.0,249.0,1,0,0,0,0,0
605626,-,b0580,putative inner membrane protein,204.0,249.0,0,1,0,0,0,0
606024,-,b0581,weak gamma-glutamyl:cysteine ligase,,1119.0,0,0,1,0,0,0
606962,+,b4415,toxic polypeptide%2C small,97.0,153.0,1,0,0,0,0,0
606990,+,b4415,toxic polypeptide%2C small,69.0,153.0,0,1,0,0,0,0
607015,-,b4700,sRNA at remnant mokE%2FhokE locus,,59.0,0,0,0,1,0,1
607179,+,b0582,IS186 transposase,109.0,1113.0,1,0,0,0,0,0
607284,+,b0582,IS186 transposase,4.0,1113.0,0,1,0,0,0,0
607846,-,b0582,IS186 transposase,,1113.0,0,0,0,1,0,1
608139,-,b0582,IS186 transposase,,1113.0,0,0,0,1,0,1
608303,-,b0582,IS186 transposase,,1113.0,0,0,0,1,0,1
608986,+,b0583,phosphopantetheinyltransferase component of enterobactin synthase multienzyme complex,,621.0,0,0,0,1,0,1
609300,-,b0583,phosphopantetheinyltransferase component of enterobactin synthase multienzyme complex,,621.0,0,0,1,0,0,0
609362,-,b0583,phosphopantetheinyltransferase component of enterobactin synthase multienzyme complex,60.0,621.0,0,1,0,0,0,0
609411,-,b0583,phosphopantetheinyltransferase component of enterobactin synthase multienzyme complex,109.0,621.0,0,1,0,0,0,0
609461,-,b0583,phosphopantetheinyltransferase component of enterobactin synthase multienzyme complex,159.0,621.0,1,0,0,0,0,0
610386,+,b0584,iron-enterobactin outer membrane transporter,,2241.0,0,0,0,1,0,1
610397,-,b0584,iron-enterobactin outer membrane transporter,,2241.0,0,0,1,0,0,0
611891,-,b0584,iron-enterobactin outer membrane transporter,174.0,2241.0,1,0,0,0,0,0
613248,+,b0586,enterobactin synthase multienzyme complex component%2C ATP-dependent,132.0,3882.0,1,0,0,0,0,0
613453,+,b0586,enterobactin synthase multienzyme complex component%2C ATP-dependent,,3882.0,0,0,1,0,0,0
613909,-,b0586,enterobactin synthase multienzyme complex component%2C ATP-dependent,,3882.0,0,0,0,1,0,1
615121,+,b0586,enterobactin synthase multienzyme complex component%2C ATP-dependent,,3882.0,0,0,1,0,0,0
615275,+,b0586,enterobactin synthase multienzyme complex component%2C ATP-dependent,,3882.0,0,0,1,0,0,0
615619,+,b0586,enterobactin synthase multienzyme complex component%2C ATP-dependent,,3882.0,0,0,1,0,0,0
617434,+,b0587,regulator of length of O-antigen component of lipopolysaccharide chains,43.0,1134.0,1,0,0,0,0,0
618448,+,b0587,regulator of length of O-antigen component of lipopolysaccharide chains,,1134.0,0,0,1,0,0,0
619374,+,b0588,iron-enterobactin transporter subunit,,816.0,0,0,0,1,0,1
621457,-,b0590,iron-enterobactin transporter subunit,45.0,1005.0,1,0,0,0,0,1
621476,+,b0591,enterobactin exporter%2C iron-regulated,47.0,1251.0,0,1,0,0,0,1
621477,-,b0590,iron-enterobactin transporter subunit,65.0,1005.0,0,1,0,0,0,1
621481,+,b0591,enterobactin exporter%2C iron-regulated,42.0,1251.0,1,0,0,0,0,1
621651,-,b0590,iron-enterobactin transporter subunit,239.0,1005.0,0,1,0,0,0,1
623127,-,b0592,iron-enterobactin transporter subunit,,957.0,0,0,1,0,0,0
623762,+,b0592,iron-enterobactin transporter subunit,,957.0,0,0,0,1,0,1
623950,-,b0592,iron-enterobactin transporter subunit,217.0,957.0,1,0,0,0,0,0
624054,+,b0593,isochorismate synthase 1,54.0,1176.0,1,0,0,0,0,0
625545,-,b0594,2%2C3-dihydroxybenzoate-AMP ligase component of enterobactin synthase multienzyme complex,,1611.0,0,0,0,1,0,1
627801,+,b0596,2%2C3-dihydro-2%2C3-dihydroxybenzoate dehydrogenase,,747.0,0,0,1,0,0,0
627920,-,b0596,2%2C3-dihydro-2%2C3-dihydroxybenzoate dehydrogenase,,747.0,0,0,0,1,0,1
628460,-,b0596,2%2C3-dihydro-2%2C3-dihydroxybenzoate dehydrogenase,,747.0,0,0,0,1,0,1
628583,+,b0597,thioesterase required for efficient enterobactin production,,414.0,0,0,1,0,0,0
629004,+,b0598,carbon starvation protein,113.0,2106.0,0,1,0,0,0,0
629016,+,b0598,carbon starvation protein,101.0,2106.0,0,1,0,0,0,0
629081,+,b0598,carbon starvation protein,36.0,2106.0,1,0,0,0,0,0
629633,+,b0598,carbon starvation protein,,2106.0,0,0,1,0,0,0
630097,+,b0598,carbon starvation protein,,2106.0,0,0,1,0,0,0
630279,-,b0598,carbon starvation protein,,2106.0,0,0,0,1,0,1
631013,+,b0598,carbon starvation protein,,2106.0,0,0,1,0,0,0
631015,+,b0598,carbon starvation protein,,2106.0,0,0,1,0,0,0
631232,+,b4512,conserved protein%2C DUF466 family,173.0,198.0,1,0,0,0,0,0
631808,+,b0599,putative oxidoreductase,,1089.0,0,0,0,1,0,1
631983,-,b0599,putative oxidoreductase,,1089.0,0,0,1,0,0,0
632292,-,b0599,putative oxidoreductase,,1089.0,0,0,1,0,0,0
632746,-,b0599,putative oxidoreductase,46.0,1089.0,1,0,0,0,0,1
632780,+,b0600,methionine aminotransferase%2C PLP-dependent,29.0,1161.0,1,0,0,0,0,1
632856,-,b0599,putative oxidoreductase,156.0,1089.0,0,1,0,0,0,1
633776,+,b0600,methionine aminotransferase%2C PLP-dependent,,1161.0,0,0,1,0,0,0
634075,-,b0601,hypothetical protein,,630.0,0,0,1,0,0,0
635657,-,b0602,hypothetical protein,,1221.0,0,0,1,0,0,0
635837,-,b0602,hypothetical protein,45.0,1221.0,1,0,0,0,0,0
636272,+,b0603,putative DNA-binding transcriptional regulator,,903.0,0,0,0,1,0,1
636434,-,b0603,putative DNA-binding transcriptional regulator,,903.0,0,0,1,0,0,0
636511,+,b0603,putative DNA-binding transcriptional regulator,,903.0,0,0,0,1,0,1
636947,-,b0603,putative DNA-binding transcriptional regulator,106.0,903.0,1,0,0,0,0,0
636965,+,b0604,thiol:disulfide interchange protein%2C periplasmic,,747.0,0,0,0,1,0,1
637251,+,b0604,thiol:disulfide interchange protein%2C periplasmic,,747.0,0,0,0,1,0,1
637421,+,b0604,thiol:disulfide interchange protein%2C periplasmic,,747.0,0,0,0,1,0,1
637783,-,b0604,thiol:disulfide interchange protein%2C periplasmic,,747.0,0,0,1,0,0,0
637846,+,b0604,thiol:disulfide interchange protein%2C periplasmic,,747.0,0,0,0,1,0,1
637852,+,b0604,thiol:disulfide interchange protein%2C periplasmic,,747.0,0,0,0,1,0,1
637856,-,b0604,thiol:disulfide interchange protein%2C periplasmic,60.0,747.0,0,1,0,0,0,0
637916,+,b0605,alkyl hydroperoxide reductase%2C C22 subunit,252.0,564.0,0,1,0,0,0,0
637956,-,b0604,thiol:disulfide interchange protein%2C periplasmic,160.0,747.0,0,1,0,0,0,0
638005,-,b0604,thiol:disulfide interchange protein%2C periplasmic,209.0,747.0,1,0,0,0,0,0
638074,-,b0604,thiol:disulfide interchange protein%2C periplasmic,278.0,747.0,0,1,0,0,0,1
638104,+,b0605,alkyl hydroperoxide reductase%2C C22 subunit,64.0,564.0,1,0,0,0,0,0
638154,-,b0605,alkyl hydroperoxide reductase%2C C22 subunit,,564.0,0,0,0,1,0,1
638450,+,b0605,alkyl hydroperoxide reductase%2C C22 subunit,,564.0,0,0,1,0,0,0
638718,-,b0605,alkyl hydroperoxide reductase%2C C22 subunit,,564.0,0,0,0,1,0,1
639567,+,b0606,alkyl hydroperoxide reductase%2C F52a subunit%2C FAD%2FNAD%28P%29-binding,,1566.0,0,0,1,0,0,0
640375,-,b0606,alkyl hydroperoxide reductase%2C F52a subunit%2C FAD%2FNAD%28P%29-binding,,1566.0,0,0,0,1,0,1
640538,+,b0606,alkyl hydroperoxide reductase%2C F52a subunit%2C FAD%2FNAD%28P%29-binding,,1566.0,0,0,1,0,0,0
641082,+,b0608,putative oxidoreductase%2C Zn-dependent and NAD%28P%29-binding,229.0,1239.0,1,0,0,0,0,1
641126,-,b0607,universal stress protein UP12,36.0,429.0,1,0,0,0,0,0
641147,+,b0608,putative oxidoreductase%2C Zn-dependent and NAD%28P%29-binding,164.0,1239.0,0,1,0,0,0,1
641404,+,b0608,putative oxidoreductase%2C Zn-dependent and NAD%28P%29-binding,,1239.0,0,0,1,0,0,0
641635,+,b0608,putative oxidoreductase%2C Zn-dependent and NAD%28P%29-binding,,1239.0,0,0,1,0,0,0
641708,+,b0608,putative oxidoreductase%2C Zn-dependent and NAD%28P%29-binding,,1239.0,0,0,1,0,0,0
642309,+,b0608,putative oxidoreductase%2C Zn-dependent and NAD%28P%29-binding,,1239.0,0,0,1,0,0,0
642606,-,b0608,putative oxidoreductase%2C Zn-dependent and NAD%28P%29-binding,,1239.0,0,0,0,1,0,1
643276,-,b0610,regulator of nucleoside diphosphate kinase,86.0,411.0,0,1,0,0,0,0
643357,-,b0610,regulator of nucleoside diphosphate kinase,167.0,411.0,1,0,0,0,0,0
643468,+,b0611,ribonuclease I,,807.0,0,0,0,1,0,1
643568,-,b0611,ribonuclease I,,807.0,0,0,1,0,0,0
643707,-,b0611,ribonuclease I,,807.0,0,0,1,0,0,0
643723,+,b0611,ribonuclease I,,807.0,0,0,0,1,0,1
643856,+,b0611,ribonuclease I,,807.0,0,0,0,1,0,1
644146,+,b0611,ribonuclease I,,807.0,0,0,0,1,0,1
644257,-,b0611,ribonuclease I,31.0,807.0,1,0,0,0,0,0
644494,-,b0611,ribonuclease I,268.0,807.0,0,1,0,0,0,0
644517,-,b0611,ribonuclease I,291.0,807.0,0,1,0,0,0,0
644694,-,b0612,citrate:succinate antiporter,,1464.0,0,0,1,0,0,0
645258,-,b0612,citrate:succinate antiporter,,1464.0,0,0,1,0,0,0
645373,+,b0612,citrate:succinate antiporter,,1464.0,0,0,0,1,0,1
645861,+,b0612,citrate:succinate antiporter,,1464.0,0,0,0,1,0,1
645878,+,b0612,citrate:succinate antiporter,,1464.0,0,0,0,1,0,1
646264,+,b0613,2-%285%27%27-triphosphoribosyl%29-3%27-dephosphocoenzyme-A synthase,,879.0,0,0,0,1,0,1
649101,+,b0616,citrate lyase%2C citryl-ACP lyase %28beta%29 subunit,,909.0,0,0,0,1,0,1
650803,+,b0618,%5Bcitrate %5Bpro-3S%5D-lyase%5D ligase,,1059.0,0,0,0,1,0,1
651822,+,b0619,sensory histidine kinase in two-component regulatory system with citB,,1659.0,0,0,1,0,0,0
651980,+,b0619,sensory histidine kinase in two-component regulatory system with citB,,1659.0,0,0,1,0,0,0
653276,-,b0620,DNA-binding response regulator in two-component regulatory system with citA,,681.0,0,0,0,1,0,1
653295,+,b0620,DNA-binding response regulator in two-component regulatory system with citA,,681.0,0,0,1,0,0,0
653851,-,b0621,anaerobic C4-dicarboxylate transport,,1386.0,0,0,1,0,0,1
654025,+,b0621,anaerobic C4-dicarboxylate transport,,1386.0,0,0,0,1,0,1
654030,-,b0621,anaerobic C4-dicarboxylate transport,,1386.0,0,0,1,0,0,0
654525,-,b0621,anaerobic C4-dicarboxylate transport,,1386.0,0,0,1,0,0,0
654880,-,b0621,anaerobic C4-dicarboxylate transport,,1386.0,0,0,1,0,0,0
654976,-,b0621,anaerobic C4-dicarboxylate transport,,1386.0,0,0,1,0,0,0
655246,-,b0621,anaerobic C4-dicarboxylate transport,55.0,1386.0,1,0,0,0,0,0
655929,+,b0622,phospholipid:lipid A palmitoyltransferase,,561.0,0,0,1,0,0,0
656438,+,b0623,DNA-binding transcriptional repressor,77.0,210.0,0,1,0,0,0,0
656473,+,b0623,DNA-binding transcriptional repressor,42.0,210.0,1,0,0,0,0,0
656719,+,b0623,DNA-binding transcriptional repressor,,210.0,0,0,1,0,0,1
656923,+,b0624,putative fluoride exporter%3B inner membrane protein associated with chromosome condensation,,384.0,0,0,0,1,0,1
657157,+,b4581,pseudo,97.0,788.0,0,1,0,0,0,1
657187,+,b4581,pseudo,67.0,788.0,1,0,0,0,0,1
657190,-,b0624,putative fluoride exporter%3B inner membrane protein associated with chromosome condensation,29.0,384.0,1,0,0,0,0,1
657220,-,b0624,putative fluoride exporter%3B inner membrane protein associated with chromosome condensation,59.0,384.0,0,1,0,0,0,1
657463,-,b4581,pseudo,,788.0,0,0,0,1,0,1
657546,+,b4581,pseudo,,788.0,0,0,1,0,0,0
658046,+,b0627,TatABCE protein translocation system subunit,124.0,204.0,1,0,0,0,0,0
658473,+,b0628,lipoate synthase,,966.0,0,0,0,1,0,1
658873,+,b0628,lipoate synthase,,966.0,0,0,0,1,0,1
659376,-,b0628,lipoate synthase,,966.0,0,0,1,0,0,0
659524,-,b0628,lipoate synthase,85.0,966.0,1,0,0,0,0,0
659678,+,b0629,putative DNA-binding transcriptional regulator,,954.0,0,0,0,1,0,1
659870,+,b0629,putative DNA-binding transcriptional regulator,,954.0,0,0,0,1,0,1
660271,+,b0629,putative DNA-binding transcriptional regulator,,954.0,0,0,0,1,0,1
660659,+,b0629,putative DNA-binding transcriptional regulator,,954.0,0,0,0,1,0,1
660765,-,b0629,putative DNA-binding transcriptional regulator,164.0,954.0,1,0,0,0,0,0
661390,-,b0630,octanoyltransferase%3B octanoyl-%5BACP%5D:protein N-octanoyltransferase,,642.0,0,0,1,0,0,0
661533,-,b0630,octanoyltransferase%3B octanoyl-%5BACP%5D:protein N-octanoyltransferase,32.0,642.0,1,0,0,0,0,0
661535,-,b0630,octanoyltransferase%3B octanoyl-%5BACP%5D:protein N-octanoyltransferase,34.0,642.0,0,1,0,0,0,0
661657,+,b0631,conserved protein%2C UPF0250 family,,264.0,0,0,0,1,0,1
661929,-,b0631,conserved protein%2C UPF0250 family,64.0,264.0,1,0,0,0,0,0
662038,+,b0632,D-alanyl-D-alanine carboxypeptidase %28penicillin-binding protein 5%29,,1212.0,0,0,0,1,0,1
662523,-,b0632,D-alanyl-D-alanine carboxypeptidase %28penicillin-binding protein 5%29,,1212.0,0,0,1,0,0,0
663224,-,b0632,D-alanyl-D-alanine carboxypeptidase %28penicillin-binding protein 5%29,38.0,1212.0,0,1,0,0,0,0
663242,+,b0632,D-alanyl-D-alanine carboxypeptidase %28penicillin-binding protein 5%29,,1212.0,0,0,0,1,0,1
663338,-,b0632,D-alanyl-D-alanine carboxypeptidase %28penicillin-binding protein 5%29,152.0,1212.0,1,0,0,0,0,0
664336,+,b0633,septal ring protein%2C suppressor of prc%2C minor lipoprotein,,1089.0,0,0,0,1,0,1
664481,+,b0633,septal ring protein%2C suppressor of prc%2C minor lipoprotein,,1089.0,0,0,0,1,0,1
664555,-,b0633,septal ring protein%2C suppressor of prc%2C minor lipoprotein,142.0,1089.0,1,0,0,0,0,0
665546,+,b0634,cell wall shape-determining protein,,1113.0,0,0,0,1,0,1
668359,-,b0637,ribosomal silencing factor,100.0,318.0,1,0,0,0,0,0
668447,-,b0637,ribosomal silencing factor,188.0,318.0,0,1,0,0,0,0
668468,+,b0638,putative alpha-ribazole-5%27-P phosphatase,,612.0,0,0,0,1,0,1
668708,+,b0638,putative alpha-ribazole-5%27-P phosphatase,,612.0,0,0,0,1,0,1
668834,+,b0638,putative alpha-ribazole-5%27-P phosphatase,,612.0,0,0,0,1,0,1
668962,+,b0638,putative alpha-ribazole-5%27-P phosphatase,,612.0,0,0,0,1,0,1
669738,-,b0639,nicotinic acid mononucleotide adenylyltransferase%2C NAD%28P%29-dependent,,642.0,0,0,1,0,0,0
669819,+,b0639,nicotinic acid mononucleotide adenylyltransferase%2C NAD%28P%29-dependent,,642.0,0,0,0,1,0,1
670125,-,b0640,DNA polymerase III%2C delta subunit,,1032.0,0,0,1,0,0,0
670302,-,b0640,DNA polymerase III%2C delta subunit,,1032.0,0,0,1,0,0,0
670612,-,b0640,DNA polymerase III%2C delta subunit,,1032.0,0,0,1,0,0,0
671010,+,b0641,LPS assembly OM complex LptDE%2C lipoprotein component,,582.0,0,0,0,1,0,1
671130,+,b0641,LPS assembly OM complex LptDE%2C lipoprotein component,,582.0,0,0,0,1,0,1
671559,-,b0641,LPS assembly OM complex LptDE%2C lipoprotein component,150.0,582.0,1,0,0,0,0,0
671874,+,b0642,leucyl-tRNA synthetase,,2583.0,0,0,0,1,0,1
672221,-,b0642,leucyl-tRNA synthetase,,2583.0,0,0,1,0,0,0
673621,+,b0642,leucyl-tRNA synthetase,,2583.0,0,0,0,1,0,1
673965,-,b0642,leucyl-tRNA synthetase,,2583.0,0,0,1,0,0,0
674158,+,b0643,conserved protein%2C DUF1451 family,83.0,483.0,0,1,0,0,0,0
674199,-,b0642,leucyl-tRNA synthetase,193.0,2583.0,1,0,0,0,0,1
674216,+,b0643,conserved protein%2C DUF1451 family,25.0,483.0,1,0,0,0,0,0
674909,-,b0644,hypothetical protein,,978.0,0,0,1,0,0,0
674911,-,b0644,hypothetical protein,,978.0,0,0,1,0,0,0
674928,+,b0644,hypothetical protein,,978.0,0,0,0,1,0,1
675016,-,b0644,hypothetical protein,,978.0,0,0,1,0,0,0
675141,+,b0644,hypothetical protein,,978.0,0,0,0,1,0,1
675435,+,b0644,hypothetical protein,,978.0,0,0,0,1,0,1
676390,-,b0645,hypothetical protein,,708.0,0,0,0,1,0,1
677412,+,b0646,putative co-chaperone,,1428.0,0,0,1,0,0,0
677513,+,b0646,putative co-chaperone,,1428.0,0,0,1,0,0,0
677749,-,b0646,putative co-chaperone,,1428.0,0,0,0,1,0,1
677761,-,b0646,putative co-chaperone,,1428.0,0,0,0,1,0,1
678163,-,b0647,conserved protein%2C Sel1 family,,555.0,0,0,1,0,0,1
678267,+,b0647,conserved protein%2C Sel1 family,,555.0,0,0,0,1,0,1
678389,+,b0647,conserved protein%2C Sel1 family,,555.0,0,0,0,1,0,1
678687,+,b0648,conserved protein%2C DUF1266 family,44.0,708.0,1,0,0,0,0,1
679724,-,b0649,Hsc56 co-chaperone of HscC,,1452.0,0,0,0,1,0,1
680030,+,b0649,Hsc56 co-chaperone of HscC,,1452.0,0,0,1,0,0,0
680846,-,b0649,Hsc56 co-chaperone of HscC,,1452.0,0,0,0,1,0,1
680863,+,b0649,Hsc56 co-chaperone of HscC,,1452.0,0,0,1,0,0,1
681267,-,b0650,Hsp70 family chaperone Hsc62%2C binds to RpoD and inhibits transcription,,1671.0,0,0,1,0,0,0
681390,-,b0650,Hsp70 family chaperone Hsc62%2C binds to RpoD and inhibits transcription,,1671.0,0,0,1,0,0,0
681440,+,b0650,Hsp70 family chaperone Hsc62%2C binds to RpoD and inhibits transcription,,1671.0,0,0,0,1,0,1
681623,-,b0650,Hsp70 family chaperone Hsc62%2C binds to RpoD and inhibits transcription,,1671.0,0,0,1,0,0,0
681886,-,b0650,Hsp70 family chaperone Hsc62%2C binds to RpoD and inhibits transcription,,1671.0,0,0,1,0,0,0
682232,+,b0650,Hsp70 family chaperone Hsc62%2C binds to RpoD and inhibits transcription,,1671.0,0,0,0,1,0,1
682643,-,b0650,Hsp70 family chaperone Hsc62%2C binds to RpoD and inhibits transcription,27.0,1671.0,0,1,0,0,0,0
682792,-,b0650,Hsp70 family chaperone Hsc62%2C binds to RpoD and inhibits transcription,176.0,1671.0,1,0,0,0,0,0
683267,-,b0651,ribonucleoside hydrolase 1,,936.0,0,0,1,0,0,0
685875,+,b0654,glutamate%2C aspartate ABC transporter permease subunit,,741.0,0,0,0,1,0,1
685886,-,b0654,glutamate%2C aspartate ABC transporter permease subunit,,741.0,0,0,1,0,0,0
688227,-,b0656,IS5 transposase and trans-activator,,1017.0,0,0,1,0,0,0
688263,-,b0656,IS5 transposase and trans-activator,27.0,1017.0,1,0,0,0,0,0
688274,-,b0656,IS5 transposase and trans-activator,38.0,1017.0,0,1,0,0,0,0
688438,-,b0656,IS5 transposase and trans-activator,202.0,1017.0,0,1,0,0,0,0
688931,-,b0657,apolipoprotein N-acyltransferase,,1539.0,0,0,1,0,0,0
689825,-,b0657,apolipoprotein N-acyltransferase,,1539.0,0,0,1,0,0,0
690177,-,b0657,apolipoprotein N-acyltransferase,73.0,1539.0,1,0,0,0,0,0
690984,+,b0658,predicteed ion transport,,879.0,0,0,0,1,0,1
691107,-,b0658,predicteed ion transport,100.0,879.0,1,0,0,0,0,0
692652,-,b0660,putative protein with nucleoside triphosphate hydrolase domain,51.0,1041.0,1,0,0,0,0,0
692692,-,b0660,putative protein with nucleoside triphosphate hydrolase domain,91.0,1041.0,0,1,0,0,0,0
692775,+,b0661,tRNA-i%286%29A37 methylthiotransferase,,1425.0,0,0,0,1,0,1
692855,-,b0660,putative protein with nucleoside triphosphate hydrolase domain,254.0,1041.0,0,1,0,0,0,0
692916,-,b0661,tRNA-i%286%29A37 methylthiotransferase,,1425.0,0,0,1,0,0,0
693436,+,b0661,tRNA-i%286%29A37 methylthiotransferase,,1425.0,0,0,0,1,0,1
693729,+,b0661,tRNA-i%286%29A37 methylthiotransferase,,1425.0,0,0,0,1,0,1
694167,+,b0662,2-octaprenyl-3-methyl-6-methoxy-1%2C4-benzoquinol oxygenase,157.0,1176.0,0,1,0,0,0,1
694215,-,b0661,tRNA-i%286%29A37 methylthiotransferase,37.0,1425.0,1,0,0,0,0,0
694236,+,b0662,2-octaprenyl-3-methyl-6-methoxy-1%2C4-benzoquinol oxygenase,88.0,1176.0,0,1,0,0,0,1
694300,+,b0662,2-octaprenyl-3-methyl-6-methoxy-1%2C4-benzoquinol oxygenase,24.0,1176.0,1,0,0,0,0,0
695037,-,b0662,2-octaprenyl-3-methyl-6-methoxy-1%2C4-benzoquinol oxygenase,,1176.0,0,0,0,1,0,1
695727,-,b0664,tRNA-Gln,0.0,75.0,1,0,0,0,0,0
695839,-,b0665,tRNA-Gln,0.0,75.0,1,0,0,0,0,0
695887,+,b0665,tRNA-Gln,,75.0,0,0,0,1,0,1
695908,-,b0665,tRNA-Gln,69.0,75.0,0,1,0,0,0,0
695961,-,b0665,tRNA-Gln,122.0,75.0,0,1,0,0,0,0
696053,-,b0668,tRNA-Gln,0.0,75.0,1,0,0,0,0,0
696162,-,b0670,tRNA-Gln,0.0,75.0,1,0,0,0,0,0
696231,-,b0670,tRNA-Gln,69.0,75.0,0,1,0,0,0,0
696280,+,b0672,tRNA-Leu,,85.0,0,0,0,1,0,1
696389,-,b0673,tRNA-Met,33.0,77.0,1,0,0,0,0,0
696493,-,b0673,tRNA-Met,137.0,77.0,0,1,0,0,0,0
696559,-,b0673,tRNA-Met,203.0,77.0,0,1,0,0,0,0
696595,-,b0673,tRNA-Met,239.0,77.0,0,1,0,0,0,0
697363,-,b0674,asparagine synthetase B,,1665.0,0,0,1,0,0,0
698445,-,b0674,asparagine synthetase B,45.0,1665.0,1,0,0,0,0,0
699578,-,b0675,UMP phosphatase,29.0,753.0,1,0,0,0,0,0
699961,-,b0676,DNA-binding transcriptional dual regulator%2C repressor of N-acetylglucosamine,,1221.0,0,0,1,0,0,0
700644,-,b0676,DNA-binding transcriptional dual regulator%2C repressor of N-acetylglucosamine,,1221.0,0,0,1,0,0,0
701088,-,b0676,DNA-binding transcriptional dual regulator%2C repressor of N-acetylglucosamine,271.0,1221.0,1,0,0,0,0,0
701094,-,b0676,DNA-binding transcriptional dual regulator%2C repressor of N-acetylglucosamine,277.0,1221.0,0,1,0,0,0,0
701232,-,b0677,N-acetylglucosamine-6-phosphate deacetylase,,1149.0,0,0,1,0,0,0
701551,-,b0677,N-acetylglucosamine-6-phosphate deacetylase,,1149.0,0,0,1,0,0,0
702249,-,b0677,N-acetylglucosamine-6-phosphate deacetylase,275.0,1149.0,1,0,0,0,0,0
702278,-,b0678,glucosamine-6-phosphate deaminase,,801.0,0,0,1,0,0,0
702295,+,b0678,glucosamine-6-phosphate deaminase,,801.0,0,0,0,1,0,1
702396,-,b0678,glucosamine-6-phosphate deaminase,,801.0,0,0,1,0,0,0
702483,+,b0678,glucosamine-6-phosphate deaminase,,801.0,0,0,0,1,0,1
702826,-,b0678,glucosamine-6-phosphate deaminase,,801.0,0,0,1,0,0,0
702864,+,b0678,glucosamine-6-phosphate deaminase,,801.0,0,0,0,1,0,1
702929,-,b0678,glucosamine-6-phosphate deaminase,95.0,801.0,1,0,0,0,0,0
703063,+,b0679,fused N-acetyl glucosamine specific PTS enzyme: IIC%2C IIB%2C and IIA components,104.0,1947.0,1,0,0,0,0,0
703165,-,b0679,fused N-acetyl glucosamine specific PTS enzyme: IIC%2C IIB%2C and IIA components,,1947.0,0,0,0,1,0,1
703328,+,b0679,fused N-acetyl glucosamine specific PTS enzyme: IIC%2C IIB%2C and IIA components,,1947.0,0,0,1,0,0,0
703482,+,b0679,fused N-acetyl glucosamine specific PTS enzyme: IIC%2C IIB%2C and IIA components,,1947.0,0,0,1,0,0,0
704214,+,b0679,fused N-acetyl glucosamine specific PTS enzyme: IIC%2C IIB%2C and IIA components,,1947.0,0,0,1,0,0,0
704462,+,b0679,fused N-acetyl glucosamine specific PTS enzyme: IIC%2C IIB%2C and IIA components,,1947.0,0,0,1,0,0,0
704870,-,b0679,fused N-acetyl glucosamine specific PTS enzyme: IIC%2C IIB%2C and IIA components,,1947.0,0,0,0,1,0,1
705083,+,b0680,glutamyl-tRNA synthetase,233.0,1665.0,0,1,0,0,0,0
705286,+,b0680,glutamyl-tRNA synthetase,30.0,1665.0,1,0,0,0,0,0
705584,+,b0680,glutamyl-tRNA synthetase,,1665.0,0,0,1,0,0,0
706074,-,b0680,glutamyl-tRNA synthetase,,1665.0,0,0,0,1,0,1
706231,+,b0680,glutamyl-tRNA synthetase,,1665.0,0,0,1,0,0,0
706421,+,b0680,glutamyl-tRNA synthetase,,1665.0,0,0,1,0,0,0
707459,+,b0681,chitoporin%2C uptake of chitosugars,98.0,1407.0,1,0,0,0,0,0
708398,+,b0681,chitoporin%2C uptake of chitosugars,,1407.0,0,0,1,0,0,0
709233,-,b0682,putative lipoprotein induced by chitosugars,,327.0,0,0,0,1,0,1
709315,+,b0682,putative lipoprotein induced by chitosugars,,327.0,0,0,1,0,0,0
709377,-,b0682,putative lipoprotein induced by chitosugars,,327.0,0,0,0,1,0,1
709939,-,b0683,DNA-binding transcriptional dual regulator of siderophore biosynthesis and transport,70.0,447.0,1,0,0,0,0,0
709945,-,b0683,DNA-binding transcriptional dual regulator of siderophore biosynthesis and transport,76.0,447.0,0,1,0,0,0,0
710051,-,b4637,ryhB-regulated fur leader peptide,103.0,87.0,1,0,0,0,0,0
710304,-,b0684,flavodoxin 1,,531.0,0,0,1,0,0,0
710650,+,b0684,flavodoxin 1,,531.0,0,0,0,1,0,1
710744,-,b0684,flavodoxin 1,56.0,531.0,1,0,0,0,0,0
711173,-,b0685,conserved protein%2C LexA-regulated,52.0,294.0,1,0,0,0,0,0
711175,-,b0685,conserved protein%2C LexA-regulated,54.0,294.0,0,1,0,0,0,0
711306,-,b0685,conserved protein%2C LexA-regulated,185.0,294.0,0,1,0,0,0,0
711795,-,b0686,acyl-CoA esterase,,765.0,0,0,1,0,0,0
711893,-,b0686,acyl-CoA esterase,,765.0,0,0,1,0,0,0
711904,+,b0686,acyl-CoA esterase,,765.0,0,0,0,1,0,1
712058,-,b0686,acyl-CoA esterase,33.0,765.0,0,1,0,0,0,0
712066,-,b0686,acyl-CoA esterase,41.0,765.0,1,0,0,0,0,0
712067,+,b0687,regulatory protein for replication initiation,143.0,546.0,0,1,0,0,0,1
712074,+,b0687,regulatory protein for replication initiation,136.0,546.0,1,0,0,0,0,1
712169,+,b0687,regulatory protein for replication initiation,41.0,546.0,0,1,0,0,0,0
712509,+,b0688,phosphoglucomutase,272.0,1641.0,0,1,0,0,0,0
712514,+,b0688,phosphoglucomutase,267.0,1641.0,1,0,0,0,0,0
712678,-,b0687,regulatory protein for replication initiation,,546.0,0,0,0,1,0,1
712851,-,b0687,regulatory protein for replication initiation,,546.0,0,0,0,1,0,1
714510,+,b0689,lipoprotein,125.0,495.0,1,0,0,0,0,0
714784,-,b0689,lipoprotein,,495.0,0,0,0,1,0,1
714845,+,b0689,lipoprotein,,495.0,0,0,1,0,0,0
715208,+,b0691,pseudo,,651.0,0,0,0,1,0,1
715449,+,b0691,pseudo,,651.0,0,0,0,1,0,1
715855,+,b0691,pseudo,,651.0,0,0,0,1,0,1
715994,+,b4636,pseudo,,150.0,0,0,0,1,0,1
716283,-,b4636,pseudo,190.0,150.0,1,0,0,0,0,0
717470,-,b0692,putrescine%2Fproton symporter: putrescine%2Fornithine antiporter,,1320.0,0,0,1,0,0,0
718339,+,b0693,ornithine decarboxylase isozyme%2C inducible,,2199.0,0,0,0,1,0,1
718418,-,b0693,ornithine decarboxylase isozyme%2C inducible,,2199.0,0,0,1,0,0,0
720995,-,b0694,DNA-binding response regulator in two-component regulatory system with KdpD,39.0,678.0,1,0,0,0,0,0
721434,-,b0695,fused sensory histidine kinase in two-component regulatory system with KdpE: signal sensing protein,,2685.0,0,0,1,0,0,0
721861,+,b0695,fused sensory histidine kinase in two-component regulatory system with KdpE: signal sensing protein,,2685.0,0,0,0,1,0,1
722987,-,b0695,fused sensory histidine kinase in two-component regulatory system with KdpE: signal sensing protein,,2685.0,0,0,1,0,0,0
723200,+,b0695,fused sensory histidine kinase in two-component regulatory system with KdpE: signal sensing protein,,2685.0,0,0,0,1,0,1
723633,-,b0695,fused sensory histidine kinase in two-component regulatory system with KdpE: signal sensing protein,,2685.0,0,0,1,0,0,0
723712,-,b0695,fused sensory histidine kinase in two-component regulatory system with KdpE: signal sensing protein,75.0,2685.0,1,0,0,0,0,0
723819,+,b0696,potassium translocating ATPase%2C subunit C,,573.0,0,0,0,1,0,1
723962,-,b0696,potassium translocating ATPase%2C subunit C,,573.0,0,0,1,0,0,0
724388,+,b0697,potassium translocating ATPase%2C subunit B,,2049.0,0,0,0,1,0,1
726198,+,b0697,potassium translocating ATPase%2C subunit B,,2049.0,0,0,0,1,0,1
728096,+,b0699,hypothetical protein,261.0,207.0,1,0,0,0,0,1
728403,+,b0699,hypothetical protein,,207.0,0,0,1,0,0,0
729181,+,b0700,rhsC element core protein RshC,,4194.0,0,0,1,0,0,0
729709,-,b0700,rhsC element core protein RshC,,4194.0,0,0,0,1,0,1
731904,-,b0700,rhsC element core protein RshC,,4194.0,0,0,0,1,0,1
732565,+,b0700,rhsC element core protein RshC,,4194.0,0,0,1,0,0,0
732683,+,b0700,rhsC element core protein RshC,,4194.0,0,0,1,0,0,0
733775,-,b0703,pseudo,,1521.0,0,0,0,1,0,1
734388,-,b0703,pseudo,,1521.0,0,0,0,1,0,1
734541,+,b0703,pseudo,,1521.0,0,0,1,0,0,0
734597,-,b0703,pseudo,,1521.0,0,0,0,1,0,1
734757,+,b0704,hypothetical protein,116.0,570.0,1,0,0,0,0,0
734924,+,b0704,hypothetical protein,,570.0,0,0,1,0,0,0
738203,+,b0707,conserved protein%2C DUF1722 family,21.0,510.0,1,0,0,0,0,0
738219,-,b0707,conserved protein%2C DUF1722 family,,510.0,0,0,0,1,0,1
738646,+,b0708,deoxyribodipyrimidine photolyase%2C FAD-binding,84.0,1419.0,0,1,0,0,0,0
738648,+,b0708,deoxyribodipyrimidine photolyase%2C FAD-binding,82.0,1419.0,0,1,0,0,0,0
738717,+,b0708,deoxyribodipyrimidine photolyase%2C FAD-binding,13.0,1419.0,1,0,0,0,0,0
738880,-,b0708,deoxyribodipyrimidine photolyase%2C FAD-binding,,1419.0,0,0,0,1,0,1
738926,+,b0708,deoxyribodipyrimidine photolyase%2C FAD-binding,,1419.0,0,0,1,0,0,0
739035,-,b0708,deoxyribodipyrimidine photolyase%2C FAD-binding,,1419.0,0,0,0,1,0,1
739312,-,b0708,deoxyribodipyrimidine photolyase%2C FAD-binding,,1419.0,0,0,0,1,0,1
739655,+,b0708,deoxyribodipyrimidine photolyase%2C FAD-binding,,1419.0,0,0,1,0,0,0
739719,-,b0708,deoxyribodipyrimidine photolyase%2C FAD-binding,,1419.0,0,0,0,1,0,1
741649,-,b0709,dipeptide and tripeptide permease D,,1482.0,0,0,1,0,0,0
741852,+,b0710,conserved metal-binding protein%2C NIF3 family,198.0,744.0,0,1,0,0,0,1
741892,-,b0709,dipeptide and tripeptide permease D,113.0,1482.0,1,0,0,0,0,0
742021,+,b0710,conserved metal-binding protein%2C NIF3 family,29.0,744.0,1,0,0,0,0,0
742071,-,b0709,dipeptide and tripeptide permease D,292.0,1482.0,0,1,0,0,0,1
742248,+,b0710,conserved metal-binding protein%2C NIF3 family,,744.0,0,0,1,0,0,0
742277,-,b0710,conserved metal-binding protein%2C NIF3 family,,744.0,0,0,0,1,0,1
742383,+,b0710,conserved metal-binding protein%2C NIF3 family,,744.0,0,0,1,0,0,0
743406,-,b0711,putative allophanate hydrolase%2C subunit 1,,657.0,0,0,0,1,0,1
743477,+,b0712,putative allophanate hydrolase%2C subunit 2,,933.0,0,0,1,0,0,0
743686,+,b0712,putative allophanate hydrolase%2C subunit 2,,933.0,0,0,1,0,0,0
744351,-,b0712,putative allophanate hydrolase%2C subunit 2,,933.0,0,0,0,1,0,1
744355,+,b0713,conserved protein%2C UPF0271 family,33.0,735.0,1,0,0,0,0,0
744397,+,b0712,putative allophanate hydrolase%2C subunit 2,,933.0,0,0,1,0,0,0
744495,-,b0712,putative allophanate hydrolase%2C subunit 2,,933.0,0,0,0,1,0,1
744781,+,b0713,conserved protein%2C UPF0271 family,,735.0,0,0,1,0,0,0
745109,-,b0713,conserved protein%2C UPF0271 family,,735.0,0,0,0,1,0,1
745140,-,b0713,conserved protein%2C UPF0271 family,,735.0,0,0,0,1,0,1
745251,-,b0714,endonuclease VIII%2F 5-formyluracil%2F5-hydroxymethyluracil DNA glycosylase,,792.0,0,0,0,1,0,1
745451,-,b0714,endonuclease VIII%2F 5-formyluracil%2F5-hydroxymethyluracil DNA glycosylase,,792.0,0,0,0,1,0,1
745822,+,b0714,endonuclease VIII%2F 5-formyluracil%2F5-hydroxymethyluracil DNA glycosylase,,792.0,0,0,1,0,0,0
747026,-,b0715,regulator of aidB expression%3B inner membrane protein,34.0,1047.0,1,0,0,0,0,0
747030,-,b0715,regulator of aidB expression%3B inner membrane protein,38.0,1047.0,0,1,0,0,0,0
747051,-,b0715,regulator of aidB expression%3B inner membrane protein,59.0,1047.0,0,1,0,0,0,0
747129,-,b0715,regulator of aidB expression%3B inner membrane protein,137.0,1047.0,0,1,0,0,0,0
747162,+,b0716,putative fimbrial-like adhesin protein,,1062.0,0,0,0,1,0,1
747398,+,b0716,putative fimbrial-like adhesin protein,,1062.0,0,0,0,1,0,1
747492,-,b0716,putative fimbrial-like adhesin protein,,1062.0,0,0,1,0,0,0
747744,-,b0716,putative fimbrial-like adhesin protein,,1062.0,0,0,1,0,0,0
748004,+,b0716,putative fimbrial-like adhesin protein,,1062.0,0,0,0,1,0,1
748408,-,b0716,putative fimbrial-like adhesin protein,203.0,1062.0,1,0,0,0,0,0
748626,+,b0717,putative periplasmic pilus chaperone,,729.0,0,0,0,1,0,1
748969,+,b0717,putative periplasmic pilus chaperone,,729.0,0,0,0,1,0,1
750120,+,b0718,putative outer membrane protein,,2448.0,0,0,0,1,0,1
750628,+,b0718,putative outer membrane protein,,2448.0,0,0,0,1,0,1
752391,+,b0720,citrate synthase,,1284.0,0,0,0,1,0,1
752579,-,b0720,citrate synthase,,1284.0,0,0,1,0,0,0
753151,-,b0720,citrate synthase,,1284.0,0,0,1,0,0,0
753267,+,b0720,citrate synthase,,1284.0,0,0,0,1,0,1
753944,-,b0720,citrate synthase,253.0,1284.0,1,0,0,0,0,0
754178,+,b0721,succinate dehydrogenase%2C membrane subunit%2C binds cytochrome b556,222.0,390.0,1,0,0,0,0,0
754604,-,b0721,succinate dehydrogenase%2C membrane subunit%2C binds cytochrome b556,,390.0,0,0,0,1,0,1
755306,-,b0723,succinate dehydrogenase%2C flavoprotein subunit,,1767.0,0,0,0,1,0,1
756968,-,b0723,succinate dehydrogenase%2C flavoprotein subunit,,1767.0,0,0,0,1,0,1
757260,+,b0724,succinate dehydrogenase%2C FeS subunit,,717.0,0,0,1,0,0,0
757268,+,b0724,succinate dehydrogenase%2C FeS subunit,,717.0,0,0,1,0,0,0
758156,-,b0726,2-oxoglutarate decarboxylase%2C thiamin-requiring,,2802.0,0,0,0,1,0,1
760407,+,b0726,2-oxoglutarate decarboxylase%2C thiamin-requiring,,2802.0,0,0,1,0,0,0
760728,-,b0726,2-oxoglutarate decarboxylase%2C thiamin-requiring,,2802.0,0,0,0,1,0,1
761335,+,b0727,dihydrolipoyltranssuccinase,,1218.0,0,0,1,0,0,0
761373,-,b0727,dihydrolipoyltranssuccinase,,1218.0,0,0,0,1,0,1
763641,-,b0729,succinyl-CoA synthetase%2C NAD%28P%29-binding%2C alpha subunit,,870.0,0,0,0,1,0,1
764397,-,b0730,DNA-binding transcriptional dual regulator%2C fatty-acyl-binding,,723.0,0,0,1,0,0,0
764421,+,b0730,DNA-binding transcriptional dual regulator%2C fatty-acyl-binding,,723.0,0,0,0,1,0,1
764486,-,b0730,DNA-binding transcriptional dual regulator%2C fatty-acyl-binding,,723.0,0,0,1,0,0,0
765122,-,b0730,DNA-binding transcriptional dual regulator%2C fatty-acyl-binding,24.0,723.0,1,0,0,0,0,1
767579,+,b0732,alpha-mannosidase,,2634.0,0,0,1,0,0,0
767876,-,b0732,alpha-mannosidase,,2634.0,0,0,0,1,0,1
767999,+,b0732,alpha-mannosidase,,2634.0,0,0,1,0,0,0
768424,-,b0732,alpha-mannosidase,,2634.0,0,0,0,1,0,1
768871,+,b0732,alpha-mannosidase,,2634.0,0,0,1,0,0,0
769739,-,b0732,alpha-mannosidase,,2634.0,0,0,0,1,0,1
770393,+,b0733,cytochrome d terminal oxidase%2C subunit I,288.0,1569.0,0,1,0,0,0,0
770427,+,b0733,cytochrome d terminal oxidase%2C subunit I,254.0,1569.0,1,0,0,0,0,0
770507,+,b0733,cytochrome d terminal oxidase%2C subunit I,174.0,1569.0,0,1,0,0,0,0
770592,+,b0733,cytochrome d terminal oxidase%2C subunit I,89.0,1569.0,0,1,0,0,0,0
770834,+,b0733,cytochrome d terminal oxidase%2C subunit I,,1569.0,0,0,1,0,0,0
770940,+,b0733,cytochrome d terminal oxidase%2C subunit I,,1569.0,0,0,1,0,0,0
771583,-,b0733,cytochrome d terminal oxidase%2C subunit I,,1569.0,0,0,0,1,0,1
771880,-,b0733,cytochrome d terminal oxidase%2C subunit I,,1569.0,0,0,0,1,0,1
772282,+,b0734,cytochrome d terminal oxidase%2C subunit II,,1140.0,0,0,1,0,0,0
772421,+,b0734,cytochrome d terminal oxidase%2C subunit II,,1140.0,0,0,1,0,0,0
772693,+,b0734,cytochrome d terminal oxidase%2C subunit II,,1140.0,0,0,1,0,0,0
772794,-,b0734,cytochrome d terminal oxidase%2C subunit II,,1140.0,0,0,0,1,0,1
773934,+,b0736,acyl-CoA thioesterase%2C involved in phospholipid metabolism,41.0,405.0,1,0,0,0,0,0
775121,-,b0737,membrane spanning protein in TolA-TolQ-TolR complex,,693.0,0,0,0,1,0,1
775425,-,b0738,membrane spanning protein in TolA-TolQ-TolR complex,,429.0,0,0,0,1,0,1
775684,+,b0739,membrane anchored protein in TolA-TolQ-TolR complex,,1266.0,0,0,1,0,0,0
776696,+,b0740,periplasmic protein,267.0,1293.0,1,0,0,0,0,0
777352,+,b0740,periplasmic protein,,1293.0,0,0,1,0,0,0
778117,-,b0740,periplasmic protein,,1293.0,0,0,0,1,0,1
778259,-,b0740,periplasmic protein,,1293.0,0,0,0,1,0,1
778688,+,b0742,periplasmic TolA-binding protein,133.0,792.0,1,0,0,0,0,0
779068,+,b0742,periplasmic TolA-binding protein,,792.0,0,0,1,0,0,0
779327,-,b0742,periplasmic TolA-binding protein,,792.0,0,0,0,1,0,1
779538,-,b0742,periplasmic TolA-binding protein,,792.0,0,0,0,1,0,1
779735,+,b0743,tRNA-Lys,42.0,76.0,1,0,0,0,0,0
779988,+,b0744,tRNA-Val,0.0,76.0,1,0,0,0,0,0
779994,+,b0745,tRNA-Lys,72.0,76.0,1,0,0,0,0,0
780073,+,b0746,tRNA-Val,218.0,76.0,0,1,0,0,0,0
780291,+,b0746,tRNA-Val,0.0,76.0,1,0,0,0,0,0
780297,+,b0747,tRNA-Lys,73.0,76.0,1,0,0,0,0,0
780377,+,b0748,tRNA-Lys,215.0,76.0,1,0,0,0,0,0
780599,+,b0749,tRNA-Lys,201.0,76.0,1,0,0,0,0,0
780752,+,b0749,tRNA-Lys,48.0,76.0,0,1,0,0,0,0
780807,+,b0749,tRNA-Lys,,76.0,0,0,1,0,0,0
781017,+,b0750,quinolinate synthase%2C subunit A,291.0,1044.0,0,1,0,0,0,0
781216,-,b0750,quinolinate synthase%2C subunit A,,1044.0,0,0,0,1,0,1
781226,+,b0750,quinolinate synthase%2C subunit A,82.0,1044.0,1,0,0,0,0,0
781895,+,b0750,quinolinate synthase%2C subunit A,,1044.0,0,0,1,0,0,0
782075,-,b0750,quinolinate synthase%2C subunit A,,1044.0,0,0,0,1,0,1
782348,+,b0751,nicotinamide riboside transporter,41.0,720.0,1,0,0,0,0,0
782349,-,b0750,quinolinate synthase%2C subunit A,,1044.0,0,0,0,1,0,1
782425,+,b0751,nicotinamide riboside transporter,,720.0,0,0,1,0,0,0
783968,-,b0752,zinc efflux system,,942.0,0,0,1,0,0,0
784083,-,b0752,zinc efflux system,37.0,942.0,0,1,0,0,0,0
784097,+,b0752,zinc efflux system,,942.0,0,0,0,1,0,1
784189,-,b0752,zinc efflux system,143.0,942.0,1,0,0,0,0,0
784222,-,b0752,zinc efflux system,176.0,942.0,0,1,0,0,0,0
784291,-,b0752,zinc efflux system,245.0,942.0,0,1,0,0,0,0
784624,+,b0754,3-deoxy-D-arabino-heptulosonate-7-phosphate synthase%2C phenylalanine repressible,232.0,1053.0,0,1,0,0,0,1
784685,-,b0753,hypothetical protein,145.0,381.0,1,0,0,0,0,0
784815,+,b0754,3-deoxy-D-arabino-heptulosonate-7-phosphate synthase%2C phenylalanine repressible,41.0,1053.0,1,0,0,0,0,0
786219,-,b0755,phosphoglyceromutase 1,,753.0,0,0,1,0,0,0
786552,-,b0755,phosphoglyceromutase 1,,753.0,0,0,1,0,0,0
786893,-,b0755,phosphoglyceromutase 1,75.0,753.0,1,0,0,0,0,0
786905,-,b0755,phosphoglyceromutase 1,87.0,753.0,0,1,0,0,0,0
786939,+,b0756,galactose-1-epimerase %28mutarotase%29,,1041.0,0,0,0,1,0,1
786951,+,b0756,galactose-1-epimerase %28mutarotase%29,,1041.0,0,0,0,1,0,1
787222,+,b0756,galactose-1-epimerase %28mutarotase%29,,1041.0,0,0,0,1,0,1
788233,-,b0756,galactose-1-epimerase %28mutarotase%29,173.0,1041.0,1,0,0,0,0,0
788567,+,b0757,galactokinase,,1149.0,0,0,0,1,0,1
788960,+,b0757,galactokinase,,1149.0,0,0,0,1,0,1
788983,-,b0757,galactokinase,,1149.0,0,0,1,0,0,0
789219,+,b0757,galactokinase,,1149.0,0,0,0,1,0,1
791194,-,b0759,UDP-galactose-4-epimerase,,1017.0,0,0,1,0,0,0
791304,-,b0759,UDP-galactose-4-epimerase,26.0,1017.0,1,0,0,0,0,0
791309,-,b0759,UDP-galactose-4-epimerase,31.0,1017.0,0,1,0,0,0,0
793024,+,b0760,fused molybdate transporter subunits of ABC superfamily: ATP-binding components,,1473.0,0,0,0,1,0,1
793037,-,b0760,fused molybdate transporter subunits of ABC superfamily: ATP-binding components,26.0,1473.0,0,1,0,0,0,0
793125,+,b0761,DNA-binding transcriptional repressor for the molybdenum transport operon modABC,,789.0,0,0,0,1,0,1
793240,-,b0760,fused molybdate transporter subunits of ABC superfamily: ATP-binding components,229.0,1473.0,1,0,0,0,0,0
793291,-,b0760,fused molybdate transporter subunits of ABC superfamily: ATP-binding components,280.0,1473.0,0,1,0,0,0,0
793702,+,b0762,AcrAB-TolC efflux pump accessory protein%2C membrane-associated,294.0,150.0,0,1,0,0,0,1
793803,+,b0762,AcrAB-TolC efflux pump accessory protein%2C membrane-associated,193.0,150.0,0,1,0,0,0,1
793888,-,b0761,DNA-binding transcriptional repressor for the molybdenum transport operon modABC,21.0,789.0,1,0,0,0,0,0
793974,+,b0762,AcrAB-TolC efflux pump accessory protein%2C membrane-associated,22.0,150.0,1,0,0,0,0,0
794214,+,b0763,molybdate transporter subunit,98.0,774.0,0,1,0,0,0,0
794219,+,b0763,molybdate transporter subunit,93.0,774.0,1,0,0,0,0,0
794285,+,b0763,molybdate transporter subunit,27.0,774.0,0,1,0,0,0,0
794815,+,b0764,molybdate transporter subunit,270.0,690.0,1,0,0,0,0,0
797429,-,b0766,pyridoxal phosphate %28PLP%29 phosphatase,,819.0,0,0,1,0,0,0
797506,+,b0766,pyridoxal phosphate %28PLP%29 phosphatase,,819.0,0,0,0,1,0,1
797813,-,b0766,pyridoxal phosphate %28PLP%29 phosphatase,159.0,819.0,1,0,0,0,0,1
798132,+,b0767,6-phosphogluconolactonase,,996.0,0,0,1,0,0,0
798451,+,b0767,6-phosphogluconolactonase,,996.0,0,0,1,0,0,0
799112,-,b0768,putative DNA-binding transcriptional regulator,,954.0,0,0,1,0,0,0
799411,+,b0768,putative DNA-binding transcriptional regulator,,954.0,0,0,0,1,0,1
800120,+,b0769,hypothetical protein,,1053.0,0,0,1,0,0,0
801173,+,b0770,putative transporter,,1434.0,0,0,1,0,0,0
802099,-,b0770,putative transporter,,1434.0,0,0,0,1,0,1
802291,+,b0770,putative transporter,,1434.0,0,0,1,0,0,0
802557,+,b0771,putative hydratase,169.0,2262.0,1,0,0,0,0,0
802659,-,b0771,putative hydratase,,2262.0,0,0,0,1,0,1
802948,+,b0771,putative hydratase,,2262.0,0,0,1,0,0,0
803882,-,b0771,putative hydratase,,2262.0,0,0,0,1,0,1
804228,-,b0771,putative hydratase,,2262.0,0,0,0,1,0,1
804466,-,b0771,putative hydratase,,2262.0,0,0,0,1,0,1
804747,-,b0771,putative hydratase,,2262.0,0,0,0,1,0,1
805782,+,b0772,acyl-CoA thioesterase%2C lipoprotein,,1284.0,0,0,0,1,0,1
806546,-,b0772,acyl-CoA thioesterase%2C lipoprotein,42.0,1284.0,1,0,0,0,0,0
806552,-,b0772,acyl-CoA thioesterase%2C lipoprotein,48.0,1284.0,0,1,0,0,0,0
806574,+,b0772,acyl-CoA thioesterase%2C lipoprotein,,1284.0,0,0,0,1,0,1
806823,-,b0773,kinase inhibitor homolog%2C UPF0098 family,,477.0,0,0,1,0,0,0
807048,-,b0773,kinase inhibitor homolog%2C UPF0098 family,,477.0,0,0,1,0,0,0
808513,-,b0774,7%2C8-diaminopelargonic acid synthase%2C PLP-dependent,33.0,1290.0,1,0,0,0,0,1
808524,+,b0775,biotin synthase,43.0,1041.0,1,0,0,0,0,1
810566,-,b0776,8-amino-7-oxononanoate synthase,,1155.0,0,0,0,1,0,1
810809,+,b0777,malonyl-CoA methyltransferase%2C SAM-dependent,,756.0,0,0,1,0,0,0
811786,+,b0778,dethiobiotin synthetase,,678.0,0,0,1,0,0,0
812560,+,b0779,excinulease of nucleotide excision repair%2C DNA damage recognition component,189.0,2022.0,0,1,0,0,0,0
812685,+,b0779,excinulease of nucleotide excision repair%2C DNA damage recognition component,64.0,2022.0,0,1,0,0,0,0
812718,+,b0779,excinulease of nucleotide excision repair%2C DNA damage recognition component,31.0,2022.0,1,0,0,0,0,0
813664,+,b0779,excinulease of nucleotide excision repair%2C DNA damage recognition component,,2022.0,0,0,1,0,0,0
814765,-,b0779,excinulease of nucleotide excision repair%2C DNA damage recognition component,,2022.0,0,0,0,1,0,1
815224,+,b0780,putative transferase with NAD%28P%29-binding Rossmann-fold domain,,909.0,0,0,0,1,0,1
815532,+,b0780,putative transferase with NAD%28P%29-binding Rossmann-fold domain,,909.0,0,0,0,1,0,1
815894,-,b0780,putative transferase with NAD%28P%29-binding Rossmann-fold domain,24.0,909.0,1,0,0,0,0,0
815911,+,b0780,putative transferase with NAD%28P%29-binding Rossmann-fold domain,,909.0,0,0,0,1,0,1
816051,+,b0781,molybdopterin biosynthesis protein A,216.0,990.0,0,1,0,0,0,0
816120,-,b0780,putative transferase with NAD%28P%29-binding Rossmann-fold domain,250.0,909.0,0,1,0,0,0,0
816137,+,b0781,molybdopterin biosynthesis protein A,130.0,990.0,1,0,0,0,0,0
817004,-,b0781,molybdopterin biosynthesis protein A,,990.0,0,0,0,1,0,1
817313,-,b0781,molybdopterin biosynthesis protein A,,990.0,0,0,0,1,0,1
817452,+,b0782,molybdopterin biosynthesis protein B,,513.0,0,0,1,0,0,0
818213,+,b0784,molybdopterin synthase%2C small subunit,58.0,246.0,1,0,0,0,0,0
818869,+,b0786,inner membrane protein%2C UPF0005 family,238.0,705.0,0,1,0,0,0,0
819053,-,b0785,molybdopterin synthase%2C large subunit,,453.0,0,0,0,1,0,1
819081,+,b0786,inner membrane protein%2C UPF0005 family,26.0,705.0,1,0,0,0,0,0
819412,-,b0786,inner membrane protein%2C UPF0005 family,,705.0,0,0,0,1,0,1
819426,+,b0786,inner membrane protein%2C UPF0005 family,,705.0,0,0,1,0,0,0
819833,+,b0787,inner membrane protein%2C UPF0005 family,183.0,714.0,0,1,0,0,0,0
819904,+,b0787,inner membrane protein%2C UPF0005 family,112.0,714.0,1,0,0,0,0,0
820435,+,b0787,inner membrane protein%2C UPF0005 family,,714.0,0,0,1,0,0,0
820538,+,b0787,inner membrane protein%2C UPF0005 family,,714.0,0,0,1,0,0,0
820772,+,b0788,conserved inner membrane protein,,957.0,0,0,0,1,0,1
821210,+,b0788,conserved inner membrane protein,,957.0,0,0,0,1,0,1
821298,-,b0788,conserved inner membrane protein,,957.0,0,0,1,0,0,0
822972,+,b0789,cardiolipin synthase 2,,1242.0,0,0,0,1,0,1
823730,+,b0791,inner membrane protein,123.0,411.0,0,1,0,0,0,1
823747,-,b0790,conserved protein%2C endo%2Fexonuclease%2Fphosphatase family PFAM PF03372,27.0,762.0,1,0,0,0,0,0
823749,-,b0790,conserved protein%2C endo%2Fexonuclease%2Fphosphatase family PFAM PF03372,29.0,762.0,0,1,0,0,0,0
823814,+,b0791,inner membrane protein,39.0,411.0,0,1,0,0,0,1
823824,+,b0791,inner membrane protein,29.0,411.0,1,0,0,0,0,0
824105,+,b0791,inner membrane protein,,411.0,0,0,1,0,0,0
826729,-,b0793,putative transporter subunit: membrane component of ABC superfamily,254.0,1134.0,1,0,0,0,0,0
828132,+,b0794,fused predicted transporter subunits of ABC superfamily: ATP-binding components,,1737.0,0,0,0,1,0,1
828216,-,b0794,fused predicted transporter subunits of ABC superfamily: ATP-binding components,12.0,1737.0,1,0,0,0,0,0
829893,-,b0796,putative DNA-binding transcriptional regulator,27.0,672.0,1,0,0,0,0,0
829910,+,b0797,ATP-dependent RNA helicase,185.0,1365.0,0,1,0,0,0,1
829922,-,b0796,putative DNA-binding transcriptional regulator,56.0,672.0,0,1,0,0,0,0
829960,-,b0796,putative DNA-binding transcriptional regulator,94.0,672.0,0,1,0,0,0,0
830008,+,b0797,ATP-dependent RNA helicase,87.0,1365.0,1,0,0,0,0,0
830661,+,b0797,ATP-dependent RNA helicase,,1365.0,0,0,1,0,0,0
831518,-,b0797,ATP-dependent RNA helicase,,1365.0,0,0,0,1,0,1
831807,+,b0798,conserved protein%2C DUF1768 family,,483.0,0,0,0,1,0,1
832239,-,b0798,conserved protein%2C DUF1768 family,66.0,483.0,1,0,0,0,0,1
832267,+,b0799,ATP-dependent DNA helicase,26.0,2151.0,1,0,0,0,0,1
834012,+,b0799,ATP-dependent DNA helicase,,2151.0,0,0,1,0,0,0
834920,+,b0800,putative family 3 glycosyltransferase,,963.0,0,0,1,0,0,0
835180,+,b0800,putative family 3 glycosyltransferase,,963.0,0,0,1,0,0,0
835421,-,b0800,putative family 3 glycosyltransferase,,963.0,0,0,0,1,0,1
835529,-,b0800,putative family 3 glycosyltransferase,,963.0,0,0,0,1,0,1
836491,-,b0801,putative dehydrogenase,,1086.0,0,0,0,1,0,1
836889,-,b0802,hypothetical protein,,261.0,0,0,1,0,0,0
836927,+,b0802,hypothetical protein,,261.0,0,0,0,1,0,1
837198,-,b0802,hypothetical protein,50.0,261.0,0,1,0,0,0,0
837438,-,b0802,hypothetical protein,290.0,261.0,1,0,0,0,0,0
837795,+,b0804,conserved protein%2C Fe%28II%29-dependent oxygenase superfamily,,678.0,0,0,0,1,0,1
837799,+,b0804,conserved protein%2C Fe%28II%29-dependent oxygenase superfamily,,678.0,0,0,0,1,0,1
838071,-,b0804,conserved protein%2C Fe%28II%29-dependent oxygenase superfamily,,678.0,0,0,1,0,0,0
838418,-,b0804,conserved protein%2C Fe%28II%29-dependent oxygenase superfamily,,678.0,0,0,1,0,0,0
838519,-,b0804,conserved protein%2C Fe%28II%29-dependent oxygenase superfamily,89.0,678.0,1,0,0,0,0,0
839719,+,b0805,catecholate siderophore receptor Fiu,,2283.0,0,0,0,1,0,1
839941,+,b0805,catecholate siderophore receptor Fiu,,2283.0,0,0,0,1,0,1
840355,-,b0805,catecholate siderophore receptor Fiu,,2283.0,0,0,1,0,0,0
840786,+,b0805,catecholate siderophore receptor Fiu,,2283.0,0,0,0,1,0,1
840887,-,b0805,catecholate siderophore receptor Fiu,133.0,2283.0,1,0,0,0,0,0
840938,+,b0806,colanic acid mucoidy stimulation protein,,261.0,0,0,0,1,0,1
841271,-,b0806,colanic acid mucoidy stimulation protein,,261.0,0,0,1,0,0,0
841311,-,b0806,colanic acid mucoidy stimulation protein,32.0,261.0,1,0,0,0,0,0
841479,+,b0807,23S rRNA m%286%29A1618 methyltransferase%2C SAM-dependent,76.0,927.0,0,1,0,0,0,0
841538,+,b0807,23S rRNA m%286%29A1618 methyltransferase%2C SAM-dependent,17.0,927.0,1,0,0,0,0,0
842540,-,b0808,mechanosensitive channel protein%2C intermediate conductance,,2226.0,0,0,1,0,0,1
842837,-,b0808,mechanosensitive channel protein%2C intermediate conductance,,2226.0,0,0,1,0,0,0
843132,+,b0808,mechanosensitive channel protein%2C intermediate conductance,,2226.0,0,0,0,1,0,1
843399,-,b0808,mechanosensitive channel protein%2C intermediate conductance,,2226.0,0,0,1,0,0,0
843650,+,b0808,mechanosensitive channel protein%2C intermediate conductance,,2226.0,0,0,0,1,0,1
844523,-,b0808,mechanosensitive channel protein%2C intermediate conductance,,2226.0,0,0,1,0,0,0
844733,-,b0808,mechanosensitive channel protein%2C intermediate conductance,30.0,2226.0,0,1,0,0,0,0
844735,-,b0808,mechanosensitive channel protein%2C intermediate conductance,32.0,2226.0,1,0,0,0,0,0
844930,+,b0809,glutamine transporter subunit,,723.0,0,0,0,1,0,1
846379,+,b0810,glutamine transporter subunit,,660.0,0,0,0,1,0,1
846491,+,b0811,glutamine transporter subunit,,747.0,0,0,0,1,0,1
847243,+,b0811,glutamine transporter subunit,,747.0,0,0,0,1,0,1
847270,-,b0811,glutamine transporter subunit,43.0,747.0,0,1,0,0,0,0
847421,-,b0811,glutamine transporter subunit,194.0,747.0,1,0,0,0,0,0
847654,+,b0812,Fe-binding and storage protein%3B stress-inducible DNA-binding protetin,,504.0,0,0,0,1,0,1
848027,+,b0812,Fe-binding and storage protein%3B stress-inducible DNA-binding protetin,,504.0,0,0,0,1,0,1
848087,+,b0812,Fe-binding and storage protein%3B stress-inducible DNA-binding protetin,,504.0,0,0,0,1,0,1
848173,-,b0812,Fe-binding and storage protein%3B stress-inducible DNA-binding protetin,39.0,504.0,1,0,0,0,0,0
848219,+,b0812,Fe-binding and storage protein%3B stress-inducible DNA-binding protetin,,504.0,0,0,0,1,0,1
848591,-,b0813,threonine and homoserine efflux system,,888.0,0,0,1,0,0,0
849351,+,b0813,threonine and homoserine efflux system,,888.0,0,0,0,1,0,1
849354,-,b0813,threonine and homoserine efflux system,34.0,888.0,1,0,0,0,0,0
849378,+,b0814,outer membrane protein X,295.0,516.0,0,1,0,0,0,1
849436,+,b0814,outer membrane protein X,237.0,516.0,1,0,0,0,0,0
849579,-,b0813,threonine and homoserine efflux system,259.0,888.0,0,1,0,0,0,1
849640,+,b0814,outer membrane protein X,33.0,516.0,0,1,0,0,0,0
850264,+,b0815,putative hydrolase%2C inner membrane,,1584.0,0,0,0,1,0,1
850476,-,b0815,putative hydrolase%2C inner membrane,,1584.0,0,0,1,0,0,0
850641,-,b0815,putative hydrolase%2C inner membrane,,1584.0,0,0,1,0,0,0
851936,-,b0815,putative hydrolase%2C inner membrane,116.0,1584.0,1,0,0,0,0,0
852270,-,b4705,Mn%282%29-response protein%2C MntR-repressed,50.0,129.0,1,0,0,0,0,0
852285,-,b4705,Mn%282%29-response protein%2C MntR-repressed,65.0,129.0,0,1,0,0,0,0
852300,+,b0817,DNA-binding transcriptional regulator of mntH,106.0,468.0,0,1,0,0,0,1
852360,+,b0817,DNA-binding transcriptional regulator of mntH,46.0,468.0,1,0,0,0,0,0
853216,+,b0818,putative transporter,,1119.0,0,0,1,0,0,0
854385,-,b0819,L%2CD-transpeptidase linking Lpp to murein,,921.0,0,0,1,0,0,0
854580,+,b0819,L%2CD-transpeptidase linking Lpp to murein,,921.0,0,0,0,1,0,1
854709,-,b0819,L%2CD-transpeptidase linking Lpp to murein,,921.0,0,0,1,0,0,0
855019,+,b0820,fused predicted transporter subunits of ABC superfamily: ATP-binding components,167.0,1593.0,0,1,0,0,0,1
855023,-,b0819,L%2CD-transpeptidase linking Lpp to murein,56.0,921.0,1,0,0,0,0,0
855133,+,b0820,fused predicted transporter subunits of ABC superfamily: ATP-binding components,53.0,1593.0,0,1,0,0,0,0
855157,+,b0820,fused predicted transporter subunits of ABC superfamily: ATP-binding components,29.0,1593.0,1,0,0,0,0,0
855399,+,b0820,fused predicted transporter subunits of ABC superfamily: ATP-binding components,,1593.0,0,0,1,0,0,0
857467,-,b0821,hypothetical protein,,1266.0,0,0,1,0,0,0
858075,+,b0821,hypothetical protein,,1266.0,0,0,0,1,0,1
858497,-,b0821,hypothetical protein,213.0,1266.0,1,0,0,0,0,0
859279,-,b0822,sugar phosphatase%3B preference for fructose-1-P%2C ribose-5-P and glucose-6-P,28.0,816.0,1,0,0,0,0,0
859309,-,b0822,sugar phosphatase%3B preference for fructose-1-P%2C ribose-5-P and glucose-6-P,58.0,816.0,0,1,0,0,0,0
859433,+,b0823,putative pyruvate formate lyase,,2433.0,0,0,0,1,0,1
859914,+,b0823,putative pyruvate formate lyase,,2433.0,0,0,0,1,0,1
861632,+,b0823,putative pyruvate formate lyase,,2433.0,0,0,0,1,0,1
861639,+,b0823,putative pyruvate formate lyase,,2433.0,0,0,0,1,0,1
862837,+,b0825,fructose-6-phosphate aldolase 1,28.0,663.0,1,0,0,0,0,0
863356,+,b0825,fructose-6-phosphate aldolase 1,,663.0,0,0,1,0,0,0
864427,-,b0826,molybdopterin synthase sulfurylase,75.0,750.0,1,0,0,0,0,0
865617,-,b0827,molybdopterin molybdenumtransferase%3B molybdopterin biosynthesis protein,30.0,1236.0,1,0,0,0,0,0
865719,+,b0828,Isoaspartyl peptidase,72.0,966.0,0,1,0,0,0,0
865760,+,b0828,Isoaspartyl peptidase,31.0,966.0,1,0,0,0,0,0
866045,-,b0828,Isoaspartyl peptidase,,966.0,0,0,0,1,0,1
867371,-,b0829,glutathione transporter ATP-binding protein%2C ABC superfamily,,1872.0,0,0,0,1,0,1
867420,+,b0829,glutathione transporter ATP-binding protein%2C ABC superfamily,,1872.0,0,0,1,0,0,0
868736,-,b0830,glutathione periplasmic binding protein%2C ABC superfamily transporter,,1539.0,0,0,0,1,0,1
868746,+,b0830,glutathione periplasmic binding protein%2C ABC superfamily transporter,,1539.0,0,0,1,0,0,0
869096,+,b0830,glutathione periplasmic binding protein%2C ABC superfamily transporter,,1539.0,0,0,1,0,0,0
869393,-,b0830,glutathione periplasmic binding protein%2C ABC superfamily transporter,,1539.0,0,0,0,1,0,1
870002,+,b0831,glutathione transporter%2C permease component%2C ABC superfamily,188.0,921.0,1,0,0,0,0,0
870400,+,b0831,glutathione transporter%2C permease component%2C ABC superfamily,,921.0,0,0,1,0,0,0
872122,+,b0833,putative membrane-anchored cyclic-di-GMP phosphodiesterase,80.0,2349.0,1,0,0,0,0,0
872201,-,b0833,putative membrane-anchored cyclic-di-GMP phosphodiesterase,,2349.0,0,0,0,1,0,1
873810,+,b0833,putative membrane-anchored cyclic-di-GMP phosphodiesterase,,2349.0,0,0,1,0,0,0
873830,+,b0833,putative membrane-anchored cyclic-di-GMP phosphodiesterase,,2349.0,0,0,1,0,0,0
874327,+,b0834,putative membrane-anchored diguanylate cyclase,231.0,1329.0,0,1,0,0,0,0
874471,+,b0834,putative membrane-anchored diguanylate cyclase,87.0,1329.0,1,0,0,0,0,0
874890,-,b0834,putative membrane-anchored diguanylate cyclase,,1329.0,0,0,0,1,0,1
875152,+,b0834,putative membrane-anchored diguanylate cyclase,,1329.0,0,0,1,0,0,0
875343,+,b0834,putative membrane-anchored diguanylate cyclase,,1329.0,0,0,1,0,0,0
875981,-,b0835,ribosomal protein S12 methylthiotransferase%3B radical SAM superfamily,,1326.0,0,0,1,0,0,1
877292,-,b0835,ribosomal protein S12 methylthiotransferase%3B radical SAM superfamily,34.0,1326.0,1,0,0,0,0,0
877440,+,b0836,repressor of biofilm formation by indole transport regulation,31.0,384.0,1,0,0,0,0,0
877945,+,b0837,soluble aldose sugar dehydrogenase,20.0,1116.0,1,0,0,0,0,0
878080,-,b0837,soluble aldose sugar dehydrogenase,,1116.0,0,0,0,1,0,1
878263,-,b0837,soluble aldose sugar dehydrogenase,,1116.0,0,0,0,1,0,1
878549,-,b0837,soluble aldose sugar dehydrogenase,,1116.0,0,0,0,1,0,1
878596,+,b0837,soluble aldose sugar dehydrogenase,,1116.0,0,0,1,0,0,0
878931,+,b0837,soluble aldose sugar dehydrogenase,,1116.0,0,0,1,0,0,0
879054,-,b0837,soluble aldose sugar dehydrogenase,,1116.0,0,0,0,1,0,1
879181,-,b0838,glutathione S-transferase,,627.0,0,0,1,0,0,0
879503,-,b0838,glutathione S-transferase,,627.0,0,0,1,0,0,0
879841,+,b0839,D-alanyl-D-alanine carboxypeptidase %28penicillin-binding protein 6a%29,109.0,1203.0,1,0,0,0,0,0
879842,-,b0838,glutathione S-transferase,139.0,627.0,1,0,0,0,0,0
880142,+,b0839,D-alanyl-D-alanine carboxypeptidase %28penicillin-binding protein 6a%29,,1203.0,0,0,1,0,0,0
880691,+,b0839,D-alanyl-D-alanine carboxypeptidase %28penicillin-binding protein 6a%29,,1203.0,0,0,1,0,0,0
880961,-,b0839,D-alanyl-D-alanine carboxypeptidase %28penicillin-binding protein 6a%29,,1203.0,0,0,0,1,0,1
881240,-,b0840,DNA-binding transcriptional repressor,,759.0,0,0,1,0,0,1
881369,-,b0840,DNA-binding transcriptional repressor,,759.0,0,0,1,0,0,0
881454,+,b0840,DNA-binding transcriptional repressor,,759.0,0,0,0,1,0,1
881986,-,b0840,DNA-binding transcriptional repressor,29.0,759.0,1,0,0,0,0,0
881994,-,b0840,DNA-binding transcriptional repressor,37.0,759.0,0,1,0,0,0,0
882166,-,b0840,DNA-binding transcriptional repressor,209.0,759.0,0,1,0,0,0,0
882331,-,b0841,undecaprenyl pyrophosphate phosphatase,,597.0,0,0,1,0,0,0
882728,-,b0841,undecaprenyl pyrophosphate phosphatase,117.0,597.0,1,0,0,0,0,0
882793,+,b0842,multidrug efflux system protein,103.0,1233.0,1,0,0,0,0,0
882800,+,b0842,multidrug efflux system protein,96.0,1233.0,0,1,0,0,0,0
882872,+,b0842,multidrug efflux system protein,24.0,1233.0,0,1,0,0,0,0
883792,+,b0842,multidrug efflux system protein,,1233.0,0,0,1,0,0,0
883874,+,b0842,multidrug efflux system protein,,1233.0,0,0,1,0,0,0
884045,+,b0842,multidrug efflux system protein,,1233.0,0,0,1,0,0,0
884151,-,b0842,multidrug efflux system protein,,1233.0,0,0,0,1,0,1
884827,-,b0844,FMN and erythrose-4-P phosphatase,,816.0,0,0,1,0,0,0
885004,-,b0844,FMN and erythrose-4-P phosphatase,,816.0,0,0,1,0,0,0
885616,-,b0844,FMN and erythrose-4-P phosphatase,262.0,816.0,1,0,0,0,0,0
886432,-,b0845,putative transporter,,1209.0,0,0,1,0,0,0
886587,-,b0845,putative transporter,25.0,1209.0,1,0,0,0,0,1
886624,+,b0846,putative DNA-binding transcriptional regulator,22.0,537.0,1,0,0,0,0,1
887280,-,b4417,sRNA antisense regulator of ompC and ompW mRNA instability%2C Hfq-dependent,3.0,79.0,1,0,0,0,0,1
887727,-,b0847,putative transporter,,1686.0,0,0,1,0,0,0
888298,-,b0847,putative transporter,,1686.0,0,0,1,0,0,0
888337,+,b0847,putative transporter,,1686.0,0,0,0,1,0,1
888661,-,b0847,putative transporter,,1686.0,0,0,1,0,0,0
888709,-,b0847,putative transporter,,1686.0,0,0,1,0,0,0
888769,+,b0847,putative transporter,,1686.0,0,0,0,1,0,1
888844,-,b0847,putative transporter,,1686.0,0,0,1,0,0,0
888983,-,b0847,putative transporter,,1686.0,0,0,1,0,0,0
889099,+,b0848,inner membrane protein,213.0,378.0,0,1,0,0,0,1
889110,+,b0848,inner membrane protein,202.0,378.0,1,0,0,0,0,1
889168,-,b0847,putative transporter,126.0,1686.0,1,0,0,0,0,0
889216,-,b0847,putative transporter,174.0,1686.0,0,1,0,0,0,1
890029,+,b0850,conserved protein%2C DUF1418 family,107.0,288.0,0,1,0,0,0,1
890086,+,b0850,conserved protein%2C DUF1418 family,50.0,288.0,0,1,0,0,0,0
890115,+,b0850,conserved protein%2C DUF1418 family,21.0,288.0,1,0,0,0,0,0
890755,+,b0851,nitroreductase A%2C NADPH-dependent%2C FMN-dependent,,723.0,0,0,1,0,0,0
891158,+,b0852,ribosomal protein S6 modification protein,32.0,903.0,1,0,0,0,0,0
891343,-,b0852,ribosomal protein S6 modification protein,,903.0,0,0,0,1,0,1
891459,+,b0852,ribosomal protein S6 modification protein,,903.0,0,0,1,0,0,0
891552,-,b0852,ribosomal protein S6 modification protein,,903.0,0,0,0,1,0,1
891575,-,b0852,ribosomal protein S6 modification protein,,903.0,0,0,0,1,0,1
891713,-,b0852,ribosomal protein S6 modification protein,,903.0,0,0,0,1,0,1
892042,+,b0853,negative regulator of motility%3B multicopy suppressor of coaA%28Ts%29,138.0,477.0,0,1,0,0,0,0
892149,+,b0853,negative regulator of motility%3B multicopy suppressor of coaA%28Ts%29,31.0,477.0,1,0,0,0,0,0
892839,+,b0854,putrescine transporter subunit: periplasmic-binding component of ABC superfamily,168.0,1113.0,0,1,0,0,0,0
892859,+,b0854,putrescine transporter subunit: periplasmic-binding component of ABC superfamily,148.0,1113.0,0,1,0,0,0,0
892864,+,b0854,putrescine transporter subunit: periplasmic-binding component of ABC superfamily,143.0,1113.0,1,0,0,0,0,0
895944,+,b0856,putrescine transporter subunit: membrane component of ABC superfamily,,954.0,0,0,1,0,0,0
896056,+,b0857,putrescine transporter subunit: membrane component of ABC superfamily,251.0,846.0,0,1,0,0,0,0
896271,+,b0857,putrescine transporter subunit: membrane component of ABC superfamily,36.0,846.0,1,0,0,0,0,0
896273,+,b0857,putrescine transporter subunit: membrane component of ABC superfamily,34.0,846.0,0,1,0,0,0,0
896471,+,b0857,putrescine transporter subunit: membrane component of ABC superfamily,,846.0,0,0,1,0,0,0
897171,+,b0858,inner membrane protein%2C DUF2593 family,41.0,489.0,1,0,0,0,0,0
897701,-,b0858,inner membrane protein%2C DUF2593 family,,489.0,0,0,0,1,0,1
897717,+,b0859,23S rRNA m%285%29U747 methyltransferase%2C SAM-dependent,24.0,1128.0,1,0,0,0,0,0
899421,+,b0860,arginine binding protein%2C periplasmic,,732.0,0,0,0,1,0,1
899799,+,b0860,arginine binding protein%2C periplasmic,,732.0,0,0,0,1,0,1
899849,-,b0860,arginine binding protein%2C periplasmic,51.0,732.0,1,0,0,0,0,0
900188,-,b0861,arginine transporter subunit,,669.0,0,0,1,0,0,0
900800,-,b0861,arginine transporter subunit,43.0,669.0,1,0,0,0,0,0
901671,+,b0863,arginine transporter subunit,,732.0,0,0,0,1,0,1
902993,-,b0864,arginine transporter subunit,36.0,729.0,1,0,0,0,0,0
903066,-,b0864,arginine transporter subunit,109.0,729.0,0,1,0,0,0,0
903703,+,b0866,conserved protein%2C UPF0145 family,113.0,324.0,0,1,0,0,0,1
903740,+,b0866,conserved protein%2C UPF0145 family,76.0,324.0,0,1,0,0,0,1
903745,-,b0865,lipoprotein,55.0,516.0,1,0,0,0,0,1
903746,+,b0866,conserved protein%2C UPF0145 family,70.0,324.0,0,1,0,0,0,1
903754,+,b0866,conserved protein%2C UPF0145 family,62.0,324.0,1,0,0,0,0,1
905369,+,b0868,putative NAD%28P%29H-binding oxidoreductase with NAD%28P%29-binding Rossmann-fold domain,,1014.0,0,0,0,1,0,1
905625,+,b0868,putative NAD%28P%29H-binding oxidoreductase with NAD%28P%29-binding Rossmann-fold domain,,1014.0,0,0,0,1,0,1
906004,-,b0868,putative NAD%28P%29H-binding oxidoreductase with NAD%28P%29-binding Rossmann-fold domain,28.0,1014.0,1,0,0,0,0,0
906047,-,b0868,putative NAD%28P%29H-binding oxidoreductase with NAD%28P%29-binding Rossmann-fold domain,71.0,1014.0,0,1,0,0,0,0
906347,-,b0869,conserved protein with NAD%28P%29-binding Rossmann-fold domain,,1431.0,0,0,1,0,0,0
906375,-,b0869,conserved protein with NAD%28P%29-binding Rossmann-fold domain,,1431.0,0,0,1,0,0,0
906698,+,b0869,conserved protein with NAD%28P%29-binding Rossmann-fold domain,,1431.0,0,0,0,1,0,1
908135,+,b0870,L-allo-threonine aldolase%2C PLP-dependent,,1002.0,0,0,0,1,0,1
908543,-,b0870,L-allo-threonine aldolase%2C PLP-dependent,26.0,1002.0,1,0,0,0,0,0
908549,-,b0870,L-allo-threonine aldolase%2C PLP-dependent,32.0,1002.0,0,1,0,0,0,0
910299,-,b0871,pyruvate dehydrogenase %28pyruvate oxidase%29%2C thiamin-dependent%2C FAD-binding,27.0,1719.0,1,0,0,0,0,0
911163,-,b0872,HCP oxidoreductase%2C NADH-dependent,,969.0,0,0,1,0,0,0
911630,-,b0872,HCP oxidoreductase%2C NADH-dependent,257.0,969.0,1,0,0,0,0,0
911723,-,b0873,hybrid-cluster %5B4Fe-2S-2O%5D protein in anaerobic terminal reductases,,1653.0,0,0,1,0,0,0
912474,-,b0873,hybrid-cluster %5B4Fe-2S-2O%5D protein in anaerobic terminal reductases,,1653.0,0,0,1,0,0,0
912479,-,b0873,hybrid-cluster %5B4Fe-2S-2O%5D protein in anaerobic terminal reductases,,1653.0,0,0,1,0,0,0
913069,-,b0873,hybrid-cluster %5B4Fe-2S-2O%5D protein in anaerobic terminal reductases,32.0,1653.0,1,0,0,0,0,0
913361,-,b0874,putative transporter,,900.0,0,0,1,0,0,0
913523,-,b0874,putative transporter,,900.0,0,0,1,0,0,0
914118,-,b0874,putative transporter,38.0,900.0,1,0,0,0,0,0
915195,-,b0875,aquaporin Z,,696.0,0,0,1,0,0,0
915354,-,b0875,aquaporin Z,84.0,696.0,0,1,0,0,0,0
915454,-,b0875,aquaporin Z,184.0,696.0,1,0,0,0,0,0
915523,+,b0876,conserved protein with nucleoside triphosphate hydrolase domain,173.0,1659.0,1,0,0,0,0,0
915558,-,b0875,aquaporin Z,288.0,696.0,0,1,0,0,0,0
915643,-,b0876,conserved protein with nucleoside triphosphate hydrolase domain,,1659.0,0,0,0,1,0,1
915663,+,b0876,conserved protein with nucleoside triphosphate hydrolase domain,33.0,1659.0,0,1,0,0,0,0
915707,+,b0876,conserved protein with nucleoside triphosphate hydrolase domain,,1659.0,0,0,1,0,0,0
917960,+,b0877,hypothetical protein,,993.0,0,0,0,1,0,1
917984,-,b0877,hypothetical protein,,993.0,0,0,1,0,0,0
918081,-,b0877,hypothetical protein,,993.0,0,0,1,0,0,0
918092,-,b0877,hypothetical protein,,993.0,0,0,1,0,0,0
919006,-,b0878,macrolide transporter subunit%2C membrane fusion protein %28MFP%29 component,,1116.0,0,0,0,1,0,1
919438,+,b0879,fused macrolide transporter subunits of ABC superfamily: ATP-binding component%2Fmembrane component,132.0,1947.0,1,0,0,0,0,0
920000,+,b0879,fused macrolide transporter subunits of ABC superfamily: ATP-binding component%2Fmembrane component,,1947.0,0,0,1,0,0,0
920259,-,b0879,fused macrolide transporter subunits of ABC superfamily: ATP-binding component%2Fmembrane component,,1947.0,0,0,0,1,0,1
920708,+,b0879,fused macrolide transporter subunits of ABC superfamily: ATP-binding component%2Fmembrane component,,1947.0,0,0,1,0,0,0
921134,+,b0879,fused macrolide transporter subunits of ABC superfamily: ATP-binding component%2Fmembrane component,,1947.0,0,0,1,0,0,0
921583,+,b0880,inhibitor of DNA replication%2C cold shock protein homolog,,225.0,0,0,0,1,0,1
921844,+,b0881,regulatory protein for ClpA substrate specificity,292.0,321.0,0,1,0,0,0,1
921852,+,b0881,regulatory protein for ClpA substrate specificity,284.0,321.0,0,1,0,0,0,1
921899,-,b0880,inhibitor of DNA replication%2C cold shock protein homolog,86.0,225.0,1,0,0,0,0,0
922054,+,b0881,regulatory protein for ClpA substrate specificity,82.0,321.0,0,1,0,0,0,0
922070,+,b0881,regulatory protein for ClpA substrate specificity,66.0,321.0,1,0,0,0,0,0
922115,-,b0881,regulatory protein for ClpA substrate specificity,,321.0,0,0,0,1,0,1
922219,-,b0881,regulatory protein for ClpA substrate specificity,,321.0,0,0,0,1,0,1
922231,+,b0882,ATPase and specificity subunit of ClpA-ClpP ATP-dependent serine protease%2C chaperone activity,256.0,2277.0,0,1,0,0,0,0
922271,+,b0882,ATPase and specificity subunit of ClpA-ClpP ATP-dependent serine protease%2C chaperone activity,216.0,2277.0,0,1,0,0,0,0
922301,+,b0882,ATPase and specificity subunit of ClpA-ClpP ATP-dependent serine protease%2C chaperone activity,186.0,2277.0,1,0,0,0,0,0
923839,+,b0882,ATPase and specificity subunit of ClpA-ClpP ATP-dependent serine protease%2C chaperone activity,,2277.0,0,0,1,0,0,0
923867,-,b0882,ATPase and specificity subunit of ClpA-ClpP ATP-dependent serine protease%2C chaperone activity,,2277.0,0,0,0,1,0,1
923921,+,b0882,ATPase and specificity subunit of ClpA-ClpP ATP-dependent serine protease%2C chaperone activity,,2277.0,0,0,1,0,0,0
925194,-,b0883,tRNA-Ser,0.0,88.0,1,0,0,0,0,0
925229,-,b0883,tRNA-Ser,35.0,88.0,0,1,0,0,0,0
925271,-,b0883,tRNA-Ser,77.0,88.0,0,1,0,0,0,0
925361,+,b0884,translation initiation factor IF-1,,219.0,0,0,0,1,0,1
925362,-,b0883,tRNA-Ser,168.0,88.0,0,1,0,0,0,0
925584,-,b0884,translation initiation factor IF-1,,219.0,0,0,1,0,0,0
925702,-,b0884,translation initiation factor IF-1,36.0,219.0,1,0,0,0,0,0
925907,-,b0884,translation initiation factor IF-1,241.0,219.0,0,1,0,0,0,0
926037,+,b0885,leucyl%2Fphenylalanyl-tRNA-protein transferase,,705.0,0,0,0,1,0,1
926129,-,b0885,leucyl%2Fphenylalanyl-tRNA-protein transferase,,705.0,0,0,1,0,0,0
926309,+,b0885,leucyl%2Fphenylalanyl-tRNA-protein transferase,,705.0,0,0,0,1,0,1
926366,-,b0885,leucyl%2Fphenylalanyl-tRNA-protein transferase,,705.0,0,0,1,0,0,0
926750,-,b0885,leucyl%2Fphenylalanyl-tRNA-protein transferase,95.0,705.0,1,0,0,0,0,0
927110,-,b0886,fused glutathione%2C cysteine exporter subunits of ABC superfamily: membrane component%2FATP-binding component,,1722.0,0,0,1,0,0,0
928998,-,b0887,fused glutathione%2C cysteine exporter subunits of ABC superfamily: membrane component%2FATP-binding component,,1767.0,0,0,1,0,0,0
929243,-,b0887,fused glutathione%2C cysteine exporter subunits of ABC superfamily: membrane component%2FATP-binding component,,1767.0,0,0,1,0,0,0
929919,+,b0887,fused glutathione%2C cysteine exporter subunits of ABC superfamily: membrane component%2FATP-binding component,,1767.0,0,0,0,1,0,1
930221,-,b0887,fused glutathione%2C cysteine exporter subunits of ABC superfamily: membrane component%2FATP-binding component,36.0,1767.0,1,0,0,0,0,0
930572,-,b0888,thioredoxin reductase%2C FAD%2FNAD%28P%29-binding,,966.0,0,0,1,0,0,0
930998,-,b0888,thioredoxin reductase%2C FAD%2FNAD%28P%29-binding,,966.0,0,0,1,0,0,0
931480,-,b0888,thioredoxin reductase%2C FAD%2FNAD%28P%29-binding,207.0,966.0,1,0,0,0,0,0
931551,+,b0889,DNA-binding transcriptional dual regulator%2C leucine-binding,267.0,495.0,1,0,0,0,0,0
931810,-,b0889,DNA-binding transcriptional dual regulator%2C leucine-binding,,495.0,0,0,0,1,0,1
931918,+,b0889,DNA-binding transcriptional dual regulator%2C leucine-binding,,495.0,0,0,1,0,0,0
932046,-,b0889,DNA-binding transcriptional dual regulator%2C leucine-binding,,495.0,0,0,0,1,0,1
932152,+,b0890,DNA translocase at septal ring sorting daughter chromsomes,295.0,3990.0,0,1,0,0,0,0
932358,+,b0890,DNA translocase at septal ring sorting daughter chromsomes,89.0,3990.0,1,0,0,0,0,0
933573,-,b0890,DNA translocase at septal ring sorting daughter chromsomes,,3990.0,0,0,0,1,0,1
935116,-,b0890,DNA translocase at septal ring sorting daughter chromsomes,,3990.0,0,0,0,1,0,1
935447,+,b0890,DNA translocase at septal ring sorting daughter chromsomes,,3990.0,0,0,1,0,0,0
936182,+,b0890,DNA translocase at septal ring sorting daughter chromsomes,,3990.0,0,0,1,0,0,0
936261,-,b0890,DNA translocase at septal ring sorting daughter chromsomes,,3990.0,0,0,0,1,0,1
936358,+,b0891,lipoprotein chaperone,237.0,612.0,1,0,0,0,0,0
937035,+,b0892,DNA-dependent ATPase involved in processing recombination intermediates at replication forks,182.0,1344.0,1,0,0,0,0,0
937361,-,b0892,DNA-dependent ATPase involved in processing recombination intermediates at replication forks,,1344.0,0,0,0,1,0,1
937994,+,b0892,DNA-dependent ATPase involved in processing recombination intermediates at replication forks,,1344.0,0,0,1,0,0,0
938471,+,b0893,seryl-tRNA synthetase%2C also charges selenocysteinyl-tRNA with serine,180.0,1293.0,0,1,0,0,0,0
938543,+,b0893,seryl-tRNA synthetase%2C also charges selenocysteinyl-tRNA with serine,108.0,1293.0,0,1,0,0,0,0
938576,+,b0893,seryl-tRNA synthetase%2C also charges selenocysteinyl-tRNA with serine,75.0,1293.0,0,1,0,0,0,0
938588,+,b0893,seryl-tRNA synthetase%2C also charges selenocysteinyl-tRNA with serine,63.0,1293.0,1,0,0,0,0,0
940046,+,b0894,dimethyl sulfoxide reductase%2C anaerobic%2C subunit A,136.0,2445.0,1,0,0,0,0,0
940103,+,b0894,dimethyl sulfoxide reductase%2C anaerobic%2C subunit A,79.0,2445.0,0,1,0,0,0,0
942249,-,b0894,dimethyl sulfoxide reductase%2C anaerobic%2C subunit A,,2445.0,0,0,0,1,0,1
943153,-,b0895,dimethyl sulfoxide reductase%2C anaerobic%2C subunit B,,618.0,0,0,0,1,0,1
943676,+,b0896,dimethyl sulfoxide reductase%2C anaerobic%2C subunit C,,864.0,0,0,1,0,0,0
944041,+,b0896,dimethyl sulfoxide reductase%2C anaerobic%2C subunit C,,864.0,0,0,1,0,0,0
944839,-,b0897,putative hydrolase%2C isochorismatase family,59.0,627.0,1,0,0,0,0,0
944993,+,b0898,putative MFS-type transporter,101.0,1149.0,1,0,0,0,0,0
945714,-,b0898,putative MFS-type transporter,,1149.0,0,0,0,1,0,1
945849,+,b0898,putative MFS-type transporter,,1149.0,0,0,1,0,0,0
946093,+,b0898,putative MFS-type transporter,,1149.0,0,0,1,0,0,0
946412,+,b0899,putative transporter,40.0,1431.0,1,0,0,0,0,0
947055,-,b0899,putative transporter,,1431.0,0,0,0,1,0,1
947314,-,b0899,putative transporter,,1431.0,0,0,0,1,0,1
947331,+,b0899,putative transporter,,1431.0,0,0,1,0,0,0
947843,+,b0899,putative transporter,,1431.0,0,0,1,0,0,1
948128,-,b0900,putative DNA-binding transcriptional regulator,,909.0,0,0,1,0,0,0
948245,-,b0900,putative DNA-binding transcriptional regulator,,909.0,0,0,1,0,0,0
948645,-,b0900,putative DNA-binding transcriptional regulator,,909.0,0,0,1,0,0,0
948821,-,b0900,putative DNA-binding transcriptional regulator,30.0,909.0,1,0,0,0,0,1
949221,+,b0901,hypothetical protein,,591.0,0,0,1,0,0,0
949457,+,b0901,hypothetical protein,,591.0,0,0,1,0,0,0
949475,+,b0901,hypothetical protein,,591.0,0,0,1,0,0,1
949501,+,b0902,pyruvate formate lyase activating enzyme 1,,741.0,0,0,0,1,0,1
950449,-,b0902,pyruvate formate lyase activating enzyme 1,146.0,741.0,1,0,0,0,0,0
950473,+,b0903,pyruvate formate lyase I,,2283.0,0,0,0,1,0,1
950665,+,b0903,pyruvate formate lyase I,,2283.0,0,0,0,1,0,1
951137,-,b0903,pyruvate formate lyase I,,2283.0,0,0,1,0,0,0
951297,+,b0903,pyruvate formate lyase I,,2283.0,0,0,0,1,0,1
951349,-,b0903,pyruvate formate lyase I,,2283.0,0,0,1,0,0,0
952120,-,b0903,pyruvate formate lyase I,,2283.0,0,0,1,0,0,0
952433,+,b0903,pyruvate formate lyase I,,2283.0,0,0,0,1,0,1
952581,-,b0903,pyruvate formate lyase I,,2283.0,0,0,1,0,0,0
953131,-,b0904,formate channel,,858.0,0,0,1,0,0,0
953145,-,b0904,formate channel,,858.0,0,0,1,0,0,0
953715,-,b0904,formate channel,26.0,858.0,1,0,0,0,0,0
953726,-,b0904,formate channel,37.0,858.0,0,1,0,0,0,0
953730,-,b0904,formate channel,41.0,858.0,0,1,0,0,0,0
953983,-,b0904,formate channel,294.0,858.0,0,1,0,0,0,0
954395,+,b0905,ribosomal protein S12 methylthiotransferase accessory factor,,1761.0,0,0,0,1,0,1
954732,-,b0905,ribosomal protein S12 methylthiotransferase accessory factor,,1761.0,0,0,1,0,0,0
955413,-,b0905,ribosomal protein S12 methylthiotransferase accessory factor,,1761.0,0,0,1,0,0,0
955507,-,b0905,ribosomal protein S12 methylthiotransferase accessory factor,,1761.0,0,0,1,0,0,0
955881,-,b0905,ribosomal protein S12 methylthiotransferase accessory factor,26.0,1761.0,1,0,0,0,0,0
955898,+,b0906,putative inner membrane protein%2C UPF0702 family,87.0,693.0,1,0,0,0,0,1
955959,+,b0906,putative inner membrane protein%2C UPF0702 family,26.0,693.0,0,1,0,0,0,0
956033,+,b0906,putative inner membrane protein%2C UPF0702 family,,693.0,0,0,1,0,0,0
956057,-,b0905,ribosomal protein S12 methylthiotransferase accessory factor,202.0,1761.0,0,1,0,0,0,1
956512,+,b0906,putative inner membrane protein%2C UPF0702 family,,693.0,0,0,1,0,0,0
956678,-,b0906,putative inner membrane protein%2C UPF0702 family,,693.0,0,0,0,1,0,1
956792,+,b0907,3-phosphoserine%2Fphosphohydroxythreonine aminotransferase,84.0,1089.0,0,1,0,0,0,0
956802,+,b0907,3-phosphoserine%2Fphosphohydroxythreonine aminotransferase,74.0,1089.0,1,0,0,0,0,0
957093,+,b0907,3-phosphoserine%2Fphosphohydroxythreonine aminotransferase,,1089.0,0,0,1,0,0,0
957308,-,b0907,3-phosphoserine%2Fphosphohydroxythreonine aminotransferase,,1089.0,0,0,0,1,0,1
957987,+,b0908,5-enolpyruvylshikimate-3-phosphate synthetase,48.0,1284.0,1,0,0,0,0,0
958231,+,b0908,5-enolpyruvylshikimate-3-phosphate synthetase,,1284.0,0,0,1,0,0,0
959461,+,b0909,putative peptidase with chaperone function,26.0,765.0,1,0,0,0,0,0
960285,-,b0909,putative peptidase with chaperone function,,765.0,0,0,0,1,0,1
960303,+,b0910,cytidylate kinase,121.0,684.0,0,1,0,0,0,0
960387,+,b0910,cytidylate kinase,37.0,684.0,1,0,0,0,0,0
960459,+,b0910,cytidylate kinase,,684.0,0,0,1,0,0,0
960914,+,b0910,cytidylate kinase,,684.0,0,0,1,0,0,0
960941,+,b0911,30S ribosomal subunit protein S1,277.0,1674.0,1,0,0,0,0,0
961085,+,b0911,30S ribosomal subunit protein S1,133.0,1674.0,0,1,0,0,0,0
961189,-,b0910,cytidylate kinase,,684.0,0,0,0,1,0,1
961204,-,b0910,cytidylate kinase,,684.0,0,0,0,1,0,1
961673,-,b0911,30S ribosomal subunit protein S1,,1674.0,0,0,0,1,0,1
962214,+,b0911,30S ribosomal subunit protein S1,,1674.0,0,0,1,0,0,0
962324,-,b0911,30S ribosomal subunit protein S1,,1674.0,0,0,0,1,0,1
962586,+,b0911,30S ribosomal subunit protein S1,,1674.0,0,0,1,0,0,0
962973,+,b0912,integration host factor %28IHF%29%2C DNA-binding protein%2C beta subunit,78.0,285.0,1,0,0,0,0,0
963527,+,b0913,inner membrane protein%2C ComEC family of competence proteins,16.0,2265.0,1,0,0,0,0,0
964052,-,b0913,inner membrane protein%2C ComEC family of competence proteins,,2265.0,0,0,0,1,0,1
964174,-,b0913,inner membrane protein%2C ComEC family of competence proteins,,2265.0,0,0,0,1,0,1
964771,-,b0913,inner membrane protein%2C ComEC family of competence proteins,,2265.0,0,0,0,1,0,1
965256,+,b0913,inner membrane protein%2C ComEC family of competence proteins,,2265.0,0,0,1,0,0,0
965299,+,b0913,inner membrane protein%2C ComEC family of competence proteins,,2265.0,0,0,1,0,0,0
965746,-,b0913,inner membrane protein%2C ComEC family of competence proteins,,2265.0,0,0,0,1,0,1
965818,+,b0914,fused lipid transporter subunits of ABC superfamily: membrane component%2FATP-binding component,26.0,1749.0,1,0,0,0,0,0
965966,-,b0914,fused lipid transporter subunits of ABC superfamily: membrane component%2FATP-binding component,,1749.0,0,0,0,1,0,1
966062,-,b0914,fused lipid transporter subunits of ABC superfamily: membrane component%2FATP-binding component,,1749.0,0,0,0,1,0,1
967476,+,b0915,lipid A 4%27kinase,113.0,987.0,1,0,0,0,0,0
968338,+,b0916,hypothetical protein,274.0,1233.0,0,1,0,0,0,0
968545,+,b0916,hypothetical protein,67.0,1233.0,1,0,0,0,0,0
968871,+,b0916,hypothetical protein,,1233.0,0,0,1,0,0,0
969022,+,b0916,hypothetical protein,,1233.0,0,0,1,0,0,0
969311,+,b0916,hypothetical protein,,1233.0,0,0,1,0,0,0
969863,+,b0917,peroxide and acid resistance protein%2C UPF0434 family,33.0,183.0,0,1,0,0,0,0
969867,+,b0917,peroxide and acid resistance protein%2C UPF0434 family,29.0,183.0,1,0,0,0,0,0
970135,-,b0917,peroxide and acid resistance protein%2C UPF0434 family,,183.0,0,0,0,1,0,1
970939,+,b0919,hypothetical protein,36.0,894.0,0,1,0,0,0,0
970950,+,b0919,hypothetical protein,25.0,894.0,1,0,0,0,0,0
971580,+,b0919,hypothetical protein,,894.0,0,0,1,0,0,0
972627,+,b0921,putative S-adenosyl-L-methionine-dependent methyltransferase,133.0,786.0,0,1,0,0,0,1
972662,-,b0920,conserved protein%2C DUF218 superfamily,38.0,780.0,1,0,0,0,0,1
972703,-,b0920,conserved protein%2C DUF218 superfamily,79.0,780.0,0,1,0,0,0,1
972719,+,b0921,putative S-adenosyl-L-methionine-dependent methyltransferase,41.0,786.0,0,1,0,0,0,1
972721,+,b0921,putative S-adenosyl-L-methionine-dependent methyltransferase,39.0,786.0,1,0,0,0,0,1
972817,+,b0921,putative S-adenosyl-L-methionine-dependent methyltransferase,,786.0,0,0,1,0,0,0
972960,-,b0921,putative S-adenosyl-L-methionine-dependent methyltransferase,,786.0,0,0,0,1,0,1
973119,+,b0921,putative S-adenosyl-L-methionine-dependent methyltransferase,,786.0,0,0,1,0,0,0
973474,-,b0921,putative S-adenosyl-L-methionine-dependent methyltransferase,,786.0,0,0,0,1,0,1
974190,-,b0922,chromosome condensin MukBEF%2C kleisin-like subunit%2C binds calcium,,1323.0,0,0,0,1,0,1
974583,-,b0922,chromosome condensin MukBEF%2C kleisin-like subunit%2C binds calcium,,1323.0,0,0,0,1,0,1
974704,+,b0923,Chromosome condensin MukBEF%2C MukE localization factor,141.0,705.0,1,0,0,0,0,0
974965,-,b0923,Chromosome condensin MukBEF%2C MukE localization factor,,705.0,0,0,0,1,0,1
978032,-,b0924,chromosome condensin MukBEF%2C ATPase and DNA-binding subunit,,4461.0,0,0,0,1,0,1
978474,+,b0924,chromosome condensin MukBEF%2C ATPase and DNA-binding subunit,,4461.0,0,0,1,0,0,0
980062,-,b0924,chromosome condensin MukBEF%2C ATPase and DNA-binding subunit,,4461.0,0,0,0,1,0,1
980111,+,b0925,murein L%2CD-transpeptidase,159.0,1848.0,0,1,0,0,0,0
980154,+,b0925,murein L%2CD-transpeptidase,116.0,1848.0,1,0,0,0,0,0
980258,+,b0925,murein L%2CD-transpeptidase,12.0,1848.0,0,1,0,0,0,0
980263,+,b0925,murein L%2CD-transpeptidase,7.0,1848.0,0,1,0,0,0,0
981698,+,b0925,murein L%2CD-transpeptidase,,1848.0,0,0,1,0,0,0
982027,-,b0925,murein L%2CD-transpeptidase,,1848.0,0,0,0,1,0,1
982045,-,b0925,murein L%2CD-transpeptidase,,1848.0,0,0,0,1,0,1
982061,+,b0926,hypothetical protein,237.0,549.0,0,1,0,0,0,0
982246,+,b0926,hypothetical protein,52.0,549.0,1,0,0,0,0,0
982721,-,b0926,hypothetical protein,,549.0,0,0,0,1,0,1
982798,+,b0927,putative metal-binding enzyme,75.0,648.0,1,0,0,0,0,0
982863,-,b0926,hypothetical protein,,549.0,0,0,0,1,0,1
983365,-,b0927,putative metal-binding enzyme,,648.0,0,0,0,1,0,1
983496,+,b0927,putative metal-binding enzyme,,648.0,0,0,1,0,0,0
984967,-,b0928,aspartate aminotransferase%2C PLP-dependent,35.0,1191.0,0,1,0,0,0,0
985128,+,b0929,outer membrane porin 1a %28Ia%3Bb%3BF%29,,1089.0,0,0,0,1,0,1
985175,-,b0928,aspartate aminotransferase%2C PLP-dependent,243.0,1191.0,1,0,0,0,0,0
985250,+,b0929,outer membrane porin 1a %28Ia%3Bb%3BF%29,,1089.0,0,0,0,1,0,1
985576,+,b0929,outer membrane porin 1a %28Ia%3Bb%3BF%29,,1089.0,0,0,0,1,0,1
986279,+,b0929,outer membrane porin 1a %28Ia%3Bb%3BF%29,,1089.0,0,0,0,1,0,1
986470,-,b0929,outer membrane porin 1a %28Ia%3Bb%3BF%29,265.0,1089.0,1,0,0,0,0,0
987281,+,b0930,asparaginyl tRNA synthetase,,1401.0,0,0,0,1,0,1
987388,-,b0930,asparaginyl tRNA synthetase,,1401.0,0,0,1,0,0,0
988267,-,b0930,asparaginyl tRNA synthetase,59.0,1401.0,1,0,0,0,0,0
988366,-,b0930,asparaginyl tRNA synthetase,158.0,1401.0,0,1,0,0,0,0
988386,+,b0931,nicotinate phosphoribosyltransferase,,1203.0,0,0,0,1,0,1
988492,-,b0930,asparaginyl tRNA synthetase,284.0,1401.0,0,1,0,0,0,0
989337,+,b0931,nicotinate phosphoribosyltransferase,,1203.0,0,0,0,1,0,1
989637,-,b0931,nicotinate phosphoribosyltransferase,58.0,1203.0,1,0,0,0,0,0
989670,-,b0931,nicotinate phosphoribosyltransferase,91.0,1203.0,0,1,0,0,0,0
989723,-,b0931,nicotinate phosphoribosyltransferase,144.0,1203.0,0,1,0,0,0,0
989738,+,b0932,aminopeptidase N,107.0,2613.0,1,0,0,0,0,0
990299,+,b0932,aminopeptidase N,,2613.0,0,0,1,0,0,0
991746,+,b0932,aminopeptidase N,,2613.0,0,0,1,0,0,0
992107,+,b0932,aminopeptidase N,,2613.0,0,0,1,0,0,0
992344,-,b0932,aminopeptidase N,,2613.0,0,0,0,1,0,1
992363,+,b0932,aminopeptidase N,,2613.0,0,0,1,0,0,0
993647,+,b0934,putative alkanesulfonate transporter subunit,,792.0,0,0,0,1,0,1
994701,+,b0935,alkanesulfonate monooxygenase%2C FMNH%282%29-dependent,,1146.0,0,0,0,1,0,1
994829,-,b0935,alkanesulfonate monooxygenase%2C FMNH%282%29-dependent,,1146.0,0,0,1,0,0,0
996068,+,b0936,aliphatic sulfonate binding protein%2C SsuABC ABC transporter,,960.0,0,0,0,1,0,1
996391,+,b0937,NAD%28P%29H-dependent FMN reductase,,576.0,0,0,0,1,0,1
996602,+,b0937,NAD%28P%29H-dependent FMN reductase,,576.0,0,0,0,1,0,1
997039,+,b0938,putative fimbrial-like adhesin protein,52.0,540.0,1,0,0,0,0,0
997210,+,b0938,putative fimbrial-like adhesin protein,,540.0,0,0,1,0,0,0
997452,-,b0938,putative fimbrial-like adhesin protein,,540.0,0,0,0,1,0,1
999189,-,b0940,putative outer membrane usher protein,,2601.0,0,0,0,1,0,1
1001268,+,b0941,putative fimbrial-like adhesin protein,,1071.0,0,0,1,0,0,0
1002191,-,b0941,putative fimbrial-like adhesin protein,,1071.0,0,0,0,1,0,1
1002871,-,b0943,putative fimbrial-like adhesin protein,,516.0,0,0,0,1,0,1
1003179,+,b0944,putative periplasmic pilini chaperone,,711.0,0,0,1,0,0,0
1003361,+,b0944,putative periplasmic pilini chaperone,,711.0,0,0,1,0,0,0
1003687,+,b0944,putative periplasmic pilini chaperone,,711.0,0,0,1,0,0,0
1003693,-,b0944,putative periplasmic pilini chaperone,,711.0,0,0,0,1,0,1
1003957,+,b0945,dihydro-orotate oxidase%2C FMN-linked,34.0,1011.0,1,0,0,0,0,0
1004086,+,b0945,dihydro-orotate oxidase%2C FMN-linked,,1011.0,0,0,1,0,0,0
1004680,-,b0945,dihydro-orotate oxidase%2C FMN-linked,,1011.0,0,0,0,1,0,1
1004948,+,b0946,FtsZ stabilizer,227.0,543.0,0,1,0,0,0,0
1005035,+,b0946,FtsZ stabilizer,140.0,543.0,0,1,0,0,0,0
1005040,+,b0946,FtsZ stabilizer,135.0,543.0,0,1,0,0,0,0
1005076,+,b0946,FtsZ stabilizer,99.0,543.0,1,0,0,0,0,0
1005222,+,b0946,FtsZ stabilizer,,543.0,0,0,1,0,0,0
1005243,-,b0946,FtsZ stabilizer,,543.0,0,0,0,1,0,1
1005704,-,b0946,FtsZ stabilizer,,543.0,0,0,0,1,0,1
1005721,+,b0947,putative 2Fe-2S cluster-containing protein%3B 6-N-hydroxylaminopurine resistance protein,,1110.0,0,0,0,1,0,1
1006425,+,b0947,putative 2Fe-2S cluster-containing protein%3B 6-N-hydroxylaminopurine resistance protein,,1110.0,0,0,0,1,0,1
1006544,+,b0947,putative 2Fe-2S cluster-containing protein%3B 6-N-hydroxylaminopurine resistance protein,,1110.0,0,0,0,1,0,1
1006848,-,b0947,putative 2Fe-2S cluster-containing protein%3B 6-N-hydroxylaminopurine resistance protein,25.0,1110.0,1,0,0,0,0,0
1006895,+,b0948,fused 23S rRNA m%282%29G2445 and m%287%29G2069 methyltransferase%2C SAM-dependent,172.0,2109.0,1,0,0,0,0,1
1007053,+,b0948,fused 23S rRNA m%282%29G2445 and m%287%29G2069 methyltransferase%2C SAM-dependent,14.0,2109.0,0,1,0,0,0,0
1007246,+,b0948,fused 23S rRNA m%282%29G2445 and m%287%29G2069 methyltransferase%2C SAM-dependent,,2109.0,0,0,1,0,0,0
1008184,-,b0948,fused 23S rRNA m%282%29G2445 and m%287%29G2069 methyltransferase%2C SAM-dependent,,2109.0,0,0,0,1,0,1
1008238,-,b0948,fused 23S rRNA m%282%29G2445 and m%287%29G2069 methyltransferase%2C SAM-dependent,,2109.0,0,0,0,1,0,1
1008357,+,b0948,fused 23S rRNA m%282%29G2445 and m%287%29G2069 methyltransferase%2C SAM-dependent,,2109.0,0,0,1,0,0,0
1009378,-,b0949,fused predicted transporter subunits of ABC superfamily: ATP-binding components,,1908.0,0,0,0,1,0,1
1009388,+,b0949,fused predicted transporter subunits of ABC superfamily: ATP-binding components,,1908.0,0,0,1,0,0,0
1010742,+,b0949,fused predicted transporter subunits of ABC superfamily: ATP-binding components,,1908.0,0,0,1,0,0,0
1010884,+,b0949,fused predicted transporter subunits of ABC superfamily: ATP-binding components,,1908.0,0,0,1,0,0,0
1011210,+,b0950,paraquat-inducible membrane protein A,14.0,1254.0,0,1,0,0,0,0
1011218,+,b0950,paraquat-inducible membrane protein A,6.0,1254.0,1,0,0,0,0,0
1012405,+,b0951,paraquat-inducible protein B,77.0,1641.0,1,0,0,0,0,0
1012851,-,b0951,paraquat-inducible protein B,,1641.0,0,0,0,1,0,1
1013304,+,b0951,paraquat-inducible protein B,,1641.0,0,0,1,0,0,0
1013762,-,b0951,paraquat-inducible protein B,,1641.0,0,0,0,1,0,1
1014460,-,b0952,hypothetical protein,,564.0,0,0,0,1,0,1
1014663,-,b0952,hypothetical protein,,564.0,0,0,0,1,0,1
1014873,+,b0953,ribosome modulation factor,65.0,168.0,1,0,0,0,0,0
1015168,+,b0954,beta-hydroxydecanoyl thioester dehydrase,,519.0,0,0,0,1,0,1
1015720,-,b0954,beta-hydroxydecanoyl thioester dehydrase,27.0,519.0,1,0,0,0,0,0
1016572,-,b0955,putative peptidase,,1761.0,0,0,1,0,0,0
1017055,-,b0955,putative peptidase,,1761.0,0,0,1,0,0,0
1017067,+,b0955,putative peptidase,,1761.0,0,0,0,1,0,1
1017193,+,b0955,putative peptidase,,1761.0,0,0,0,1,0,1
1017318,+,b0955,putative peptidase,,1761.0,0,0,0,1,0,1
1017457,+,b0956,Ter macrodomain organizer matS-binding protein,251.0,453.0,0,1,0,0,0,1
1017551,-,b0955,putative peptidase,29.0,1761.0,1,0,0,0,0,0
1017682,+,b0956,Ter macrodomain organizer matS-binding protein,26.0,453.0,1,0,0,0,0,0
1017944,-,b0956,Ter macrodomain organizer matS-binding protein,,453.0,0,0,0,1,0,1
1017960,-,b0956,Ter macrodomain organizer matS-binding protein,,453.0,0,0,0,1,0,1
1019409,-,b0957,outer membrane protein A %283a%3BII%2A%3BG%3Bd%29,133.0,1041.0,1,0,0,0,0,0
1019418,-,b0957,outer membrane protein A %283a%3BII%2A%3BG%3Bd%29,142.0,1041.0,0,1,0,0,0,0
1019686,+,b0958,SOS cell division inhibitor,,510.0,0,0,0,1,0,1
1020306,+,b0959,required for expression of CRP-S-dependent promoters,55.0,630.0,1,0,0,0,0,0
1020880,+,b0959,required for expression of CRP-S-dependent promoters,,630.0,0,0,1,0,0,1
1021427,-,b0960,inner membrane protein,,2154.0,0,0,1,0,0,0
1021608,-,b0960,inner membrane protein,,2154.0,0,0,1,0,0,0
1021621,+,b0960,inner membrane protein,,2154.0,0,0,0,1,0,1
1021762,-,b0960,inner membrane protein,,2154.0,0,0,1,0,0,0
1022104,+,b0960,inner membrane protein,,2154.0,0,0,0,1,0,1
1022344,+,b0960,inner membrane protein,,2154.0,0,0,0,1,0,1
1022494,-,b0960,inner membrane protein,,2154.0,0,0,1,0,0,0
1022557,-,b0960,inner membrane protein,,2154.0,0,0,1,0,0,0
1022852,-,b0960,inner membrane protein,,2154.0,0,0,1,0,0,0
1022981,-,b0960,inner membrane protein,,2154.0,0,0,1,0,0,0
1023602,-,b0961,inner membrane protein%2C DUF307 family,31.0,447.0,1,0,0,0,0,1
1024235,-,b0962,DNA helicase IV,,2055.0,0,0,0,1,0,1
1025975,-,b0963,methylglyoxal synthase,,459.0,0,0,1,0,0,0
1026388,-,b0963,methylglyoxal synthase,150.0,459.0,1,0,0,0,0,0
1027058,-,b0964,hypothetical protein,62.0,663.0,1,0,0,0,0,0
1027106,+,b0965,putative CoA-binding protein,63.0,414.0,1,0,0,0,0,0
1027972,-,b0966,heat shock protein involved in degradation of mutant DnaA%3B hemimethylated oriC DNA-binding protein,28.0,318.0,0,1,0,0,0,0
1028090,-,b0966,heat shock protein involved in degradation of mutant DnaA%3B hemimethylated oriC DNA-binding protein,146.0,318.0,1,0,0,0,0,0
1028976,+,b0967,23S rRNA m%285%29C1962 methyltransferase%2C SAM-dependent,,1191.0,0,0,0,1,0,1
1029185,+,b0968,weak acylphosphatase,102.0,279.0,1,0,0,0,0,1
1029222,-,b0967,23S rRNA m%285%29C1962 methyltransferase%2C SAM-dependent,30.0,1191.0,1,0,0,0,0,1
1029267,-,b0967,23S rRNA m%285%29C1962 methyltransferase%2C SAM-dependent,75.0,1191.0,0,1,0,0,0,1
1029465,+,b0968,weak acylphosphatase,,279.0,0,0,1,0,0,1
1029902,+,b0969,sulfurtransferase required for 2-thiolation step of mnm%285%29-s%282%29U34-tRNA synthesis,,330.0,0,0,0,1,0,1
1029915,-,b0969,sulfurtransferase required for 2-thiolation step of mnm%285%29-s%282%29U34-tRNA synthesis,24.0,330.0,1,0,0,0,0,0
1030669,-,b0970,HflBKC-binding inner membrane protein%2C UPF0005 family,28.0,660.0,1,0,0,0,0,0
1030673,-,b0970,HflBKC-binding inner membrane protein%2C UPF0005 family,32.0,660.0,0,1,0,0,0,0
1030677,-,b0970,HflBKC-binding inner membrane protein%2C UPF0005 family,36.0,660.0,0,1,0,0,0,0
1030692,+,b0970,HflBKC-binding inner membrane protein%2C UPF0005 family,,660.0,0,0,0,1,0,1
1030832,+,b0971,tRNA-Ser,,88.0,0,0,0,1,0,1
1030940,-,b0971,tRNA-Ser,5.0,88.0,1,0,0,0,0,0
1031208,+,b0972,hydrogenase 1%2C small subunit,154.0,1119.0,1,0,0,0,0,0
1031372,-,b0972,hydrogenase 1%2C small subunit,,1119.0,0,0,0,1,0,1
1033255,-,b0973,hydrogenase 1%2C large subunit,,1794.0,0,0,0,1,0,1
1034459,-,b0974,hydrogenase 1%2C b-type cytochrome subunit,,708.0,0,0,0,1,0,1
1034982,+,b0975,hydrogenase 1 maturation protease,11.0,588.0,1,0,0,0,0,0
1035332,-,b0975,hydrogenase 1 maturation protease,,588.0,0,0,0,1,0,1
1036930,+,b0978,cytochrome bd-II oxidase%2C subunit I,33.0,1545.0,0,1,0,0,0,0
1036944,+,b0978,cytochrome bd-II oxidase%2C subunit I,19.0,1545.0,1,0,0,0,0,0
1037143,+,b0978,cytochrome bd-II oxidase%2C subunit I,,1545.0,0,0,1,0,0,0
1039687,+,b0980,phosphoanhydride phosphorylase,153.0,1299.0,1,0,0,0,0,0
1039706,+,b0980,phosphoanhydride phosphorylase,134.0,1299.0,0,1,0,0,0,0
1040271,-,b0980,phosphoanhydride phosphorylase,,1299.0,0,0,0,1,0,1
1041264,-,b0981,cryptic autophosphorylating protein tyrosine kinase Etk,,2181.0,0,0,1,0,0,0
1041269,-,b0981,cryptic autophosphorylating protein tyrosine kinase Etk,,2181.0,0,0,1,0,0,0
1041278,-,b0981,cryptic autophosphorylating protein tyrosine kinase Etk,,2181.0,0,0,1,0,0,0
1041290,-,b0981,cryptic autophosphorylating protein tyrosine kinase Etk,,2181.0,0,0,1,0,0,0
1041852,+,b0981,cryptic autophosphorylating protein tyrosine kinase Etk,,2181.0,0,0,0,1,0,1
1041960,+,b0981,cryptic autophosphorylating protein tyrosine kinase Etk,,2181.0,0,0,0,1,0,1
1042267,-,b0981,cryptic autophosphorylating protein tyrosine kinase Etk,,2181.0,0,0,1,0,0,0
1042955,+,b0981,cryptic autophosphorylating protein tyrosine kinase Etk,,2181.0,0,0,0,1,0,1
1043448,+,b0981,cryptic autophosphorylating protein tyrosine kinase Etk,,2181.0,0,0,0,1,0,1
1043455,+,b0981,cryptic autophosphorylating protein tyrosine kinase Etk,,2181.0,0,0,0,1,0,1
1045062,+,b0983,lipoprotein required for formation of the O-antigen capsule%2C predicted exopolysaccharide export protein,,1140.0,0,0,0,1,0,1
1045774,+,b0984,hypothetical protein,,2097.0,0,0,0,1,0,1
1046236,+,b0984,hypothetical protein,,2097.0,0,0,0,1,0,1
1046821,-,b0984,hypothetical protein,,2097.0,0,0,1,0,0,0
1048542,+,b0986,putative outer membrane lipoprotein,,645.0,0,0,0,1,0,1
1048601,+,b0986,putative outer membrane lipoprotein,,645.0,0,0,0,1,0,1
1048993,+,b4516,IS1 repressor TnpA,63.0,276.0,0,1,0,0,0,1
1049040,+,b4516,IS1 repressor TnpA,16.0,276.0,1,0,0,0,0,1
1049286,-,b4516,IS1 repressor TnpA,,276.0,0,0,0,1,0,1
1049733,-,b0988,IS1 transposase B,,504.0,0,0,0,1,0,1
1050421,-,b0989,stress protein%2C member of the CspA-family,23.0,213.0,1,0,0,0,0,0
1050528,+,b0990,cold shock protein homolog%2C cold-inducible,156.0,213.0,1,0,0,0,0,0
1050897,-,b0990,cold shock protein homolog%2C cold-inducible,,213.0,0,0,0,1,0,1
1051169,+,b4517,multicopy suppressor of secG%28Cs%29 and fabA6%28Ts%29%3B predicted regulator of phosphatidylethanolamine synthesis,121.0,174.0,0,1,0,0,0,0
1051218,+,b4517,multicopy suppressor of secG%28Cs%29 and fabA6%28Ts%29%3B predicted regulator of phosphatidylethanolamine synthesis,72.0,174.0,1,0,0,0,0,0
1051430,-,b4517,multicopy suppressor of secG%28Cs%29 and fabA6%28Ts%29%3B predicted regulator of phosphatidylethanolamine synthesis,,174.0,0,0,0,1,0,1
1051463,+,b4517,multicopy suppressor of secG%28Cs%29 and fabA6%28Ts%29%3B predicted regulator of phosphatidylethanolamine synthesis,,174.0,0,0,1,0,0,1
1052262,+,b0992,putative 4Fe-4S membrane protein,,1074.0,0,0,0,1,0,1
1052618,-,b0992,putative 4Fe-4S membrane protein,33.0,1074.0,1,0,0,0,0,0
1052697,+,b0993,hybrid sensory histidine kinase in two-component regulatory system with TorR,,2745.0,0,0,0,1,0,1
1052728,+,b0993,hybrid sensory histidine kinase in two-component regulatory system with TorR,,2745.0,0,0,0,1,0,1
1052901,-,b0993,hybrid sensory histidine kinase in two-component regulatory system with TorR,,2745.0,0,0,1,0,0,0
1053001,+,b0993,hybrid sensory histidine kinase in two-component regulatory system with TorR,,2745.0,0,0,0,1,0,1
1053665,+,b0993,hybrid sensory histidine kinase in two-component regulatory system with TorR,,2745.0,0,0,0,1,0,1
1053908,+,b0993,hybrid sensory histidine kinase in two-component regulatory system with TorR,,2745.0,0,0,0,1,0,1
1055446,-,b0993,hybrid sensory histidine kinase in two-component regulatory system with TorR,45.0,2745.0,1,0,0,0,0,1
1055464,+,b0994,periplasmic sensory protein associated with the TorRS two-component regulatory system,20.0,1029.0,1,0,0,0,0,1
1055674,+,b0994,periplasmic sensory protein associated with the TorRS two-component regulatory system,,1029.0,0,0,1,0,0,0
1056117,+,b0994,periplasmic sensory protein associated with the TorRS two-component regulatory system,,1029.0,0,0,1,0,0,0
1057113,-,b0995,DNA-binding response regulator in two-component regulatory system with TorS,,693.0,0,0,1,0,0,0
1057395,-,b0995,DNA-binding response regulator in two-component regulatory system with TorS,218.0,693.0,0,1,0,0,0,1
1057456,-,b0995,DNA-binding response regulator in two-component regulatory system with TorS,279.0,693.0,1,0,0,0,0,1
1057595,-,b0996,trimethylamine N-oxide %28TMAO%29 reductase I%2C cytochrome c-type subunit,,1173.0,0,0,0,1,0,1
1057927,-,b0996,trimethylamine N-oxide %28TMAO%29 reductase I%2C cytochrome c-type subunit,,1173.0,0,0,0,1,0,1
1059798,-,b0997,trimethylamine N-oxide %28TMAO%29 reductase I%2C catalytic subunit,,2547.0,0,0,0,1,0,1
1060807,+,b0998,TorA-maturation chaperone,215.0,600.0,1,0,0,0,0,0
1061535,-,b0998,TorA-maturation chaperone,,600.0,0,0,0,1,0,1
1063056,-,b1000,curved DNA-binding protein%2C DnaJ homologue that functions as a co-chaperone of DnaK,58.0,921.0,1,0,0,0,0,0
1063260,-,b1000,curved DNA-binding protein%2C DnaJ homologue that functions as a co-chaperone of DnaK,262.0,921.0,0,1,0,0,0,1
1063872,+,b1001,hypothetical protein,,1257.0,0,0,1,0,0,0
1064449,-,b1001,hypothetical protein,,1257.0,0,0,0,1,0,1
1064782,+,b1002,glucose-1-phosphatase%2Finositol phosphatase,26.0,1242.0,1,0,0,0,0,0
1064870,-,b1002,glucose-1-phosphatase%2Finositol phosphatase,,1242.0,0,0,0,1,0,1
1065137,-,b1002,glucose-1-phosphatase%2Finositol phosphatase,,1242.0,0,0,0,1,0,1
1065423,-,b1002,glucose-1-phosphatase%2Finositol phosphatase,,1242.0,0,0,0,1,0,1
1066981,-,b1004,NAD%28P%29H:quinone oxidoreductase,50.0,597.0,1,0,0,0,0,0
1067084,+,b4518,hypothetical protein,220.0,174.0,0,1,0,0,0,0
1067123,-,b1004,NAD%28P%29H:quinone oxidoreductase,192.0,597.0,0,1,0,0,0,0
1067224,+,b4518,hypothetical protein,80.0,174.0,0,1,0,0,0,0
1067285,+,b4518,hypothetical protein,19.0,174.0,1,0,0,0,0,0
1067381,+,b4518,hypothetical protein,,174.0,0,0,1,0,0,0
1068845,-,b1006,pyrimidine permease,,1329.0,0,0,1,0,0,0
1068886,+,b1006,pyrimidine permease,,1329.0,0,0,0,1,0,1
1069019,-,b1006,pyrimidine permease,,1329.0,0,0,1,0,0,0
1070455,-,b1008,malonic semialdehyde reductase,277.0,591.0,1,0,0,0,0,0
1071275,+,b1010,putative aminoacrylate deaminase%2C reactive intermediate detoxification,,387.0,0,0,0,1,0,1
1072078,-,b1011,ureidoacrylate amidohydrolase,,693.0,0,0,1,0,0,0
1073443,+,b1013,DNA-binding transcriptional repressor for rut operon,22.0,639.0,1,0,0,0,0,0
1073968,+,b1013,DNA-binding transcriptional repressor for rut operon,,639.0,0,0,1,0,0,0
1074262,-,b1014,fused DNA-binding transcriptional regulator%2Fproline dehydrogenase%2Fpyrroline-5-carboxylate dehydrogenase,,3963.0,0,0,1,0,0,0
1074896,+,b1014,fused DNA-binding transcriptional regulator%2Fproline dehydrogenase%2Fpyrroline-5-carboxylate dehydrogenase,,3963.0,0,0,0,1,0,1
1078145,-,b1014,fused DNA-binding transcriptional regulator%2Fproline dehydrogenase%2Fpyrroline-5-carboxylate dehydrogenase,40.0,3963.0,1,0,0,0,0,0
1078248,-,b1014,fused DNA-binding transcriptional regulator%2Fproline dehydrogenase%2Fpyrroline-5-carboxylate dehydrogenase,143.0,3963.0,0,1,0,0,0,0
1078304,+,b1015,proline:sodium symporter,224.0,1509.0,0,1,0,0,0,0
1078306,+,b1015,proline:sodium symporter,222.0,1509.0,0,1,0,0,0,0
1078363,-,b1014,fused DNA-binding transcriptional regulator%2Fproline dehydrogenase%2Fpyrroline-5-carboxylate dehydrogenase,258.0,3963.0,0,1,0,0,0,0
1078434,+,b1015,proline:sodium symporter,94.0,1509.0,1,0,0,0,0,0
1078594,+,b1015,proline:sodium symporter,,1509.0,0,0,1,0,0,0
1080520,+,b4490,pseudo,59.0,830.0,1,0,0,0,0,0
1081773,+,b1018,inactive ferrous ion transporter EfeUOB,,1128.0,0,0,1,0,0,0
1082595,-,b1018,inactive ferrous ion transporter EfeUOB,,1128.0,0,0,0,1,0,1
1084132,+,b1020,conserved protein with nucleoside triphosphate hydrolase domain,83.0,1065.0,0,1,0,0,0,0
1084166,+,b1020,conserved protein with nucleoside triphosphate hydrolase domain,49.0,1065.0,1,0,0,0,0,0
1085202,+,b1020,conserved protein with nucleoside triphosphate hydrolase domain,,1065.0,0,0,1,0,0,0
1085381,-,b1021,biofilm PGA synthase PgaCD%2C regulatory subunit%3B c-di-GMP-stimulated activity and dimerization,,414.0,0,0,1,0,0,0
1085512,-,b1021,biofilm PGA synthase PgaCD%2C regulatory subunit%3B c-di-GMP-stimulated activity and dimerization,,414.0,0,0,1,0,0,0
1086822,-,b1022,biofilm PGA synthase PgaCD%2C catalytic subunit%3B poly-beta-1%2C6-N-acetyl-D-glucosamine synthase%3B c-di-GMP-stimulated activity and dimerization,,1326.0,0,0,1,0,0,0
1087824,-,b1023,poly-beta-1%2C6-N-acetyl-D-glucosamine %28PGA%29 N-deacetylase%3B deacetylase required for biofilm adhesin polysaccharide PGA export%3B outer membrane lipoprotein,,2019.0,0,0,1,0,0,0
1088446,-,b1023,poly-beta-1%2C6-N-acetyl-D-glucosamine %28PGA%29 N-deacetylase%3B deacetylase required for biofilm adhesin polysaccharide PGA export%3B outer membrane lipoprotein,,2019.0,0,0,1,0,0,0
1088990,+,b1023,poly-beta-1%2C6-N-acetyl-D-glucosamine %28PGA%29 N-deacetylase%3B deacetylase required for biofilm adhesin polysaccharide PGA export%3B outer membrane lipoprotein,,2019.0,0,0,0,1,0,1
1089043,+,b1023,poly-beta-1%2C6-N-acetyl-D-glucosamine %28PGA%29 N-deacetylase%3B deacetylase required for biofilm adhesin polysaccharide PGA export%3B outer membrane lipoprotein,,2019.0,0,0,0,1,0,1
1089256,+,b1024,biofilm adhesin polysaccharide PGA secretin%3B OM porin%3B poly-beta-1%2C6-N-acetyl-D-glucosamine export protein,,2424.0,0,0,0,1,0,1
1089383,+,b1024,biofilm adhesin polysaccharide PGA secretin%3B OM porin%3B poly-beta-1%2C6-N-acetyl-D-glucosamine export protein,,2424.0,0,0,0,1,0,1
1089661,-,b1024,biofilm adhesin polysaccharide PGA secretin%3B OM porin%3B poly-beta-1%2C6-N-acetyl-D-glucosamine export protein,,2424.0,0,0,1,0,0,0
1091043,-,b1024,biofilm adhesin polysaccharide PGA secretin%3B OM porin%3B poly-beta-1%2C6-N-acetyl-D-glucosamine export protein,,2424.0,0,0,1,0,0,0
1091408,+,b1024,biofilm adhesin polysaccharide PGA secretin%3B OM porin%3B poly-beta-1%2C6-N-acetyl-D-glucosamine export protein,,2424.0,0,0,0,1,0,1
1091744,-,b1024,biofilm adhesin polysaccharide PGA secretin%3B OM porin%3B poly-beta-1%2C6-N-acetyl-D-glucosamine export protein,232.0,2424.0,1,0,0,0,0,0
1092063,+,b1025,diguanylate cyclase%2C membrane-anchored,36.0,1359.0,1,0,0,0,0,0
1092675,-,b1025,diguanylate cyclase%2C membrane-anchored,,1359.0,0,0,0,1,0,1
1092697,+,b1025,diguanylate cyclase%2C membrane-anchored,,1359.0,0,0,1,0,0,0
1092958,-,b1025,diguanylate cyclase%2C membrane-anchored,,1359.0,0,0,0,1,0,1
1093559,-,b1026,IS3 transposase B,,867.0,0,0,1,0,0,0
1093636,+,b1026,IS3 transposase B,,867.0,0,0,0,1,0,1
1094533,+,b1028,pseudo,195.0,342.0,0,1,0,0,0,1
1094535,+,b1028,pseudo,193.0,342.0,1,0,0,0,0,1
1095132,+,b1029,putative inner membrane protein,,987.0,0,0,1,0,0,0
1095241,+,b1029,putative inner membrane protein,,987.0,0,0,1,0,0,0
1095916,+,b1029,putative inner membrane protein,,987.0,0,0,1,0,0,0
1096875,-,b1032,tRNA-Ser,0.0,88.0,0,1,0,0,0,0
1096902,-,b1032,tRNA-Ser,27.0,88.0,1,0,0,0,0,0
1096984,+,b1033,glyoxylate%2Fhydroxypyruvate reductase A,125.0,939.0,0,1,0,0,0,0
1096985,-,b1032,tRNA-Ser,110.0,88.0,0,1,0,0,0,0
1097049,+,b1033,glyoxylate%2Fhydroxypyruvate reductase A,60.0,939.0,1,0,0,0,0,0
1097508,-,b1033,glyoxylate%2Fhydroxypyruvate reductase A,,939.0,0,0,0,1,0,1
1097743,-,b1033,glyoxylate%2Fhydroxypyruvate reductase A,,939.0,0,0,0,1,0,1
1098081,+,b1034,alkaline phosphatase required for swarming,21.0,738.0,1,0,0,0,0,0
1098148,-,b1034,alkaline phosphatase required for swarming,,738.0,0,0,0,1,0,1
1098209,+,b1034,alkaline phosphatase required for swarming,,738.0,0,0,1,0,0,0
1098336,+,b1034,alkaline phosphatase required for swarming,,738.0,0,0,1,0,0,0
1098373,+,b1034,alkaline phosphatase required for swarming,,738.0,0,0,1,0,0,0
1098476,-,b1034,alkaline phosphatase required for swarming,,738.0,0,0,0,1,0,1
1098493,+,b1034,alkaline phosphatase required for swarming,,738.0,0,0,1,0,0,0
1099410,-,b1035,YcdX chaperone%2C redox enzyme maturation protein %28REMP%29 required for swarming,,555.0,0,0,0,1,0,1
1099519,+,b1036,inner membrane protein%2C DUF1097 family,0.0,492.0,1,0,0,0,0,0
1100099,-,b1037,curli production assembly%2Ftransport outer membrane lipoprotein,,834.0,0,0,1,0,0,1
1100215,-,b1037,curli production assembly%2Ftransport outer membrane lipoprotein,,834.0,0,0,1,0,0,0
1102212,+,b1040,DNA-binding transcriptional activator for csgBA,,651.0,0,0,0,1,0,1
1102284,-,b1040,DNA-binding transcriptional activator for csgBA,,651.0,0,0,1,0,0,0
1102566,-,b1040,DNA-binding transcriptional activator for csgBA,147.0,651.0,1,0,0,0,0,0
1103907,+,b1043,curli assembly protein,277.0,333.0,1,0,0,0,0,0
1104126,-,b1042,curlin subunit%2C amyloid curli fibers%2C cryptic,,456.0,0,0,0,1,0,1
1104426,+,b1044,hypothetical protein,211.0,312.0,1,0,0,0,0,0
1104929,-,b1044,hypothetical protein,,312.0,0,0,0,1,0,1
1105067,-,b1045,O-acetyl-ADP-ribose deacetylase%3B RNase III inhibitor during cold shock%3B putative cardiolipin synthase C regulatory subunit,,534.0,0,0,0,1,0,1
1105345,-,b1045,O-acetyl-ADP-ribose deacetylase%3B RNase III inhibitor during cold shock%3B putative cardiolipin synthase C regulatory subunit,,534.0,0,0,0,1,0,1
1105515,+,b1046,stationary phase cardiolipin synthase 3,63.0,1422.0,1,0,0,0,0,0
1105838,-,b1046,stationary phase cardiolipin synthase 3,,1422.0,0,0,0,1,0,1
1106433,-,b1046,stationary phase cardiolipin synthase 3,,1422.0,0,0,0,1,0,1
1106676,-,b1046,stationary phase cardiolipin synthase 3,,1422.0,0,0,0,1,0,1
1106844,+,b1046,stationary phase cardiolipin synthase 3,,1422.0,0,0,1,0,0,0
1106924,+,b1046,stationary phase cardiolipin synthase 3,,1422.0,0,0,1,0,0,1
1107118,-,b1047,membrane protein required for succinylation of osmoregulated periplasmic glucans %28OPGs%29,,1158.0,0,0,1,0,0,0
1107789,+,b1047,membrane protein required for succinylation of osmoregulated periplasmic glucans %28OPGs%29,,1158.0,0,0,0,1,0,1
1107800,+,b1047,membrane protein required for succinylation of osmoregulated periplasmic glucans %28OPGs%29,,1158.0,0,0,0,1,0,1
1108082,+,b1047,membrane protein required for succinylation of osmoregulated periplasmic glucans %28OPGs%29,,1158.0,0,0,0,1,0,1
1108100,+,b1047,membrane protein required for succinylation of osmoregulated periplasmic glucans %28OPGs%29,,1158.0,0,0,0,1,0,1
1108178,+,b1047,membrane protein required for succinylation of osmoregulated periplasmic glucans %28OPGs%29,,1158.0,0,0,0,1,0,1
1108346,-,b1047,membrane protein required for succinylation of osmoregulated periplasmic glucans %28OPGs%29,182.0,1158.0,1,0,0,0,0,0
1108376,-,b1047,membrane protein required for succinylation of osmoregulated periplasmic glucans %28OPGs%29,212.0,1158.0,0,1,0,0,0,0
1108478,+,b1048,osmoregulated periplasmic glucan %28OPG%29 biosynthesis periplasmic protein,80.0,1536.0,0,1,0,0,0,0
1108481,-,b1048,osmoregulated periplasmic glucan %28OPG%29 biosynthesis periplasmic protein,,1536.0,0,0,0,1,0,1
1108501,+,b1048,osmoregulated periplasmic glucan %28OPG%29 biosynthesis periplasmic protein,57.0,1536.0,1,0,0,0,0,0
1108738,-,b1048,osmoregulated periplasmic glucan %28OPG%29 biosynthesis periplasmic protein,,1536.0,0,0,0,1,0,1
1108915,-,b1048,osmoregulated periplasmic glucan %28OPG%29 biosynthesis periplasmic protein,,1536.0,0,0,0,1,0,1
1110757,-,b1049,membrane glycosyltransferase,,2544.0,0,0,0,1,0,1
1110934,-,b1049,membrane glycosyltransferase,,2544.0,0,0,0,1,0,1
1111243,+,b1049,membrane glycosyltransferase,,2544.0,0,0,1,0,0,0
1111273,-,b1049,membrane glycosyltransferase,,2544.0,0,0,0,1,0,1
1112662,-,b1049,membrane glycosyltransferase,,2544.0,0,0,0,1,0,1
1112864,+,b1050,outer membrane integrity lipoprotein,,228.0,0,0,1,0,0,0
1113777,+,b1053,putative drug efflux system,,1227.0,0,0,0,1,0,1
1114183,+,b1053,putative drug efflux system,,1227.0,0,0,0,1,0,1
1114767,-,b1053,putative drug efflux system,54.0,1227.0,1,0,0,0,0,0
1114953,+,b1054,lauryl-acyl carrier protein %28ACP%29-dependent acyltransferase,,921.0,0,0,0,1,0,1
1114954,-,b1053,putative drug efflux system,241.0,1227.0,0,1,0,0,0,0
1115056,+,b1054,lauryl-acyl carrier protein %28ACP%29-dependent acyltransferase,,921.0,0,0,0,1,0,1
1115241,-,b1054,lauryl-acyl carrier protein %28ACP%29-dependent acyltransferase,,921.0,0,0,1,0,0,0
1115650,-,b1054,lauryl-acyl carrier protein %28ACP%29-dependent acyltransferase,,921.0,0,0,1,0,0,0
1115932,-,b1054,lauryl-acyl carrier protein %28ACP%29-dependent acyltransferase,127.0,921.0,1,0,0,0,0,1
1115959,+,b1055,putative rhodanese-related sulfurtransferase,71.0,1053.0,0,1,0,0,0,0
1115961,+,b1055,putative rhodanese-related sulfurtransferase,69.0,1053.0,0,1,0,0,0,0
1115994,+,b1055,putative rhodanese-related sulfurtransferase,36.0,1053.0,1,0,0,0,0,0
1116150,+,b1055,putative rhodanese-related sulfurtransferase,,1053.0,0,0,1,0,0,0
1116894,-,b1055,putative rhodanese-related sulfurtransferase,,1053.0,0,0,0,1,0,1
1117078,-,b1055,putative rhodanese-related sulfurtransferase,,1053.0,0,0,0,1,0,1
1117309,-,b1056,secreted protein,,576.0,0,0,1,0,0,0
1117447,-,b1056,secreted protein,,576.0,0,0,1,0,0,0
1117970,-,b1056,secreted protein,271.0,576.0,1,0,0,0,0,0
1118867,-,b1058,hypothetical protein,197.0,141.0,1,0,0,0,0,0
1119641,+,b1059,N-methyltryptophan oxidase%2C FAD-binding,,1119.0,0,0,0,1,0,1
1119832,-,b1059,N-methyltryptophan oxidase%2C FAD-binding,23.0,1119.0,1,0,0,0,0,0
1120097,-,b1059,N-methyltryptophan oxidase%2C FAD-binding,288.0,1119.0,0,1,0,0,0,0
1120141,-,b1060,biofilm regulator,,255.0,0,0,1,0,0,0
1120243,-,b1060,biofilm regulator,65.0,255.0,0,1,0,0,0,0
1120252,-,b1060,biofilm regulator,74.0,255.0,1,0,0,0,0,0
1120377,+,b1061,DNA damage-inducible protein I,,246.0,0,0,0,1,0,1
1120574,+,b1061,DNA damage-inducible protein I,,246.0,0,0,0,1,0,1
1121093,-,b1062,dihydro-orotase,,1047.0,0,0,1,0,0,0
1121765,+,b1062,dihydro-orotase,,1047.0,0,0,0,1,0,1
1121868,-,b1062,dihydro-orotase,38.0,1047.0,1,0,0,0,0,0
1122356,-,b1063,lipoprotein%2C DUF1439 family,,561.0,0,0,1,0,0,0
1122520,-,b1063,lipoprotein%2C DUF1439 family,24.0,561.0,0,1,0,0,0,0
1122636,-,b1063,lipoprotein%2C DUF1439 family,140.0,561.0,1,0,0,0,0,0
1122689,+,b1064,glutaredoxin 2 %28Grx2%29,,648.0,0,0,0,1,0,1
1122851,+,b1064,glutaredoxin 2 %28Grx2%29,,648.0,0,0,0,1,0,1
1123304,-,b1064,glutaredoxin 2 %28Grx2%29,27.0,648.0,1,0,0,0,0,0
1123397,+,b1065,multidrug resistance efflux transporter conferring overexpression resistance to norfloxacin and enoxacin,,1209.0,0,0,0,1,0,1
1124577,-,b1065,multidrug resistance efflux transporter conferring overexpression resistance to norfloxacin and enoxacin,28.0,1209.0,1,0,0,0,0,0
1124626,-,b1065,multidrug resistance efflux transporter conferring overexpression resistance to norfloxacin and enoxacin,77.0,1209.0,0,1,0,0,0,0
1124633,+,b1066,ribosomal-protein-S5-alanine N-acetyltransferase,152.0,585.0,0,1,0,0,0,1
1124638,+,b1066,ribosomal-protein-S5-alanine N-acetyltransferase,147.0,585.0,0,1,0,0,0,1
1124656,-,b1065,multidrug resistance efflux transporter conferring overexpression resistance to norfloxacin and enoxacin,107.0,1209.0,0,1,0,0,0,0
1124745,+,b1066,ribosomal-protein-S5-alanine N-acetyltransferase,40.0,585.0,1,0,0,0,0,0
1125569,-,b1067,conserved protein%2C UPF0502 family,,648.0,0,0,0,1,0,1
1127006,+,b1069,putative peptidoglycan lipid II flippase required for murein synthesis,56.0,1536.0,1,0,0,0,0,0
1127281,+,b1069,putative peptidoglycan lipid II flippase required for murein synthesis,,1536.0,0,0,1,0,0,0
1128228,-,b1069,putative peptidoglycan lipid II flippase required for murein synthesis,,1536.0,0,0,0,1,0,1
1128457,+,b1069,putative peptidoglycan lipid II flippase required for murein synthesis,,1536.0,0,0,1,0,0,0
1128868,+,b1070,export chaperone for FlgK and FlgL,,417.0,0,0,0,1,0,1
1129387,-,b1071,anti-sigma factor for FliA %28sigma 28%29,36.0,294.0,1,0,0,0,0,0
1129416,-,b1071,anti-sigma factor for FliA %28sigma 28%29,65.0,294.0,0,1,0,0,0,0
1130108,-,b1072,assembly protein for flagellar basal-body periplasmic P ring,22.0,660.0,1,0,0,0,0,0
1130215,+,b1073,flagellar component of cell-proximal portion of basal-body rod,26.0,417.0,1,0,0,0,0,0
1130365,-,b1072,assembly protein for flagellar basal-body periplasmic P ring,279.0,660.0,0,1,0,0,0,1
1130849,-,b1074,flagellar component of cell-proximal portion of basal-body rod,,405.0,0,0,0,1,0,1
1131025,-,b1074,flagellar component of cell-proximal portion of basal-body rod,,405.0,0,0,0,1,0,1
1132318,-,b1076,flagellar hook protein,,1209.0,0,0,0,1,0,1
1133792,-,b1077,flagellar component of cell-proximal portion of basal-body rod,,756.0,0,0,0,1,0,1
1134930,-,b1079,flagellar protein of basal-body outer-membrane L ring,,699.0,0,0,0,1,0,1
1137576,+,b1082,flagellar hook-filament junction protein 1,25.0,1644.0,1,0,0,0,0,0
1138217,-,b1082,flagellar hook-filament junction protein 1,,1644.0,0,0,0,1,0,1
1138673,-,b1082,flagellar hook-filament junction protein 1,,1644.0,0,0,0,1,0,1
1140112,-,b1083,flagellar hook-filament junction protein,,954.0,0,0,0,1,0,1
1140411,+,b1084,fused ribonucleaseE: endoribonuclease%2FRNA-binding protein%2FRNA degradosome binding protein,,3186.0,0,0,0,1,0,1
1140713,-,b1084,fused ribonucleaseE: endoribonuclease%2FRNA-binding protein%2FRNA degradosome binding protein,,3186.0,0,0,1,0,0,0
1142531,+,b1084,fused ribonucleaseE: endoribonuclease%2FRNA-binding protein%2FRNA degradosome binding protein,,3186.0,0,0,0,1,0,1
1142724,+,b1084,fused ribonucleaseE: endoribonuclease%2FRNA-binding protein%2FRNA degradosome binding protein,,3186.0,0,0,0,1,0,1
1143951,-,b1085,hypothetical protein,,321.0,0,0,0,1,0,1
1143985,-,b1085,hypothetical protein,,321.0,0,0,0,1,0,1
1143998,+,b1086,23S rRNA pseudouridine%28955%2C2504%2C2580%29 synthase,165.0,960.0,0,1,0,0,0,0
1144101,-,b1085,hypothetical protein,,321.0,0,0,0,1,0,1
1144163,+,b1086,23S rRNA pseudouridine%28955%2C2504%2C2580%29 synthase,0.0,960.0,1,0,0,0,0,0
1144532,+,b1086,23S rRNA pseudouridine%28955%2C2504%2C2580%29 synthase,,960.0,0,0,1,0,0,0
1145324,+,b1087,Maf-like protein,,585.0,0,0,0,1,0,1
1145333,-,b1087,Maf-like protein,,585.0,0,0,1,0,0,0
1145400,-,b1087,Maf-like protein,,585.0,0,0,1,0,0,0
1145813,+,b1088,conserved protein%2C DUF177 family,204.0,522.0,0,1,0,0,0,1
1145872,+,b1088,conserved protein%2C DUF177 family,145.0,522.0,1,0,0,0,0,1
1145923,-,b1087,Maf-like protein,105.0,585.0,1,0,0,0,0,1
1146015,+,b1088,conserved protein%2C DUF177 family,2.0,522.0,0,1,0,0,0,0
1146291,+,b1089,50S ribosomal subunit protein L32,299.0,174.0,1,0,0,0,0,0
1146800,+,b1090,putative phosphate acyltransferase,44.0,1071.0,1,0,0,0,0,0
1147495,+,b1090,putative phosphate acyltransferase,,1071.0,0,0,1,0,0,0
1147946,-,b1090,putative phosphate acyltransferase,,1071.0,0,0,0,1,0,1
1148332,-,b1091,3-oxoacyl-%5Bacyl-carrier-protein%5D synthase III,,954.0,0,0,0,1,0,1
1149409,+,b1092,malonyl-CoA-%5Bacyl-carrier-protein%5D transacylase,,930.0,0,0,1,0,0,0
1150157,+,b1093,3-oxoacyl-%5Bacyl-carrier-protein%5D reductase,,735.0,0,0,1,0,0,0
1150180,+,b1093,3-oxoacyl-%5Bacyl-carrier-protein%5D reductase,,735.0,0,0,1,0,0,0
1150552,+,b1094,acyl carrier protein %28ACP%29,286.0,237.0,0,1,0,0,0,0
1150704,+,b1094,acyl carrier protein %28ACP%29,134.0,237.0,1,0,0,0,0,0
1151319,-,b1095,3-oxoacyl-%5Bacyl-carrier-protein%5D synthase II,,1242.0,0,0,0,1,0,1
1152219,+,b1095,3-oxoacyl-%5Bacyl-carrier-protein%5D synthase II,,1242.0,0,0,1,0,0,0
1152504,+,b1096,4-amino-4-deoxychorismate lyase component of para-aminobenzoate synthase multienzyme complex,19.0,810.0,1,0,0,0,0,0
1153052,+,b1097,septation protein%2C ampicillin sensitivity,283.0,1023.0,1,0,0,0,0,0
1153163,+,b1097,septation protein%2C ampicillin sensitivity,172.0,1023.0,0,1,0,0,0,0
1153728,-,b1097,septation protein%2C ampicillin sensitivity,,1023.0,0,0,0,1,0,1
1154113,+,b1098,thymidylate kinase,234.0,642.0,1,0,0,0,0,0
1155859,+,b1100,putative DNAse,141.0,798.0,0,1,0,0,0,0
1155861,+,b1100,putative DNAse,139.0,798.0,1,0,0,0,0,0
1155920,-,b1099,DNA polymerase III%2C delta prime subunit,,1005.0,0,0,0,1,0,1
1156473,+,b1100,putative DNAse,,798.0,0,0,1,0,0,0
1156852,+,b1101,fused glucose-specific PTS enzymes: IIB component%2FIIC component,240.0,1434.0,0,1,0,0,0,0
1156880,-,b1100,putative DNAse,,798.0,0,0,0,1,0,1
1156887,-,b1100,putative DNAse,,798.0,0,0,0,1,0,1
1156991,+,b1101,fused glucose-specific PTS enzymes: IIB component%2FIIC component,101.0,1434.0,1,0,0,0,0,0
1158188,-,b1101,fused glucose-specific PTS enzymes: IIB component%2FIIC component,,1434.0,0,0,0,1,0,1
1158496,+,b1101,fused glucose-specific PTS enzymes: IIB component%2FIIC component,,1434.0,0,0,1,0,0,1
1158926,-,b1102,ferric-rhodotorulic acid outer membrane transporter,,2190.0,0,0,1,0,0,0
1158936,+,b1102,ferric-rhodotorulic acid outer membrane transporter,,2190.0,0,0,0,1,0,1
1159078,-,b1102,ferric-rhodotorulic acid outer membrane transporter,,2190.0,0,0,1,0,0,0
1159590,+,b1102,ferric-rhodotorulic acid outer membrane transporter,,2190.0,0,0,0,1,0,1
1159710,-,b1102,ferric-rhodotorulic acid outer membrane transporter,,2190.0,0,0,1,0,0,0
1160422,+,b1102,ferric-rhodotorulic acid outer membrane transporter,,2190.0,0,0,0,1,0,1
1160964,+,b1103,purine nucleoside phosphoramidase%2C dadA activator protein,144.0,360.0,0,1,0,0,0,0
1161048,+,b1103,purine nucleoside phosphoramidase%2C dadA activator protein,60.0,360.0,1,0,0,0,0,0
1162558,+,b1106,thiamin kinase,,825.0,0,0,1,0,0,0
1162826,+,b1106,thiamin kinase,,825.0,0,0,1,0,0,0
1163108,+,b1107,beta N-acetyl-glucosaminidase,210.0,1026.0,1,0,0,0,0,0
1163660,+,b1107,beta N-acetyl-glucosaminidase,,1026.0,0,0,1,0,0,0
1164167,+,b1108,hypothetical protein,199.0,543.0,0,1,0,0,0,0
1164239,+,b1108,hypothetical protein,127.0,543.0,1,0,0,0,0,0
1164478,+,b1108,hypothetical protein,,543.0,0,0,1,0,0,0
1164666,+,b1108,hypothetical protein,,543.0,0,0,1,0,0,0
1164677,+,b1108,hypothetical protein,,543.0,0,0,1,0,0,0
1165214,+,b1109,respiratory NADH dehydrogenase 2%2Fcupric reductase,94.0,1305.0,1,0,0,0,0,0
1165246,+,b1109,respiratory NADH dehydrogenase 2%2Fcupric reductase,62.0,1305.0,0,1,0,0,0,0
1166461,-,b1109,respiratory NADH dehydrogenase 2%2Fcupric reductase,,1305.0,0,0,0,1,0,1
1167258,+,b1110,hypothetical protein,,540.0,0,0,1,0,0,0
1167539,+,b1111,repressor for bhsA%28ycfR%29,,633.0,0,0,0,1,0,1
1168085,-,b1111,repressor for bhsA%28ycfR%29,30.0,633.0,1,0,0,0,0,0
1168242,+,b1112,biofilm%2C cell surface and signaling protein,54.0,258.0,1,0,0,0,0,0
1168419,+,b1112,biofilm%2C cell surface and signaling protein,,258.0,0,0,1,0,0,0
1169641,-,b1113,L%2CD-transpeptidase linking Lpp to murein,44.0,963.0,1,0,0,0,0,0
1169647,-,b1113,L%2CD-transpeptidase linking Lpp to murein,50.0,963.0,0,1,0,0,0,0
1170530,-,b1114,transcription-repair coupling factor,,3447.0,0,0,1,0,0,0
1171771,-,b1114,transcription-repair coupling factor,,3447.0,0,0,1,0,0,0
1173028,+,b1114,transcription-repair coupling factor,,3447.0,0,0,0,1,0,1
1173215,-,b1114,transcription-repair coupling factor,28.0,3447.0,0,1,0,0,0,0
1173251,-,b1114,transcription-repair coupling factor,64.0,3447.0,1,0,0,0,0,0
1173627,-,b1115,inner membrane protein,,1074.0,0,0,1,0,0,0
1173913,-,b1115,inner membrane protein,,1074.0,0,0,1,0,0,0
1174624,+,b1116,lipoprotein-releasing system transmembrane protein,26.0,1200.0,1,0,0,0,0,0
1175085,+,b1116,lipoprotein-releasing system transmembrane protein,,1200.0,0,0,1,0,0,0
1175843,-,b1116,lipoprotein-releasing system transmembrane protein,,1200.0,0,0,0,1,0,1
1177233,+,b1118,lipoprotein-releasing system transmembrane protein,,1245.0,0,0,1,0,0,0
1177286,-,b1118,lipoprotein-releasing system transmembrane protein,,1245.0,0,0,0,1,0,1
1177764,+,b1119,N-acetyl-D-glucosamine kinase,52.0,912.0,1,0,0,0,0,0
1178433,+,b1119,N-acetyl-D-glucosamine kinase,,912.0,0,0,1,0,0,0
1179803,-,b1121,inner membrane protein,,789.0,0,0,1,0,0,0
1181022,-,b1122,conserved inner membrane protein,74.0,462.0,1,0,0,0,0,0
1181753,+,b1123,polyamine transporter subunit,,1047.0,0,0,0,1,0,1
1181777,-,b1123,polyamine transporter subunit,,1047.0,0,0,1,0,0,0
1182082,+,b1123,polyamine transporter subunit,,1047.0,0,0,0,1,0,1
1182259,-,b1123,polyamine transporter subunit,207.0,1047.0,1,0,0,0,0,0
1182609,-,b1124,polyamine transporter subunit,,795.0,0,0,1,0,0,0
1183095,-,b1124,polyamine transporter subunit,252.0,795.0,1,0,0,0,0,0
1183553,-,b1125,polyamine transporter subunit,,828.0,0,0,1,0,0,0
1183977,-,b1126,polyamine transporter subunit,,1137.0,0,0,1,0,0,0
1184577,-,b1126,polyamine transporter subunit,,1137.0,0,0,1,0,0,0
1184883,-,b1126,polyamine transporter subunit,66.0,1137.0,1,0,0,0,0,0
1184961,+,b1127,peptidase T,106.0,1227.0,1,0,0,0,0,0
1185031,-,b1126,polyamine transporter subunit,214.0,1137.0,0,1,0,0,0,1
1185929,+,b1127,peptidase T,,1227.0,0,0,1,0,0,0
1186194,-,b1127,peptidase T,,1227.0,0,0,0,1,0,1
1186211,+,b1127,peptidase T,,1227.0,0,0,1,0,0,0
1187776,+,b1129,sensory histidine kinase in two-component regulatory system with PhoP,,1461.0,0,0,0,1,0,1
1189051,-,b1129,sensory histidine kinase in two-component regulatory system with PhoP,52.0,1461.0,0,1,0,0,0,0
1189147,+,b1130,DNA-binding response regulator in two-component regulatory system with PhoQ,,672.0,0,0,0,1,0,1
1189191,-,b1129,sensory histidine kinase in two-component regulatory system with PhoP,192.0,1461.0,1,0,0,0,0,0
1189389,+,b1130,DNA-binding response regulator in two-component regulatory system with PhoQ,,672.0,0,0,0,1,0,1
1189731,-,b1130,DNA-binding response regulator in two-component regulatory system with PhoQ,61.0,672.0,1,0,0,0,0,0
1190864,+,b1131,adenylosuccinate lyase,,1371.0,0,0,0,1,0,1
1190960,+,b1131,adenylosuccinate lyase,,1371.0,0,0,0,1,0,1
1192639,+,b1133,tRNA%28Gln%2CLys%2CGlu%29 U34 2-thiouridylase%2C first step in mnm%285%29-s%282%29U34-tRNA synthesis,,1107.0,0,0,0,1,0,1
1193024,-,b1133,tRNA%28Gln%2CLys%2CGlu%29 U34 2-thiouridylase%2C first step in mnm%285%29-s%282%29U34-tRNA synthesis,28.0,1107.0,1,0,0,0,0,0
1193481,-,b1134,bifunctional thiamin pyrimidine pyrophosphate hydrolase%2F thiamin pyrophosphate hydrolase,,462.0,0,0,1,0,0,0
1193838,-,b1135,23S rRNA pseudouridine%282457%29 synthase,,654.0,0,0,1,0,0,0
1194021,-,b1135,23S rRNA pseudouridine%282457%29 synthase,,654.0,0,0,1,0,0,0
1194166,-,b1135,23S rRNA pseudouridine%282457%29 synthase,,654.0,0,0,1,0,0,0
1194184,+,b1136,e14 prophage%3B isocitrate dehydrogenase%2C specific for NADP%2B,162.0,1251.0,0,1,0,0,0,1
1194214,-,b1135,23S rRNA pseudouridine%282457%29 synthase,40.0,654.0,0,1,0,0,0,0
1194231,+,b1136,e14 prophage%3B isocitrate dehydrogenase%2C specific for NADP%2B,115.0,1251.0,1,0,0,0,0,1
1194345,-,b1135,23S rRNA pseudouridine%282457%29 synthase,171.0,654.0,1,0,0,0,0,1
1194448,+,b1136,e14 prophage%3B isocitrate dehydrogenase%2C specific for NADP%2B,,1251.0,0,0,1,0,0,0
1194527,+,b1136,e14 prophage%3B isocitrate dehydrogenase%2C specific for NADP%2B,,1251.0,0,0,1,0,0,0
1195464,-,b1136,e14 prophage%3B isocitrate dehydrogenase%2C specific for NADP%2B,,1251.0,0,0,0,1,0,1
1196100,+,b1137,e14 prophage%3B predicted SAM-dependent methyltransferase,,666.0,0,0,0,1,0,1
1197501,-,b1138,e14 prophage%3B predicted inner membrane protein,41.0,705.0,1,0,0,0,0,0
1197505,-,b1138,e14 prophage%3B predicted inner membrane protein,45.0,705.0,0,1,0,0,0,0
1197883,+,b1139,e14 prophage%3B cell death peptidase%2C inhibitor of T4 late gene expression,35.0,894.0,0,1,0,0,0,0
1197892,+,b1139,e14 prophage%3B cell death peptidase%2C inhibitor of T4 late gene expression,26.0,894.0,1,0,0,0,0,0
1198664,+,b1139,e14 prophage%3B cell death peptidase%2C inhibitor of T4 late gene expression,,894.0,0,0,1,0,0,0
1199634,+,b1140,e14 prophage%3B predicted integrase,,1128.0,0,0,0,1,0,1
1199799,+,b1140,e14 prophage%3B predicted integrase,,1128.0,0,0,0,1,0,1
1199963,-,b1140,e14 prophage%3B predicted integrase,,1128.0,0,0,1,0,0,0
1199995,+,b1140,e14 prophage%3B predicted integrase,,1128.0,0,0,0,1,0,1
1200244,-,b1140,e14 prophage%3B predicted integrase,215.0,1128.0,1,0,0,0,0,0
1200467,-,b1141,e14 prophage%3B predicted excisionase,212.0,246.0,1,0,0,0,0,0
1200492,+,b1143,e14 prophage%3B putative protein,228.0,342.0,0,1,0,0,0,0
1200691,+,b1143,e14 prophage%3B putative protein,29.0,342.0,1,0,0,0,0,0
1200972,+,b1143,e14 prophage%3B putative protein,,342.0,0,0,1,0,0,1
1201526,-,b1144,e14 prophage%3B putative protein,219.0,309.0,1,0,0,0,0,0
1201530,+,b1145,e14 prophage%3B repressor protein phage e14,,675.0,0,0,0,1,0,1
1202156,-,b1145,e14 prophage%3B repressor protein phage e14,0.0,675.0,1,0,0,0,0,1
1202433,-,b1145,e14 prophage%3B repressor protein phage e14,277.0,675.0,0,1,0,0,0,1
1202775,-,b1147,e14 prophage%3B predicted DNA-binding transcriptional regulator,,558.0,0,0,0,1,0,1
1202912,-,b1147,e14 prophage%3B predicted DNA-binding transcriptional regulator,,558.0,0,0,0,1,0,1
1203131,-,b1147,e14 prophage%3B predicted DNA-binding transcriptional regulator,,558.0,0,0,0,1,0,1
1203152,-,b1148,e14 prophage%3B putative protein,,339.0,0,0,0,1,0,1
1207102,+,b1155,e14 prophage%3B putative protein,253.0,414.0,1,0,0,0,0,0
1207318,-,b1154,e14 prophage%3B putative protein,,630.0,0,0,0,1,0,1
1207588,-,b1155,e14 prophage%3B putative protein,,414.0,0,0,0,1,0,1
1207680,+,b1155,e14 prophage%3B putative protein,,414.0,0,0,1,0,0,1
1208372,+,b1156,e14 prophage%3B predicted tail fiber assembly protein,,603.0,0,0,0,1,0,1
1208568,+,b1157,pseudo,,501.0,0,0,0,1,0,1
1208967,-,b1157,pseudo,125.0,501.0,1,0,0,0,0,1
1209456,-,b1158,e14 prophage%3B site-specific DNA recombinase,,555.0,0,0,0,1,0,1
1210546,+,b4519,pseudo,90.0,165.0,1,0,0,0,0,0
1212049,-,b1161,hypothetical protein,,405.0,0,0,1,0,0,0
1212359,-,b1161,hypothetical protein,29.0,405.0,1,0,0,0,0,0
1212504,-,b1161,hypothetical protein,174.0,405.0,0,1,0,0,0,0
1212529,+,b1162,repressor of blue light-responsive genes,,732.0,0,0,0,1,0,1
1213336,-,b1162,repressor of blue light-responsive genes,54.0,732.0,1,0,0,0,0,0
1213352,+,b1162,repressor of blue light-responsive genes,,732.0,0,0,0,1,0,1
1213358,-,b1162,repressor of blue light-responsive genes,76.0,732.0,0,1,0,0,0,0
1214514,-,b1163,anti-repressor for YcgE%2C blue light-responsive%3B FAD-binding%3B has c-di-GMP phosphodiesterase-like EAL domain%2C but does not degrade c-di-GMP,,1212.0,0,0,1,0,0,0
1214528,+,b1163,anti-repressor for YcgE%2C blue light-responsive%3B FAD-binding%3B has c-di-GMP phosphodiesterase-like EAL domain%2C but does not degrade c-di-GMP,,1212.0,0,0,0,1,0,1
1214728,-,b1163,anti-repressor for YcgE%2C blue light-responsive%3B FAD-binding%3B has c-di-GMP phosphodiesterase-like EAL domain%2C but does not degrade c-di-GMP,30.0,1212.0,1,0,0,0,0,0
1215210,-,b1164,RcsB connector protein for regulation of biofilm and acid-resistance,,237.0,0,0,0,1,0,1
1216196,+,b1167,hypothetical protein,,249.0,0,0,1,0,0,0
1216417,+,b1168,putative membrane-anchored cyclic-di-GMP phosphodiesterase,134.0,1524.0,0,1,0,0,0,0
1216487,+,b1168,putative membrane-anchored cyclic-di-GMP phosphodiesterase,64.0,1524.0,1,0,0,0,0,0
1216679,-,b1168,putative membrane-anchored cyclic-di-GMP phosphodiesterase,,1524.0,0,0,0,1,0,1
1216930,-,b1168,putative membrane-anchored cyclic-di-GMP phosphodiesterase,,1524.0,0,0,0,1,0,1
1217004,+,b1168,putative membrane-anchored cyclic-di-GMP phosphodiesterase,,1524.0,0,0,1,0,0,0
1217802,-,b1168,putative membrane-anchored cyclic-di-GMP phosphodiesterase,,1524.0,0,0,0,1,0,1
1217961,-,b1168,putative membrane-anchored cyclic-di-GMP phosphodiesterase,,1524.0,0,0,0,1,0,1
1218115,+,b4520,inner membrane division septum protein,91.0,219.0,1,0,0,0,0,0
1218771,+,b4491,pseudo,53.0,2648.0,1,0,0,0,0,0
1219131,+,b4491,pseudo,,2648.0,0,0,1,0,0,0
1219841,+,b4491,pseudo,,2648.0,0,0,1,0,0,0
1220061,-,b4491,pseudo,,2648.0,0,0,0,1,0,1
1220432,-,b4491,pseudo,,2648.0,0,0,0,1,0,1
1220661,+,b4491,pseudo,,2648.0,0,0,1,0,0,0
1220918,+,b4491,pseudo,,2648.0,0,0,1,0,0,0
1220918,-,b4491,pseudo,,2648.0,0,0,0,1,0,1
1221716,-,b1171,hypothetical protein,,330.0,0,0,1,0,0,0
1222320,-,b1172,conserved protein%2C UPF0757 family,109.0,345.0,1,0,0,0,0,0
1222662,-,b4593,hypothetical protein,276.0,174.0,1,0,0,0,0,1
1222825,-,b4521,pseudo,,344.0,0,0,0,1,0,1
1223592,+,b1174,cell division topological specificity factor,,267.0,0,0,0,1,0,1
1223594,-,b1174,cell division topological specificity factor,,267.0,0,0,1,0,0,0
1223763,-,b1174,cell division topological specificity factor,,267.0,0,0,1,0,0,0
1224610,+,b1175,membrane ATPase of the MinC-MinD-MinE system,,813.0,0,0,0,1,0,1
1224870,-,b1175,membrane ATPase of the MinC-MinD-MinE system,286.0,813.0,1,0,0,0,0,0
1224881,-,b1175,membrane ATPase of the MinC-MinD-MinE system,297.0,813.0,0,1,0,0,0,0
1225332,+,b1176,cell division inhibitor,,696.0,0,0,0,1,0,1
1225364,-,b1176,cell division inhibitor,61.0,696.0,1,0,0,0,0,0
1225387,+,b1176,cell division inhibitor,,696.0,0,0,0,1,0,1
1225651,+,b1177,hypothetical protein,172.0,369.0,0,1,0,0,0,0
1225676,+,b1177,hypothetical protein,147.0,369.0,0,1,0,0,0,0
1225704,+,b1177,hypothetical protein,119.0,369.0,1,0,0,0,0,0
1225810,+,b1177,hypothetical protein,13.0,369.0,0,1,0,0,0,0
1225834,+,b1177,hypothetical protein,,369.0,0,0,1,0,0,0
1226329,+,b1178,hypothetical protein,,402.0,0,0,0,1,0,1
1226339,+,b1178,hypothetical protein,,402.0,0,0,0,1,0,1
1226729,-,b1178,hypothetical protein,34.0,402.0,1,0,0,0,0,0
1226745,+,b1179,hypothetical protein,192.0,294.0,1,0,0,0,0,1
1226892,-,b1178,hypothetical protein,197.0,402.0,0,1,0,0,0,1
1228020,+,b1181,UPF0153 family cysteine cluster protein%2C function unknown,18.0,462.0,1,0,0,0,0,0
1228287,+,b1181,UPF0153 family cysteine cluster protein%2C function unknown,,462.0,0,0,1,0,0,0
1229825,+,b1183,DNA polymerase V%2C subunit D,165.0,420.0,1,0,0,0,0,0
1230940,+,b1184,DNA polymerase V%2C subunit C,,1269.0,0,0,1,0,0,0
1231555,+,b1184,DNA polymerase V%2C subunit C,,1269.0,0,0,1,0,0,0
1231797,+,b1185,oxidoreductase that catalyzes reoxidation of DsbA protein disulfide isomerase I,,531.0,0,0,0,1,0,1
1232006,-,b1185,oxidoreductase that catalyzes reoxidation of DsbA protein disulfide isomerase I,,531.0,0,0,1,0,0,0
1232279,-,b1185,oxidoreductase that catalyzes reoxidation of DsbA protein disulfide isomerase I,26.0,531.0,1,0,0,0,0,0
1232442,+,b1186,sodium:proton antiporter,,1542.0,0,0,0,1,0,1
1233988,-,b1186,sodium:proton antiporter,48.0,1542.0,1,0,0,0,0,0
1233990,-,b1186,sodium:proton antiporter,50.0,1542.0,0,1,0,0,0,0
1233995,-,b1186,sodium:proton antiporter,55.0,1542.0,0,1,0,0,0,0
1234128,+,b1187,DNA-binding transcriptional dual regulator of fatty acid metabolism,33.0,720.0,1,0,0,0,0,0
1235078,-,b1188,hypothetical protein,,1533.0,0,0,1,0,0,0
1236508,-,b1188,hypothetical protein,44.0,1533.0,1,0,0,0,0,0
1236731,+,b1189,D-amino acid dehydrogenase,63.0,1299.0,0,1,0,0,0,0
1236748,+,b1189,D-amino acid dehydrogenase,46.0,1299.0,1,0,0,0,0,0
1240354,-,b1191,putative cation%2Fproton antiporter,,1737.0,0,0,1,0,0,0
1240590,-,b1191,putative cation%2Fproton antiporter,,1737.0,0,0,1,0,0,0
1240640,+,b1191,putative cation%2Fproton antiporter,,1737.0,0,0,0,1,0,1
1241244,+,b1191,putative cation%2Fproton antiporter,,1737.0,0,0,0,1,0,1
1241333,-,b1191,putative cation%2Fproton antiporter,39.0,1737.0,1,0,0,0,0,0
1241592,+,b1192,murein tetrapeptide carboxypeptidase%3B LD-carboxypeptidase A,,915.0,0,0,0,1,0,1
1242189,-,b1192,murein tetrapeptide carboxypeptidase%3B LD-carboxypeptidase A,,915.0,0,0,1,0,0,0
1242337,-,b1192,murein tetrapeptide carboxypeptidase%3B LD-carboxypeptidase A,34.0,915.0,1,0,0,0,0,1
1242351,+,b1193,lytic murein endotransglycosylase E,52.0,612.0,1,0,0,0,0,1
1242384,-,b1192,murein tetrapeptide carboxypeptidase%3B LD-carboxypeptidase A,81.0,915.0,0,1,0,0,0,1
1243778,-,b1194,flagellar velocity braking protein%2C c-di-GMP-regulated,28.0,735.0,1,0,0,0,0,0
1243901,+,b1195,putative inner membrane protein,50.0,255.0,1,0,0,0,0,0
1244175,+,b1196,hypothetical protein,208.0,441.0,1,0,0,0,0,0
1244295,-,b1195,putative inner membrane protein,,255.0,0,0,0,1,0,1
1244970,-,b1197,periplasmic trehalase,,1698.0,0,0,1,0,0,0
1245722,-,b1197,periplasmic trehalase,,1698.0,0,0,1,0,0,0
1245876,-,b1197,periplasmic trehalase,,1698.0,0,0,1,0,0,0
1245948,+,b1197,periplasmic trehalase,,1698.0,0,0,0,1,0,1
1246121,-,b1197,periplasmic trehalase,,1698.0,0,0,1,0,0,0
1246645,-,b1197,periplasmic trehalase,46.0,1698.0,1,0,0,0,0,0
1247170,+,b1198,fused predicted dihydroxyacetone-specific PTS enzymes: HPr component%2FEI component,,1419.0,0,0,0,1,0,1
1247221,-,b1198,fused predicted dihydroxyacetone-specific PTS enzymes: HPr component%2FEI component,,1419.0,0,0,1,0,0,0
1247329,+,b1198,fused predicted dihydroxyacetone-specific PTS enzymes: HPr component%2FEI component,,1419.0,0,0,0,1,0,1
1247551,+,b1198,fused predicted dihydroxyacetone-specific PTS enzymes: HPr component%2FEI component,,1419.0,0,0,0,1,0,1
1247808,+,b1198,fused predicted dihydroxyacetone-specific PTS enzymes: HPr component%2FEI component,,1419.0,0,0,0,1,0,1
1249689,-,b1200,dihydroxyacetone kinase%2C PTS-dependent%2C dihydroxyacetone-binding subunit,,1071.0,0,0,1,0,0,0
1249872,-,b1200,dihydroxyacetone kinase%2C PTS-dependent%2C dihydroxyacetone-binding subunit,,1071.0,0,0,1,0,0,0
1250130,-,b1200,dihydroxyacetone kinase%2C PTS-dependent%2C dihydroxyacetone-binding subunit,69.0,1071.0,1,0,0,0,0,0
1250212,+,b1201,DNA-binding transcription activator of the dhaKLM operon,77.0,1920.0,1,0,0,0,0,0
1250378,-,b1201,DNA-binding transcription activator of the dhaKLM operon,,1920.0,0,0,0,1,0,1
1251170,+,b1201,DNA-binding transcription activator of the dhaKLM operon,,1920.0,0,0,1,0,0,0
1252085,+,b1201,DNA-binding transcription activator of the dhaKLM operon,,1920.0,0,0,1,0,0,0
1252263,-,b1201,DNA-binding transcription activator of the dhaKLM operon,,1920.0,0,0,0,1,0,1
1252415,+,b1202,putative adhesin,,2868.0,0,0,0,1,0,1
1252629,+,b1202,putative adhesin,,2868.0,0,0,0,1,0,1
1252821,+,b1202,putative adhesin,,2868.0,0,0,0,1,0,1
1252906,+,b1202,putative adhesin,,2868.0,0,0,0,1,0,1
1253088,-,b1202,putative adhesin,,2868.0,0,0,1,0,0,0
1253534,-,b1202,putative adhesin,,2868.0,0,0,1,0,0,0
1253710,+,b1202,putative adhesin,,2868.0,0,0,0,1,0,1
1253857,+,b1202,putative adhesin,,2868.0,0,0,0,1,0,1
1254211,+,b1202,putative adhesin,,2868.0,0,0,0,1,0,1
1254395,-,b1202,putative adhesin,,2868.0,0,0,1,0,0,0
1255017,+,b1202,putative adhesin,,2868.0,0,0,0,1,0,1
1255901,+,b1203,catalase inhibitor protein%3B ATPase%2C K%2B-dependent%2C ribosome-associated,,1092.0,0,0,0,1,0,1
1256496,-,b1203,catalase inhibitor protein%3B ATPase%2C K%2B-dependent%2C ribosome-associated,,1092.0,0,0,1,0,0,0
1256507,-,b1203,catalase inhibitor protein%3B ATPase%2C K%2B-dependent%2C ribosome-associated,,1092.0,0,0,1,0,0,0
1257104,-,b1203,catalase inhibitor protein%3B ATPase%2C K%2B-dependent%2C ribosome-associated,69.0,1092.0,1,0,0,0,0,0
1257404,+,b1204,peptidyl-tRNA hydrolase,,585.0,0,0,0,1,0,1
1257583,-,b1204,peptidyl-tRNA hydrolase,,585.0,0,0,1,0,0,0
1257664,-,b1204,peptidyl-tRNA hydrolase,,585.0,0,0,1,0,0,0
1257827,-,b1204,peptidyl-tRNA hydrolase,91.0,585.0,1,0,0,0,0,0
1258748,-,b1206,C4-dicarboxylic acid transporter,,1680.0,0,0,1,0,0,0
1258794,-,b1206,C4-dicarboxylic acid transporter,,1680.0,0,0,1,0,0,0
1258802,-,b1206,C4-dicarboxylic acid transporter,,1680.0,0,0,1,0,0,0
1259741,-,b1206,C4-dicarboxylic acid transporter,,1680.0,0,0,1,0,0,0
1260205,-,b1206,C4-dicarboxylic acid transporter,179.0,1680.0,1,0,0,0,0,0
1260423,-,b1207,phosphoribosylpyrophosphate synthase,,948.0,0,0,1,0,0,0
1261399,-,b1208,4-diphosphocytidyl-2-C-methylerythritol kinase,,852.0,0,0,1,0,0,0
1261481,-,b1208,4-diphosphocytidyl-2-C-methylerythritol kinase,,852.0,0,0,1,0,0,0
1261542,+,b1208,4-diphosphocytidyl-2-C-methylerythritol kinase,,852.0,0,0,0,1,0,1
1261633,+,b1208,4-diphosphocytidyl-2-C-methylerythritol kinase,,852.0,0,0,0,1,0,1
1261920,+,b1208,4-diphosphocytidyl-2-C-methylerythritol kinase,,852.0,0,0,0,1,0,1
1262062,-,b1208,4-diphosphocytidyl-2-C-methylerythritol kinase,,852.0,0,0,1,0,0,0
1262195,-,b1208,4-diphosphocytidyl-2-C-methylerythritol kinase,95.0,852.0,1,0,0,0,0,0
1262758,-,b1209,lipoprotein localization factor,35.0,624.0,1,0,0,0,0,0
1262806,+,b1210,glutamyl tRNA reductase,131.0,1257.0,1,0,0,0,0,1
1262898,+,b1210,glutamyl tRNA reductase,39.0,1257.0,0,1,0,0,0,0
1263096,-,b1210,glutamyl tRNA reductase,,1257.0,0,0,0,1,0,1
1264056,-,b1210,glutamyl tRNA reductase,,1257.0,0,0,0,1,0,1
1266387,-,b1213,putative inner membrane protein%2C SIRB family,,393.0,0,0,0,1,0,1
1266405,+,b1214,hypothetical protein,138.0,810.0,1,0,0,0,0,0
1266849,+,b1214,hypothetical protein,,810.0,0,0,1,0,0,0
1267079,+,b1214,hypothetical protein,,810.0,0,0,1,0,0,0
1267354,-,b1214,hypothetical protein,,810.0,0,0,0,1,0,1
1267830,-,b1215,3-deoxy-D-manno-octulosonate 8-phosphate synthase,,855.0,0,0,0,1,0,1
1267847,+,b1215,3-deoxy-D-manno-octulosonate 8-phosphate synthase,,855.0,0,0,1,0,0,0
1267910,+,b1215,3-deoxy-D-manno-octulosonate 8-phosphate synthase,,855.0,0,0,1,0,0,0
1268173,+,b1215,3-deoxy-D-manno-octulosonate 8-phosphate synthase,,855.0,0,0,1,0,0,0
1268466,-,b4419,toxic polypeptide%2C small,,108.0,0,0,1,0,0,1
1268509,-,b4419,toxic polypeptide%2C small,11.0,108.0,1,0,0,0,0,1
1268546,+,b4420,sRNA antisense regulator affects LdrA translation%3B proposed addiction module in LDR-A repeat%2C with toxic peptide LdrA,0.0,67.0,1,0,0,0,0,1
1268681,-,b4420,sRNA antisense regulator affects LdrA translation%3B proposed addiction module in LDR-A repeat%2C with toxic peptide LdrA,,67.0,0,0,0,1,0,1
1269044,-,b4421,toxic polypeptide%2C small,11.0,108.0,1,0,0,0,0,1
1269081,+,b4422,sRNA antisense regulator affects LdrB translation%3B proposed addiction module in LDR-B repeat%2C with toxic peptide LdrB,0.0,66.0,1,0,0,0,0,1
1269216,-,b4422,sRNA antisense regulator affects LdrB translation%3B proposed addiction module in LDR-B repeat%2C with toxic peptide LdrB,,66.0,0,0,0,1,0,1
1269536,-,b4423,toxic polypeptide%2C small,,108.0,0,0,1,0,0,1
1269579,-,b4423,toxic polypeptide%2C small,11.0,108.0,1,0,0,0,0,1
1269616,+,b4424,sRNA antisense regulator affects LdrC translation%3B proposed addiction module in LDR-C repeat%2C with toxic peptide LdrC,0.0,68.0,1,0,0,0,0,1
1269750,-,b4424,sRNA antisense regulator affects LdrC translation%3B proposed addiction module in LDR-C repeat%2C with toxic peptide LdrC,,68.0,0,0,0,1,0,1
1269910,+,b1216,calcium%2Fsodium:proton antiporter,,1101.0,0,0,0,1,0,1
1270714,+,b1216,calcium%2Fsodium:proton antiporter,,1101.0,0,0,0,1,0,1
1270746,-,b1216,calcium%2Fsodium:proton antiporter,,1101.0,0,0,1,0,0,0
1271119,-,b1216,calcium%2Fsodium:proton antiporter,47.0,1101.0,1,0,0,0,0,0
1271151,-,b1216,calcium%2Fsodium:proton antiporter,79.0,1101.0,0,1,0,0,0,0
1271216,+,b1217,cation transport regulator,126.0,231.0,0,1,0,0,0,0
1271318,+,b1217,cation transport regulator,24.0,231.0,1,0,0,0,0,0
1271444,-,b1217,cation transport regulator,,231.0,0,0,0,1,0,1
1271647,+,b1218,cation transport regulator,83.0,696.0,1,0,0,0,0,0
1272182,-,b1218,cation transport regulator,,696.0,0,0,0,1,0,1
1272200,+,b1218,cation transport regulator,,696.0,0,0,1,0,0,0
1272547,-,b1219,hypothetical protein,,354.0,0,0,1,0,0,0
1272832,+,b1220,putative invasin,175.0,1395.0,1,0,0,0,0,1
1272858,-,b1219,hypothetical protein,36.0,354.0,1,0,0,0,0,0
1272899,-,b1219,hypothetical protein,77.0,354.0,0,1,0,0,0,0
1272971,+,b1220,putative invasin,36.0,1395.0,0,1,0,0,0,0
1273089,+,b1220,putative invasin,,1395.0,0,0,1,0,0,0
1273109,-,b1219,hypothetical protein,287.0,354.0,0,1,0,0,0,1
1273520,-,b1220,putative invasin,,1395.0,0,0,0,1,0,1
1274880,+,b1221,DNA-binding response regulator in two-component regulatory system with NarX %28or NarQ%29,,651.0,0,0,0,1,0,1
1274990,+,b1221,DNA-binding response regulator in two-component regulatory system with NarX %28or NarQ%29,,651.0,0,0,0,1,0,1
1275174,-,b1221,DNA-binding response regulator in two-component regulatory system with NarX %28or NarQ%29,122.0,651.0,1,0,0,0,0,0
1275655,-,b1222,sensory histidine kinase in two-component regulatory system with NarL,,1797.0,0,0,1,0,0,0
1276047,+,b1222,sensory histidine kinase in two-component regulatory system with NarL,,1797.0,0,0,0,1,0,1
1276320,-,b1222,sensory histidine kinase in two-component regulatory system with NarL,,1797.0,0,0,1,0,0,0
1276927,-,b1222,sensory histidine kinase in two-component regulatory system with NarL,86.0,1797.0,0,1,0,0,0,0
1277000,-,b1222,sensory histidine kinase in two-component regulatory system with NarL,159.0,1797.0,1,0,0,0,0,0
1277043,-,b1222,sensory histidine kinase in two-component regulatory system with NarL,202.0,1797.0,0,1,0,0,0,0
1277044,+,b1223,nitrate%2Fnitrite transporter,136.0,1392.0,1,0,0,0,0,0
1277086,-,b1222,sensory histidine kinase in two-component regulatory system with NarL,245.0,1797.0,0,1,0,0,0,1
1278514,+,b1223,nitrate%2Fnitrite transporter,,1392.0,0,0,1,0,0,0
1278824,+,b1224,nitrate reductase 1%2C alpha subunit,263.0,3744.0,1,0,0,0,0,0
1280387,+,b1224,nitrate reductase 1%2C alpha subunit,,3744.0,0,0,1,0,0,0
1282210,-,b1224,nitrate reductase 1%2C alpha subunit,,3744.0,0,0,0,1,0,1
1282835,+,b1225,nitrate reductase 1%2C beta %28Fe-S%29 subunit,,1539.0,0,0,1,0,0,0
1285747,-,b1227,nitrate reductase 1%2C gamma %28cytochrome b%28NR%29%29 subunit,,678.0,0,0,0,1,0,1
1286305,-,b4425,rtT sRNA%2C processed from tyrT transcript,,171.0,0,0,1,0,0,0
1286397,-,b4425,rtT sRNA%2C processed from tyrT transcript,,171.0,0,0,1,0,0,0
1286409,-,b1229,protamine-like protein,10.0,90.0,1,0,0,0,0,0
1286487,-,b4425,rtT sRNA%2C processed from tyrT transcript,28.0,171.0,1,0,0,0,0,0
1286511,-,b4425,rtT sRNA%2C processed from tyrT transcript,52.0,171.0,0,1,0,0,0,0
1286549,-,b4425,rtT sRNA%2C processed from tyrT transcript,90.0,171.0,0,1,0,0,0,0
1286601,-,b1230,tRNA-Tyr,50.0,85.0,0,1,0,0,0,0
1286606,-,b1230,tRNA-Tyr,55.0,85.0,0,1,0,0,0,0
1286781,-,b1230,tRNA-Tyr,230.0,85.0,1,0,0,0,0,0
1286888,-,b1231,tRNA-Tyr,43.0,85.0,1,0,0,0,0,0
1287002,-,b1231,tRNA-Tyr,157.0,85.0,0,1,0,0,0,0
1287053,-,b1231,tRNA-Tyr,208.0,85.0,0,1,0,0,0,0
1287073,+,b1232,formyltetrahydrofolate hydrolase,,843.0,0,0,0,1,0,1
1287221,+,b1232,formyltetrahydrofolate hydrolase,,843.0,0,0,0,1,0,1
1287756,+,b1232,formyltetrahydrofolate hydrolase,,843.0,0,0,0,1,0,1
1287806,-,b1232,formyltetrahydrofolate hydrolase,,843.0,0,0,1,0,0,0
1288032,-,b1232,formyltetrahydrofolate hydrolase,185.0,843.0,1,0,0,0,0,0
1288123,+,b1233,conserved protein%2C UPF0225 family,,459.0,0,0,0,1,0,1
1288317,+,b1234,putative phospholipase%2C patatin-like family,151.0,906.0,0,1,0,0,0,1
1288329,+,b1234,putative phospholipase%2C patatin-like family,139.0,906.0,1,0,0,0,0,1
1288400,-,b1233,conserved protein%2C UPF0225 family,45.0,459.0,1,0,0,0,0,1
1289302,+,b1235,response regulator binding RpoS to initiate proteolysis by ClpXP%3B required for the PcnB-degradosome interaction during stationary phase,163.0,1014.0,0,1,0,0,0,0
1289361,-,b1234,putative phospholipase%2C patatin-like family,,906.0,0,0,0,1,0,1
1289388,-,b1234,putative phospholipase%2C patatin-like family,,906.0,0,0,0,1,0,1
1289400,+,b1235,response regulator binding RpoS to initiate proteolysis by ClpXP%3B required for the PcnB-degradosome interaction during stationary phase,65.0,1014.0,1,0,0,0,0,0
1290255,-,b1235,response regulator binding RpoS to initiate proteolysis by ClpXP%3B required for the PcnB-degradosome interaction during stationary phase,,1014.0,0,0,0,1,0,1
1290483,+,b1236,glucose-1-phosphate uridylyltransferase,197.0,909.0,0,1,0,0,0,0
1290544,+,b1236,glucose-1-phosphate uridylyltransferase,136.0,909.0,1,0,0,0,0,0
1291047,+,b1236,glucose-1-phosphate uridylyltransferase,,909.0,0,0,1,0,0,0
1291071,-,b1236,glucose-1-phosphate uridylyltransferase,,909.0,0,0,0,1,0,1
1291105,+,b1236,glucose-1-phosphate uridylyltransferase,,909.0,0,0,1,0,0,0
1291460,+,b1236,glucose-1-phosphate uridylyltransferase,,909.0,0,0,1,0,0,0
1291634,-,b1236,glucose-1-phosphate uridylyltransferase,,909.0,0,0,0,1,0,1
1291645,-,b1236,glucose-1-phosphate uridylyltransferase,,909.0,0,0,0,1,0,1
1292164,+,b1237,global DNA-binding transcriptional dual regulator H-NS,,414.0,0,0,0,1,0,1
1292716,+,b1238,thymidine kinase%2Fdeoxyuridine kinase,34.0,618.0,1,0,0,0,0,0
1292772,+,b1238,thymidine kinase%2Fdeoxyuridine kinase,,618.0,0,0,1,0,0,0
1292785,-,b1238,thymidine kinase%2Fdeoxyuridine kinase,,618.0,0,0,0,1,0,1
1293292,+,b1238,thymidine kinase%2Fdeoxyuridine kinase,,618.0,0,0,1,0,0,0
1293671,-,b4573,pseudo,,897.0,0,0,1,0,0,0
1293710,+,b4573,pseudo,,897.0,0,0,0,1,0,1
1294570,-,b4573,pseudo,25.0,897.0,1,0,0,0,0,0
1294954,-,b1241,fused acetaldehyde-CoA dehydrogenase%2Firon-dependent alcohol dehydrogenase%2Fpyruvate-formate lyase deactivase,,2676.0,0,0,1,0,0,0
1295082,-,b1241,fused acetaldehyde-CoA dehydrogenase%2Firon-dependent alcohol dehydrogenase%2Fpyruvate-formate lyase deactivase,,2676.0,0,0,1,0,0,0
1296219,-,b1241,fused acetaldehyde-CoA dehydrogenase%2Firon-dependent alcohol dehydrogenase%2Fpyruvate-formate lyase deactivase,,2676.0,0,0,1,0,0,0
1296602,-,b1241,fused acetaldehyde-CoA dehydrogenase%2Firon-dependent alcohol dehydrogenase%2Fpyruvate-formate lyase deactivase,,2676.0,0,0,1,0,0,0
1296952,+,b1241,fused acetaldehyde-CoA dehydrogenase%2Firon-dependent alcohol dehydrogenase%2Fpyruvate-formate lyase deactivase,,2676.0,0,0,0,1,0,1
1296973,-,b1241,fused acetaldehyde-CoA dehydrogenase%2Firon-dependent alcohol dehydrogenase%2Fpyruvate-formate lyase deactivase,,2676.0,0,0,1,0,0,0
1297044,-,b1241,fused acetaldehyde-CoA dehydrogenase%2Firon-dependent alcohol dehydrogenase%2Fpyruvate-formate lyase deactivase,,2676.0,0,0,1,0,0,0
1297132,+,b1241,fused acetaldehyde-CoA dehydrogenase%2Firon-dependent alcohol dehydrogenase%2Fpyruvate-formate lyase deactivase,,2676.0,0,0,0,1,0,1
1297376,+,b1241,fused acetaldehyde-CoA dehydrogenase%2Firon-dependent alcohol dehydrogenase%2Fpyruvate-formate lyase deactivase,,2676.0,0,0,0,1,0,1
1297532,-,b1241,fused acetaldehyde-CoA dehydrogenase%2Firon-dependent alcohol dehydrogenase%2Fpyruvate-formate lyase deactivase,188.0,2676.0,1,0,0,0,0,0
1297618,-,b1241,fused acetaldehyde-CoA dehydrogenase%2Firon-dependent alcohol dehydrogenase%2Fpyruvate-formate lyase deactivase,274.0,2676.0,0,1,0,0,0,0
1297636,-,b1241,fused acetaldehyde-CoA dehydrogenase%2Firon-dependent alcohol dehydrogenase%2Fpyruvate-formate lyase deactivase,292.0,2676.0,0,1,0,0,0,0
1297662,+,b1242,putative inner membrane protein,159.0,648.0,1,0,0,0,0,0
1298015,-,b1242,putative inner membrane protein,,648.0,0,0,0,1,0,1
1298077,-,b1242,putative inner membrane protein,,648.0,0,0,0,1,0,1
1298510,-,b1242,putative inner membrane protein,,648.0,0,0,0,1,0,1
1298939,+,b1243,oligopeptide transporter subunit,267.0,1632.0,1,0,0,0,0,0
1299172,-,b1243,oligopeptide transporter subunit,,1632.0,0,0,0,1,0,1
1300180,-,b1243,oligopeptide transporter subunit,,1632.0,0,0,0,1,0,1
1300594,-,b1243,oligopeptide transporter subunit,,1632.0,0,0,0,1,0,1
1301090,-,b1244,oligopeptide transporter subunit,,921.0,0,0,0,1,0,1
1301161,-,b1244,oligopeptide transporter subunit,,921.0,0,0,0,1,0,1
1301522,+,b1244,oligopeptide transporter subunit,,921.0,0,0,1,0,0,0
1303498,+,b1247,oligopeptide transporter subunit,290.0,1005.0,1,0,0,0,0,0
1303561,-,b1246,oligopeptide transporter subunit,,1014.0,0,0,0,1,0,1
1303857,+,b1247,oligopeptide transporter subunit,,1005.0,0,0,1,0,0,0
1304482,+,b1247,oligopeptide transporter subunit,,1005.0,0,0,1,0,0,0
1304880,+,b1248,conserved protein%2C UPF0263 family,,330.0,0,0,0,1,0,1
1305050,-,b1248,conserved protein%2C UPF0263 family,,330.0,0,0,1,0,0,0
1305655,-,b1249,cardiolipin synthase 1,,1461.0,0,0,1,0,0,0
1305788,+,b1249,cardiolipin synthase 1,,1461.0,0,0,0,1,0,1
1306076,+,b1249,cardiolipin synthase 1,,1461.0,0,0,0,1,0,1
1306406,+,b1249,cardiolipin synthase 1,,1461.0,0,0,0,1,0,1
1306541,+,b4595,hypothetical protein,271.0,174.0,0,1,0,0,0,1
1306697,-,b1249,cardiolipin synthase 1,28.0,1461.0,1,0,0,0,0,0
1306787,+,b4595,hypothetical protein,25.0,174.0,1,0,0,0,0,0
1306986,+,b1250,voltage-gated potassium channel,,1254.0,0,0,0,1,0,1
1308079,-,b1250,voltage-gated potassium channel,,1254.0,0,0,1,0,0,0
1308373,-,b1250,voltage-gated potassium channel,80.0,1254.0,1,0,0,0,0,0
1308386,+,b1250,voltage-gated potassium channel,,1254.0,0,0,0,1,0,1
1308460,-,b1250,voltage-gated potassium channel,167.0,1254.0,0,1,0,0,0,0
1308499,+,b1251,putative enzyme,,297.0,0,0,0,1,0,1
1308931,+,b1252,membrane spanning protein in TonB-ExbB-ExbD transport complex,182.0,720.0,1,0,0,0,0,1
1308933,+,b1252,membrane spanning protein in TonB-ExbB-ExbD transport complex,180.0,720.0,0,1,0,0,0,1
1309482,-,b1252,membrane spanning protein in TonB-ExbB-ExbD transport complex,,720.0,0,0,0,1,0,1
1310032,-,b1253,acyl-CoA esterase,,399.0,0,0,1,0,0,0
1310298,-,b1253,acyl-CoA esterase,28.0,399.0,1,0,0,0,0,0
1310690,-,b1254,putative inner membrane protein,,540.0,0,0,1,0,0,0
1310906,-,b1254,putative inner membrane protein,,540.0,0,0,1,0,0,0
1311378,-,b1255,inner membrane protein%2C UPF0259 family,,744.0,0,0,1,0,0,0
1311720,-,b1255,inner membrane protein%2C UPF0259 family,33.0,744.0,0,1,0,0,0,0
1311722,-,b1255,inner membrane protein%2C UPF0259 family,35.0,744.0,1,0,0,0,0,0
1311965,-,b1255,inner membrane protein%2C UPF0259 family,278.0,744.0,0,1,0,0,0,1
1311966,+,b1256,outer membrane protein W,78.0,639.0,0,1,0,0,0,0
1311975,+,b1256,outer membrane protein W,69.0,639.0,0,1,0,0,0,0
1312015,+,b1256,outer membrane protein W,29.0,639.0,1,0,0,0,0,0
1312741,+,b1257,putative rubrerythrin%2Fferritin-like metal-binding protein,,507.0,0,0,0,1,0,1
1312978,-,b1257,putative rubrerythrin%2Fferritin-like metal-binding protein,,507.0,0,0,1,0,0,0
1313421,+,b1258,putative rubrerythrin%2Fferritin-like metal-binding protein,,501.0,0,0,0,1,0,1
1313452,-,b1257,putative rubrerythrin%2Fferritin-like metal-binding protein,204.0,507.0,1,0,0,0,0,0
1314116,-,b1259,hypothetical protein,57.0,180.0,1,0,0,0,0,0
1314521,-,b1260,tryptophan synthase%2C alpha subunit,,807.0,0,0,1,0,0,0
1315503,+,b1261,tryptophan synthase%2C beta subunit,,1194.0,0,0,0,1,0,1
1317968,-,b1262,fused indole-3-glycerolphosphate synthetase%2FN-%285-phosphoribosyl%29anthranilate isomerase,159.0,1359.0,1,0,0,0,0,0
1318005,+,b1263,fused glutamine amidotransferase %28component II%29 of anthranilate synthase%2Fanthranilate phosphoribosyl transferase,,1596.0,0,0,0,1,0,1
1319675,-,b1263,fused glutamine amidotransferase %28component II%29 of anthranilate synthase%2Fanthranilate phosphoribosyl transferase,267.0,1596.0,1,0,0,0,0,0
1320037,+,b1264,component I of anthranilate synthase,,1563.0,0,0,0,1,0,1
1320067,-,b1264,component I of anthranilate synthase,,1563.0,0,0,1,0,0,0
1320567,-,b1264,component I of anthranilate synthase,,1563.0,0,0,1,0,0,0
1321212,+,b1266,hypothetical protein,32.0,882.0,1,0,0,0,0,0
1321369,-,b1265,trp operon leader peptide,263.0,45.0,1,0,0,0,0,1
1321789,+,b1266,hypothetical protein,,882.0,0,0,1,0,0,0
1322635,+,b1268,putative inner membrane protein,135.0,1896.0,1,0,0,0,0,0
1322729,-,b1267,putative RNA binding protein,,621.0,0,0,0,1,0,1
1322922,-,b1268,putative inner membrane protein,,1896.0,0,0,0,1,0,1
1323145,-,b1268,putative inner membrane protein,,1896.0,0,0,0,1,0,1
1323163,+,b1268,putative inner membrane protein,,1896.0,0,0,1,0,0,0
1323228,+,b1268,putative inner membrane protein,,1896.0,0,0,1,0,0,0
1323656,-,b1268,putative inner membrane protein,,1896.0,0,0,0,1,0,1
1323742,+,b1268,putative inner membrane protein,,1896.0,0,0,1,0,0,0
1323996,+,b1268,putative inner membrane protein,,1896.0,0,0,1,0,0,0
1324161,+,b1268,putative inner membrane protein,,1896.0,0,0,1,0,0,0
1324236,+,b1268,putative inner membrane protein,,1896.0,0,0,1,0,0,0
1324264,+,b1268,putative inner membrane protein,,1896.0,0,0,1,0,0,0
1324322,+,b1268,putative inner membrane protein,,1896.0,0,0,1,0,0,0
1324724,+,b1269,23S rRNA pseudouridine%282605%29 synthase,152.0,876.0,1,0,0,0,0,0
1324825,-,b1269,23S rRNA pseudouridine%282605%29 synthase,,876.0,0,0,0,1,0,1
1324986,+,b1269,23S rRNA pseudouridine%282605%29 synthase,,876.0,0,0,1,0,0,0
1325730,-,b1269,23S rRNA pseudouridine%282605%29 synthase,,876.0,0,0,0,1,0,1
1325978,-,b1270,cob%28I%29alamin adenolsyltransferase%2Fcobinamide ATP-dependent adenolsyltransferase,,591.0,0,0,1,0,0,0
1326284,-,b1270,cob%28I%29alamin adenolsyltransferase%2Fcobinamide ATP-dependent adenolsyltransferase,,591.0,0,0,1,0,0,0
1326300,+,b1270,cob%28I%29alamin adenolsyltransferase%2Fcobinamide ATP-dependent adenolsyltransferase,,591.0,0,0,0,1,0,1
1327165,-,b1271,putative oxoacyl-%28acyl carrier protein%29 reductase%2C EmrKY-TolC system,29.0,759.0,1,0,0,0,0,0
1327251,-,b1271,putative oxoacyl-%28acyl carrier protein%29 reductase%2C EmrKY-TolC system,115.0,759.0,0,1,0,0,0,0
1327313,+,b1272,putative inner membrane peptidase%3B multicopy suppressor of htrA%28degP%29,43.0,1050.0,1,0,0,0,0,0
1328738,-,b1273,DUF2498 protein YciN,46.0,252.0,1,0,0,0,0,0
1328813,+,b1274,DNA topoisomerase I%2C omega subunit,259.0,2598.0,0,1,0,0,0,0
1328844,+,b1274,DNA topoisomerase I%2C omega subunit,228.0,2598.0,1,0,0,0,0,0
1329004,+,b1274,DNA topoisomerase I%2C omega subunit,68.0,2598.0,0,1,0,0,0,0
1330895,+,b1274,DNA topoisomerase I%2C omega subunit,,2598.0,0,0,1,0,0,0
1331538,-,b1274,DNA topoisomerase I%2C omega subunit,,2598.0,0,0,0,1,0,1
1331785,+,b1275,DNA-binding transcriptional dual regulator%2C O-acetyl-L-serine-binding,94.0,975.0,1,0,0,0,0,0
1331911,-,b1275,DNA-binding transcriptional dual regulator%2C O-acetyl-L-serine-binding,,975.0,0,0,0,1,0,1
1332743,+,b1275,DNA-binding transcriptional dual regulator%2C O-acetyl-L-serine-binding,,975.0,0,0,1,0,0,0
1332812,+,b1275,DNA-binding transcriptional dual regulator%2C O-acetyl-L-serine-binding,,975.0,0,0,1,0,0,0
1332891,-,b1275,DNA-binding transcriptional dual regulator%2C O-acetyl-L-serine-binding,,975.0,0,0,0,1,0,1
1333102,+,b4522,hypothetical protein,82.0,129.0,0,1,0,0,0,0
1333114,+,b4522,hypothetical protein,70.0,129.0,1,0,0,0,0,0
1333805,+,b1276,aconitate hydratase 1,50.0,2676.0,1,0,0,0,0,0
1334023,+,b1276,aconitate hydratase 1,,2676.0,0,0,1,0,0,0
1334485,+,b1276,aconitate hydratase 1,,2676.0,0,0,1,0,0,0
1335162,+,b1276,aconitate hydratase 1,,2676.0,0,0,1,0,0,0
1336117,+,b1276,aconitate hydratase 1,,2676.0,0,0,1,0,0,0
1336494,-,b1276,aconitate hydratase 1,,2676.0,0,0,0,1,0,1
1336507,+,b1276,aconitate hydratase 1,,2676.0,0,0,1,0,0,1
1336679,+,b1277,GTP cyclohydrolase II,,591.0,0,0,0,1,0,1
1336684,-,b1277,GTP cyclohydrolase II,,591.0,0,0,1,0,0,0
1336761,-,b1277,GTP cyclohydrolase II,,591.0,0,0,1,0,0,0
1336922,-,b1277,GTP cyclohydrolase II,,591.0,0,0,1,0,0,0
1337214,-,b1277,GTP cyclohydrolase II,30.0,591.0,1,0,0,0,0,0
1337304,+,b1278,phosphatidylglycerophosphatase B,50.0,765.0,0,1,0,0,0,0
1337333,+,b1278,phosphatidylglycerophosphatase B,21.0,765.0,1,0,0,0,0,0
1337705,+,b1278,phosphatidylglycerophosphatase B,,765.0,0,0,1,0,0,0
1337713,-,b1278,phosphatidylglycerophosphatase B,,765.0,0,0,0,1,0,1
1337730,+,b1278,phosphatidylglycerophosphatase B,,765.0,0,0,1,0,0,0
1338159,+,b1279,DUF1049 family inner membrane protein%2C function unknown,108.0,309.0,0,1,0,0,0,0
1338211,+,b1279,DUF1049 family inner membrane protein%2C function unknown,56.0,309.0,1,0,0,0,0,0
1338215,-,b1278,phosphatidylglycerophosphatase B,,765.0,0,0,0,1,0,1
1338506,+,b1280,TPR-repeats-containing protein,76.0,1170.0,1,0,0,0,0,0
1339894,+,b1281,orotidine-5%27-phosphate decarboxylase,51.0,738.0,1,0,0,0,0,0
1341395,-,b1283,lipoprotein,43.0,219.0,1,0,0,0,0,0
1341499,-,b1283,lipoprotein,147.0,219.0,0,1,0,0,0,0
1341732,-,b1284,global regulator of transcription%3B DeoR family,,750.0,0,0,1,0,0,0
1342162,-,b1284,global regulator of transcription%3B DeoR family,,750.0,0,0,1,0,0,0
1342573,-,b1284,global regulator of transcription%3B DeoR family,203.0,750.0,1,0,0,0,0,0
1342661,-,b4596,hypothetical protein,28.0,174.0,1,0,0,0,0,0
1342751,+,b1285,cyclic-di-GMP phosphodiesterase%3B csgD regulator%3B modulator of Rnase II stability,,1986.0,0,0,0,1,0,1
1343129,+,b1285,cyclic-di-GMP phosphodiesterase%3B csgD regulator%3B modulator of Rnase II stability,,1986.0,0,0,0,1,0,1
1343158,+,b1285,cyclic-di-GMP phosphodiesterase%3B csgD regulator%3B modulator of Rnase II stability,,1986.0,0,0,0,1,0,1
1343721,+,b1285,cyclic-di-GMP phosphodiesterase%3B csgD regulator%3B modulator of Rnase II stability,,1986.0,0,0,0,1,0,1
1344815,-,b1285,cyclic-di-GMP phosphodiesterase%3B csgD regulator%3B modulator of Rnase II stability,49.0,1986.0,1,0,0,0,0,1
1344879,+,b4672,hypothetical protein,,105.0,0,0,1,0,0,0
1345096,-,b1286,ribonuclease II,,1935.0,0,0,1,0,0,0
1346483,-,b1286,ribonuclease II,,1935.0,0,0,1,0,0,0
1346500,+,b1286,ribonuclease II,,1935.0,0,0,0,1,0,1
1346964,-,b1286,ribonuclease II,28.0,1935.0,0,1,0,0,0,0
1347153,-,b1286,ribonuclease II,217.0,1935.0,1,0,0,0,0,0
1348075,+,b1287,putative oxidoreductase,,1128.0,0,0,0,1,0,1
1348158,-,b1287,putative oxidoreductase,27.0,1128.0,1,0,0,0,0,0
1349146,-,b1288,enoyl-%5Bacyl-carrier-protein%5D reductase%2C NADH-dependent,83.0,789.0,1,0,0,0,0,0
1349163,+,b1288,enoyl-%5Bacyl-carrier-protein%5D reductase%2C NADH-dependent,,789.0,0,0,0,1,0,1
1349701,+,b1289,hypothetical protein,,354.0,0,0,0,1,0,1
1350037,-,b1289,hypothetical protein,253.0,354.0,1,0,0,0,0,0
1350352,+,b1290,antimicrobial peptide transport ABC system ATP-binding protein,,807.0,0,0,0,1,0,1
1351038,+,b1291,antimicrobial peptide transport ABC system ATP-binding protein,,993.0,0,0,0,1,0,1
1352573,-,b1292,antimicrobial peptide transport ABC transporter permease,31.0,891.0,1,0,0,0,0,0
1352936,-,b1293,antimicrobial peptide transport ABC transporter permease,,966.0,0,0,1,0,0,0
1353339,+,b1293,antimicrobial peptide transport ABC transporter permease,,966.0,0,0,0,1,0,1
1353833,-,b1294,antimicrobial peptide transport ABC transporter periplasmic binding protein,,1644.0,0,0,1,0,0,0
1354061,-,b1294,antimicrobial peptide transport ABC transporter periplasmic binding protein,,1644.0,0,0,1,0,0,0
1354147,+,b1294,antimicrobial peptide transport ABC transporter periplasmic binding protein,,1644.0,0,0,0,1,0,1
1354648,+,b1294,antimicrobial peptide transport ABC transporter periplasmic binding protein,,1644.0,0,0,0,1,0,1
1355159,-,b1294,antimicrobial peptide transport ABC transporter periplasmic binding protein,25.0,1644.0,1,0,0,0,0,0
1355287,-,b1294,antimicrobial peptide transport ABC transporter periplasmic binding protein,153.0,1644.0,0,1,0,0,0,0
1355723,-,b1295,hypothetical protein,31.0,246.0,0,1,0,0,0,0
1355725,-,b1295,hypothetical protein,33.0,246.0,0,1,0,0,0,0
1355949,-,b1295,hypothetical protein,257.0,246.0,1,0,0,0,0,0
1356056,-,b1296,putrescine importer,,1386.0,0,0,1,0,0,0
1357064,-,b1296,putrescine importer,,1386.0,0,0,1,0,0,0
1357073,-,b1296,putrescine importer,,1386.0,0,0,1,0,0,0
1357288,-,b1296,putrescine importer,77.0,1386.0,1,0,0,0,0,0
1358134,-,b1297,gamma-Glu-putrescine synthase,,1419.0,0,0,1,0,0,0
1358991,-,b1297,gamma-Glu-putrescine synthase,59.0,1419.0,1,0,0,0,0,0
1359392,+,b1298,gamma-Glu-GABA hydrolase,,765.0,0,0,1,0,0,0
1359654,-,b1298,gamma-Glu-GABA hydrolase,,765.0,0,0,0,1,0,1
1359691,+,b1299,DNA-binding transcriptional repressor for the puu divergon,244.0,558.0,1,0,0,0,0,0
1359859,+,b1299,DNA-binding transcriptional repressor for the puu divergon,76.0,558.0,0,1,0,0,0,0
1359985,+,b1299,DNA-binding transcriptional repressor for the puu divergon,,558.0,0,0,1,0,0,0
1363814,-,b1302,GABA aminotransferase%2C PLP-dependent,,1266.0,0,0,0,1,0,1
1364652,+,b1302,GABA aminotransferase%2C PLP-dependent,,1266.0,0,0,1,0,0,0
1364805,-,b1302,GABA aminotransferase%2C PLP-dependent,,1266.0,0,0,0,1,0,1
1365403,-,b1303,DNA-binding transcriptional activator,,978.0,0,0,1,0,0,0
1366062,+,b1304,regulatory protein for phage-shock-protein operon,41.0,669.0,1,0,0,0,0,0
1366093,-,b1303,DNA-binding transcriptional activator,157.0,978.0,1,0,0,0,0,1
1366591,+,b1305,DNA-binding transcriptional regulator of psp operon,234.0,225.0,1,0,0,0,0,0
1367902,-,b1308,thiosulfate:cyanide sulfurtransferase %28rhodanese%29,,315.0,0,0,0,1,0,1
1368213,+,b1309,putative glucosyltransferase,27.0,1680.0,1,0,0,0,0,0
1368895,+,b1309,putative glucosyltransferase,,1680.0,0,0,1,0,0,0
1369354,+,b1309,putative glucosyltransferase,,1680.0,0,0,1,0,0,0
1374576,-,b1314,putative enzyme,,789.0,0,0,0,1,0,1
1375442,+,b1315,putative oxidoreductase%2C NADH-binding,,1056.0,0,0,1,0,0,0
1375811,-,b1315,putative oxidoreductase%2C NADH-binding,,1056.0,0,0,0,1,0,1
1378074,-,b1316,putative hydrolase,,2268.0,0,0,0,1,0,1
1380266,+,b1319,outer membrane porin G,,906.0,0,0,1,0,0,0
1380769,+,b1319,outer membrane porin G,,906.0,0,0,1,0,0,0
1381599,-,b1320,putative DNA-binding transcriptional regulator,,999.0,0,0,1,0,0,0
1381790,-,b1320,putative DNA-binding transcriptional regulator,,999.0,0,0,1,0,0,0
1381806,+,b1320,putative DNA-binding transcriptional regulator,,999.0,0,0,0,1,0,1
1382013,-,b1320,putative DNA-binding transcriptional regulator,28.0,999.0,1,0,0,0,0,0
1382094,+,b1321,conserved protein with nucleoside triphosphate hydrolase domain,47.0,1398.0,1,0,0,0,0,0
1382276,+,b1321,conserved protein with nucleoside triphosphate hydrolase domain,,1398.0,0,0,1,0,0,0
1382879,-,b1321,conserved protein with nucleoside triphosphate hydrolase domain,,1398.0,0,0,0,1,0,1
1382931,+,b1321,conserved protein with nucleoside triphosphate hydrolase domain,,1398.0,0,0,1,0,0,0
1384715,+,b1323,DNA-binding transcriptional dual regulator%2C tyrosine-binding,29.0,1542.0,1,0,0,0,0,0
1385504,-,b1323,DNA-binding transcriptional dual regulator%2C tyrosine-binding,,1542.0,0,0,0,1,0,1
1385806,-,b1323,DNA-binding transcriptional dual regulator%2C tyrosine-binding,,1542.0,0,0,0,1,0,1
1386342,+,b1324,lipid hydroperoxide peroxidase,,507.0,0,0,0,1,0,1
1386539,+,b1324,lipid hydroperoxide peroxidase,,507.0,0,0,0,1,0,1
1386645,+,b1324,lipid hydroperoxide peroxidase,,507.0,0,0,0,1,0,1
1386868,-,b1324,lipid hydroperoxide peroxidase,33.0,507.0,1,0,0,0,0,1
1388705,-,b1326,murein peptide amidase A,83.0,729.0,1,0,0,0,0,0
1388884,-,b1326,murein peptide amidase A,262.0,729.0,0,1,0,0,0,0
1389073,+,b1327,putative hydrolase,,921.0,0,0,0,1,0,1
1389203,+,b1327,putative hydrolase,,921.0,0,0,0,1,0,1
1389970,+,b1328,putative DNA-binding transcriptional regulator,45.0,900.0,1,0,0,0,0,1
1390305,-,b1328,putative DNA-binding transcriptional regulator,,900.0,0,0,0,1,0,1
1390311,-,b1328,putative DNA-binding transcriptional regulator,,900.0,0,0,0,1,0,1
1390417,+,b1328,putative DNA-binding transcriptional regulator,,900.0,0,0,1,0,0,0
1390556,-,b1328,putative DNA-binding transcriptional regulator,,900.0,0,0,0,1,0,1
1390565,-,b1328,putative DNA-binding transcriptional regulator,,900.0,0,0,0,1,0,1
1390868,-,b1328,putative DNA-binding transcriptional regulator,,900.0,0,0,0,1,0,1
1391014,-,b1328,putative DNA-binding transcriptional regulator,,900.0,0,0,0,1,0,1
1391116,+,b1329,murein tripeptide %28L-ala-gamma-D-glutamyl-meso-DAP%29 transporter subunit,135.0,1614.0,0,1,0,0,0,0
1391142,+,b1329,murein tripeptide %28L-ala-gamma-D-glutamyl-meso-DAP%29 transporter subunit,109.0,1614.0,0,1,0,0,0,0
1391220,+,b1329,murein tripeptide %28L-ala-gamma-D-glutamyl-meso-DAP%29 transporter subunit,31.0,1614.0,1,0,0,0,0,0
1391323,+,b1329,murein tripeptide %28L-ala-gamma-D-glutamyl-meso-DAP%29 transporter subunit,,1614.0,0,0,1,0,0,0
1391752,+,b1329,murein tripeptide %28L-ala-gamma-D-glutamyl-meso-DAP%29 transporter subunit,,1614.0,0,0,1,0,0,0
1392071,+,b1329,murein tripeptide %28L-ala-gamma-D-glutamyl-meso-DAP%29 transporter subunit,,1614.0,0,0,1,0,0,0
1392860,+,b1329,murein tripeptide %28L-ala-gamma-D-glutamyl-meso-DAP%29 transporter subunit,,1614.0,0,0,1,0,0,1
1392941,-,b1330,mechanosensitive channel protein%2C very small conductance,,1032.0,0,0,1,0,0,1
1393557,-,b1330,mechanosensitive channel protein%2C very small conductance,,1032.0,0,0,1,0,0,0
1393770,+,b1330,mechanosensitive channel protein%2C very small conductance,,1032.0,0,0,0,1,0,1
1393997,-,b1330,mechanosensitive channel protein%2C very small conductance,51.0,1032.0,1,0,0,0,0,0
1394073,+,b1331,IS5 transposase and trans-activator,27.0,1017.0,1,0,0,0,0,0
1394109,+,b1331,IS5 transposase and trans-activator,,1017.0,0,0,1,0,0,0
1395352,+,b1332,putative inner membrane protein%2C DUF2534 family,37.0,258.0,1,0,0,0,0,0
1396421,+,b1333,stress-induced protein,,951.0,0,0,0,1,0,1
1396683,-,b1333,stress-induced protein,37.0,951.0,1,0,0,0,0,0
1396816,+,b1334,DNA-binding transcriptional dual regulator%2C global regulator of anaerobic growth,,753.0,0,0,0,1,0,1
1397131,+,b1334,DNA-binding transcriptional dual regulator%2C global regulator of anaerobic growth,,753.0,0,0,0,1,0,1
1397327,+,b1334,DNA-binding transcriptional dual regulator%2C global regulator of anaerobic growth,,753.0,0,0,0,1,0,1
1397425,+,b1334,DNA-binding transcriptional dual regulator%2C global regulator of anaerobic growth,,753.0,0,0,0,1,0,1
1397538,+,b1334,DNA-binding transcriptional dual regulator%2C global regulator of anaerobic growth,,753.0,0,0,0,1,0,1
1397576,-,b1334,DNA-binding transcriptional dual regulator%2C global regulator of anaerobic growth,26.0,753.0,1,0,0,0,0,0
1397649,-,b1334,DNA-binding transcriptional dual regulator%2C global regulator of anaerobic growth,99.0,753.0,0,1,0,0,0,0
1397714,-,b1334,DNA-binding transcriptional dual regulator%2C global regulator of anaerobic growth,164.0,753.0,0,1,0,0,0,0
1398309,-,b1335,O-6-alkylguanine-DNA:cysteine-protein methyltransferase,49.0,516.0,1,0,0,0,0,0
1398660,-,b1336,p-aminobenzoyl-glutamate transporter%3B membrane protein,,1527.0,0,0,1,0,0,0
1399143,-,b1336,p-aminobenzoyl-glutamate transporter%3B membrane protein,,1527.0,0,0,1,0,0,0
1399181,+,b1336,p-aminobenzoyl-glutamate transporter%3B membrane protein,,1527.0,0,0,0,1,0,1
1399802,+,b1336,p-aminobenzoyl-glutamate transporter%3B membrane protein,,1527.0,0,0,0,1,0,1
1400608,+,b1337,p-aminobenzoyl-glutamate hydrolase%2C B subunit,,1446.0,0,0,0,1,0,1
1401225,+,b1337,p-aminobenzoyl-glutamate hydrolase%2C B subunit,,1446.0,0,0,0,1,0,1
1402725,+,b1339,putative DNA-binding transcriptional regulator of abgABT operon,40.0,909.0,1,0,0,0,0,0
1403590,+,b1339,putative DNA-binding transcriptional regulator of abgABT operon,,909.0,0,0,1,0,0,1
1403775,-,b4426,motility and biofilm regulator sRNA,0.0,96.0,1,0,0,0,0,0
1403784,-,b4426,motility and biofilm regulator sRNA,9.0,96.0,0,1,0,0,0,0
1403796,+,b1340,DNA endonuclease,207.0,564.0,0,1,0,0,0,1
1403834,-,b4426,motility and biofilm regulator sRNA,59.0,96.0,0,1,0,0,0,0
1403849,-,b4426,motility and biofilm regulator sRNA,74.0,96.0,0,1,0,0,0,0
1403978,+,b1340,DNA endonuclease,25.0,564.0,1,0,0,0,0,0
1403980,+,b1340,DNA endonuclease,23.0,564.0,0,1,0,0,0,0
1404221,+,b1340,DNA endonuclease,,564.0,0,0,1,0,0,0
1404935,+,b1341,diguanylate cyclase%2C csgD regulator,,1233.0,0,0,0,1,0,1
1405030,+,b1341,diguanylate cyclase%2C csgD regulator,,1233.0,0,0,0,1,0,1
1405114,-,b1341,diguanylate cyclase%2C csgD regulator,,1233.0,0,0,1,0,0,0
1405125,+,b1341,diguanylate cyclase%2C csgD regulator,,1233.0,0,0,0,1,0,1
1405334,+,b1341,diguanylate cyclase%2C csgD regulator,,1233.0,0,0,0,1,0,1
1405597,-,b1341,diguanylate cyclase%2C csgD regulator,,1233.0,0,0,1,0,0,0
1405618,+,b1341,diguanylate cyclase%2C csgD regulator,,1233.0,0,0,0,1,0,1
1405893,-,b1341,diguanylate cyclase%2C csgD regulator,74.0,1233.0,1,0,0,0,0,0
1405985,+,b1342,putative Zn%28II%29 transporter,89.0,984.0,1,0,0,0,0,0
1406214,-,b1342,putative Zn%28II%29 transporter,,984.0,0,0,0,1,0,1
1406889,+,b4699,FNR-activated anaerobic sRNA antisense regulator down regulates cydDC%2C metE%2C sodA%2C sodB%2C Hfq-dependent%3B mediates negative FNR regulation,264.0,122.0,0,1,0,0,0,0
1407068,+,b4699,FNR-activated anaerobic sRNA antisense regulator down regulates cydDC%2C metE%2C sodA%2C sodB%2C Hfq-dependent%3B mediates negative FNR regulation,85.0,122.0,0,1,0,0,0,0
1407153,+,b4699,FNR-activated anaerobic sRNA antisense regulator down regulates cydDC%2C metE%2C sodA%2C sodB%2C Hfq-dependent%3B mediates negative FNR regulation,0.0,122.0,1,0,0,0,0,0
1407480,-,b1343,ATP-dependent RNA helicase%2C specific for 23S rRNA,,1374.0,0,0,0,1,0,1
1407499,+,b1343,ATP-dependent RNA helicase%2C specific for 23S rRNA,36.0,1374.0,1,0,0,0,0,0
1408183,-,b1343,ATP-dependent RNA helicase%2C specific for 23S rRNA,,1374.0,0,0,0,1,0,1
1408507,+,b1343,ATP-dependent RNA helicase%2C specific for 23S rRNA,,1374.0,0,0,1,0,0,0
1409462,-,b1344,tRNA 2-thiocytidine biosynthesis protein,,936.0,0,0,1,0,0,0
1409567,-,b1344,tRNA 2-thiocytidine biosynthesis protein,,936.0,0,0,1,0,0,0
1409578,+,b1344,tRNA 2-thiocytidine biosynthesis protein,,936.0,0,0,0,1,0,1
1409687,-,b1344,tRNA 2-thiocytidine biosynthesis protein,,936.0,0,0,1,0,0,0
1410184,-,b1344,tRNA 2-thiocytidine biosynthesis protein,212.0,936.0,1,0,0,0,0,0
1410450,+,b1345,Rac prophage%3B integrase,,1236.0,0,0,0,1,0,1
1411286,+,b1345,Rac prophage%3B integrase,,1236.0,0,0,0,1,0,1
1411577,+,b1347,double-strand break reduction protein%2C Rac prophage,,210.0,0,0,0,1,0,1
1412040,+,b1348,Rac prophage%3B restriction alleviation protein,,195.0,0,0,0,1,0,1
1412202,-,b1348,Rac prophage%3B restriction alleviation protein,251.0,195.0,1,0,0,0,0,0
1412386,+,b1349,Rac prophage%3B recombination and repair protein,,810.0,0,0,0,1,0,1
1412586,-,b1349,Rac prophage%3B recombination and repair protein,,810.0,0,0,1,0,0,0
1413076,+,b1350,Rac prophage%3B exonuclease VIII%2C 5%27 -%3E 3%27 specific dsDNA exonuclease,,2601.0,0,0,0,1,0,1
1413422,+,b1350,Rac prophage%3B exonuclease VIII%2C 5%27 -%3E 3%27 specific dsDNA exonuclease,,2601.0,0,0,0,1,0,1
1414079,+,b1350,Rac prophage%3B exonuclease VIII%2C 5%27 -%3E 3%27 specific dsDNA exonuclease,,2601.0,0,0,0,1,0,1
1414376,+,b1350,Rac prophage%3B exonuclease VIII%2C 5%27 -%3E 3%27 specific dsDNA exonuclease,,2601.0,0,0,0,1,0,1
1414535,+,b1350,Rac prophage%3B exonuclease VIII%2C 5%27 -%3E 3%27 specific dsDNA exonuclease,,2601.0,0,0,0,1,0,1
1415269,+,b1350,Rac prophage%3B exonuclease VIII%2C 5%27 -%3E 3%27 specific dsDNA exonuclease,,2601.0,0,0,0,1,0,1
1415447,+,b1350,Rac prophage%3B exonuclease VIII%2C 5%27 -%3E 3%27 specific dsDNA exonuclease,,2601.0,0,0,0,1,0,1
1416526,-,b1352,Rac prophage%3B inhibitor of ftsZ%2C killing protein,273.0,222.0,1,0,0,0,0,0
1416670,+,b1353,Rac prophage%3B phage superinfection exclusion protein,25.0,489.0,1,0,0,0,0,0
1417540,+,b1355,Rac prophage%3B putative protein,,135.0,0,0,0,1,0,1
1417643,-,b1355,Rac prophage%3B putative protein,163.0,135.0,1,0,0,0,0,0
1418265,-,b1356,Rac prophage%3B predicted DNA-binding transcriptional regulator,0.0,477.0,1,0,0,0,0,0
1419938,-,b1359,Rac prophage%3B conserved protein,,858.0,0,0,0,1,0,1
1421757,-,b1362,pseudo,,444.0,0,0,0,1,0,1
1421767,+,b1363,Rac prophage%3B potassium transporter subunit,39.0,1458.0,1,0,0,0,0,0
1421795,+,b1363,Rac prophage%3B potassium transporter subunit,11.0,1458.0,0,1,0,0,0,0
1421959,+,b1363,Rac prophage%3B potassium transporter subunit,,1458.0,0,0,1,0,0,0
1423306,+,b1365,Rac prophage%3B conserved protein,95.0,264.0,1,0,0,0,0,0
1423414,-,b1365,Rac prophage%3B conserved protein,,264.0,0,0,0,1,0,1
1423433,+,b1366,pseudo,221.0,453.0,1,0,0,0,0,0
1423975,-,b1366,pseudo,,453.0,0,0,0,1,0,1
1424997,-,b1368,pseudo,,933.0,0,0,0,1,0,1
1425398,+,b4570,pseudo,15.0,210.0,1,0,0,0,0,0
1426760,+,b4570,pseudo,59.0,190.0,1,0,0,0,0,1
1426777,-,b1370,pseudo,27.0,981.0,0,1,0,0,0,1
1426781,-,b1370,pseudo,31.0,981.0,1,0,0,0,0,1
1428550,+,b1372,Rac prophage%3B predicted tail fiber protein,,3363.0,0,0,1,0,0,0
1428818,-,b1372,Rac prophage%3B predicted tail fiber protein,,3363.0,0,0,0,1,0,1
1428885,+,b1372,Rac prophage%3B predicted tail fiber protein,,3363.0,0,0,1,0,0,0
1429046,-,b1372,Rac prophage%3B predicted tail fiber protein,,3363.0,0,0,0,1,0,1
1429128,+,b1372,Rac prophage%3B predicted tail fiber protein,,3363.0,0,0,1,0,0,0
1429367,+,b1372,Rac prophage%3B predicted tail fiber protein,,3363.0,0,0,1,0,0,0
1430041,-,b1372,Rac prophage%3B predicted tail fiber protein,,3363.0,0,0,0,1,0,1
1431042,+,b1374,Rac prophage%3B predicted site-specific recombinase,,591.0,0,0,0,1,0,1
1431077,-,b1373,Rac prophage%3B predicted tail fiber assembly protein,,576.0,0,0,0,1,0,1
1431202,+,b1374,Rac prophage%3B predicted site-specific recombinase,,591.0,0,0,0,1,0,1
1431722,-,b1374,Rac prophage%3B predicted site-specific recombinase,24.0,591.0,1,0,0,0,0,0
1433121,-,b4638,pseudo,89.0,51.0,1,0,0,0,0,0
1433304,-,b4638,pseudo,272.0,51.0,0,1,0,0,0,0
1433665,-,b1376,stress-induced protein%2C ATP-binding protein,22.0,435.0,1,0,0,0,0,0
1433715,-,b1376,stress-induced protein%2C ATP-binding protein,72.0,435.0,0,1,0,0,0,0
1433921,-,b1376,stress-induced protein%2C ATP-binding protein,278.0,435.0,0,1,0,0,0,0
1435145,+,b4427,sRNA antisense regulator of OmpC translation%2C Hfq-dependent,0.0,109.0,1,0,0,0,0,0
1436319,-,b1378,fused predicted pyruvate-flavodoxin oxidoreductase: conserved protein%2Fconserved protein%2FFeS binding protein,,3525.0,0,0,1,0,0,0
1436447,-,b1378,fused predicted pyruvate-flavodoxin oxidoreductase: conserved protein%2Fconserved protein%2FFeS binding protein,,3525.0,0,0,1,0,0,0
1437028,-,b1378,fused predicted pyruvate-flavodoxin oxidoreductase: conserved protein%2Fconserved protein%2FFeS binding protein,,3525.0,0,0,1,0,0,0
1438102,-,b1378,fused predicted pyruvate-flavodoxin oxidoreductase: conserved protein%2Fconserved protein%2FFeS binding protein,,3525.0,0,0,1,0,0,0
1438126,+,b1378,fused predicted pyruvate-flavodoxin oxidoreductase: conserved protein%2Fconserved protein%2FFeS binding protein,,3525.0,0,0,0,1,0,1
1438166,+,b1378,fused predicted pyruvate-flavodoxin oxidoreductase: conserved protein%2Fconserved protein%2FFeS binding protein,,3525.0,0,0,0,1,0,1
1438710,-,b1378,fused predicted pyruvate-flavodoxin oxidoreductase: conserved protein%2Fconserved protein%2FFeS binding protein,,3525.0,0,0,1,0,0,0
1438869,-,b1378,fused predicted pyruvate-flavodoxin oxidoreductase: conserved protein%2Fconserved protein%2FFeS binding protein,61.0,3525.0,1,0,0,0,0,0
1438931,-,b1378,fused predicted pyruvate-flavodoxin oxidoreductase: conserved protein%2Fconserved protein%2FFeS binding protein,123.0,3525.0,0,1,0,0,0,0
1439045,+,b4529,putative lipoprotein%2C DUF333 family,37.0,267.0,0,1,0,0,0,0
1439047,+,b4529,putative lipoprotein%2C DUF333 family,35.0,267.0,1,0,0,0,0,0
1439355,+,b1379,heat-inducible lipoprotein involved in novobiocin resistance,,423.0,0,0,0,1,0,1
1439801,-,b1379,heat-inducible lipoprotein involved in novobiocin resistance,34.0,423.0,1,0,0,0,0,0
1440861,+,b1381,hypothetical protein,214.0,2640.0,0,1,0,0,0,1
1440987,+,b1381,hypothetical protein,88.0,2640.0,0,1,0,0,0,0
1441032,+,b1381,hypothetical protein,43.0,2640.0,1,0,0,0,0,0
1441534,-,b1381,hypothetical protein,,2640.0,0,0,0,1,0,1
1441778,+,b1381,hypothetical protein,,2640.0,0,0,1,0,0,0
1442509,+,b1381,hypothetical protein,,2640.0,0,0,1,0,0,0
1443758,+,b1383,hypothetical protein,146.0,327.0,1,0,0,0,0,0
1444003,-,b1383,hypothetical protein,,327.0,0,0,0,1,0,1
1444358,+,b1384,DNA-binding transcriptional activator for tynA and feaB,,906.0,0,0,0,1,0,1
1445250,+,b1385,phenylacetaldehyde dehydrogenase,293.0,1500.0,0,1,0,0,0,1
1445367,+,b1385,phenylacetaldehyde dehydrogenase,176.0,1500.0,1,0,0,0,0,1
1445373,-,b1384,DNA-binding transcriptional activator for tynA and feaB,66.0,906.0,1,0,0,0,0,0
1445622,+,b1385,phenylacetaldehyde dehydrogenase,,1500.0,0,0,1,0,0,0
1446619,+,b1385,phenylacetaldehyde dehydrogenase,,1500.0,0,0,1,0,0,0
1446703,+,b1385,phenylacetaldehyde dehydrogenase,,1500.0,0,0,1,0,0,0
1447675,+,b1386,tyramine oxidase%2C copper-requiring,,2274.0,0,0,0,1,0,1
1447690,-,b1386,tyramine oxidase%2C copper-requiring,,2274.0,0,0,1,0,0,0
1449950,-,b1387,fused oxepin-CoA hydrolase%2F3-oxo-5%2C6-dehydrosuberyl-CoA semialdehyde dehydrogenase,,2046.0,0,0,1,0,0,0
1452909,+,b1390,ring 1%2C2-phenylacetyl-CoA epoxidase subunit,279.0,747.0,1,0,0,0,0,0
1452960,-,b1388,ring 1%2C2-phenylacetyl-CoA epoxidase subunit,,930.0,0,0,0,1,0,1
1453921,-,b1390,ring 1%2C2-phenylacetyl-CoA epoxidase subunit,,747.0,0,0,0,1,0,1
1454058,-,b1391,ring 1%2C2-phenylacetyl-CoA epoxidase subunit,,498.0,0,0,0,1,0,1
1455745,-,b1393,2%2C3-dehydroadipyl-CoA hydratase,,768.0,0,0,0,1,0,1
1459430,+,b1397,3-oxoadipyl-CoA%2F3-oxo-5%2C6-dehydrosuberyl-CoA thiolase,,1206.0,0,0,1,0,0,0
1460142,-,b1397,3-oxoadipyl-CoA%2F3-oxo-5%2C6-dehydrosuberyl-CoA thiolase,,1206.0,0,0,0,1,0,1
1460158,+,b1398,phenylacetyl-CoA ligase,,1314.0,0,0,1,0,0,0
1461300,+,b1399,DNA-binding transcriptional repressor of phenylacetic acid degradation paa operon%2C phenylacetyl-CoA inducer,263.0,951.0,0,1,0,0,0,0
1461409,+,b1399,DNA-binding transcriptional repressor of phenylacetic acid degradation paa operon%2C phenylacetyl-CoA inducer,154.0,951.0,0,1,0,0,0,0
1461530,+,b1399,DNA-binding transcriptional repressor of phenylacetic acid degradation paa operon%2C phenylacetyl-CoA inducer,33.0,951.0,0,1,0,0,0,0
1461534,+,b1399,DNA-binding transcriptional repressor of phenylacetic acid degradation paa operon%2C phenylacetyl-CoA inducer,29.0,951.0,1,0,0,0,0,0
1461536,-,b1398,phenylacetyl-CoA ligase,,1314.0,0,0,0,1,0,1
1461863,+,b1399,DNA-binding transcriptional repressor of phenylacetic acid degradation paa operon%2C phenylacetyl-CoA inducer,,951.0,0,0,1,0,0,0
1463781,-,b4492,pseudo,,2513.0,0,0,0,1,0,1
1464072,-,b4492,pseudo,,2513.0,0,0,0,1,0,1
1465320,-,b4492,pseudo,,2513.0,0,0,0,1,0,1
1465512,-,b4492,pseudo,,2513.0,0,0,0,1,0,1
1465893,+,b4492,pseudo,,2513.0,0,0,1,0,0,1
1466061,+,b1402,IS2 transposase TnpB,,906.0,0,0,0,1,0,1
1466703,-,b1402,IS2 transposase TnpB,,906.0,0,0,1,0,0,0
1466715,+,b1402,IS2 transposase TnpB,,906.0,0,0,0,1,0,1
1466889,-,b1402,IS2 transposase TnpB,39.0,906.0,1,0,0,0,0,0
1467201,-,b1403,IS2 repressor TnpA,28.0,366.0,1,0,0,0,0,1
1467367,+,b1404,IS30 transposase,15.0,1152.0,1,0,0,0,0,0
1467661,-,b1404,IS30 transposase,,1152.0,0,0,0,1,0,1
1467925,-,b1404,IS30 transposase,,1152.0,0,0,0,1,0,1
1468214,-,b1404,IS30 transposase,,1152.0,0,0,0,1,0,1
1468408,-,b1404,IS30 transposase,,1152.0,0,0,0,1,0,1
1468429,+,b4492,pseudo,112.0,3497.0,1,0,0,0,0,0
1468549,+,b4492,pseudo,,3497.0,0,0,1,0,0,0
1468557,+,b4492,pseudo,,3497.0,0,0,1,0,0,0
1468785,-,b4492,pseudo,,3497.0,0,0,0,1,0,1
1468803,+,b4492,pseudo,,3497.0,0,0,1,0,0,0
1469341,+,b4492,pseudo,,3497.0,0,0,1,0,0,0
1469346,+,b4492,pseudo,,3497.0,0,0,1,0,0,0
1469370,-,b4492,pseudo,,3497.0,0,0,0,1,0,1
1469944,-,b4492,pseudo,,3497.0,0,0,0,1,0,1
1470050,+,b4492,pseudo,,3497.0,0,0,1,0,0,0
1470364,+,b4492,pseudo,,3497.0,0,0,1,0,0,0
1471264,-,b4492,pseudo,,3497.0,0,0,0,1,0,1
1471283,+,b4492,pseudo,,3497.0,0,0,1,0,0,0
1471402,+,b4492,pseudo,,3497.0,0,0,1,0,0,0
1472030,-,b4492,pseudo,,3497.0,0,0,0,1,0,1
1472213,+,b1406,putative oxidoreductase%2C NAD%28P%29-binding,32.0,861.0,1,0,0,0,0,0
1472636,+,b1406,putative oxidoreductase%2C NAD%28P%29-binding,,861.0,0,0,1,0,0,0
1472785,+,b1406,putative oxidoreductase%2C NAD%28P%29-binding,,861.0,0,0,1,0,0,0
1473052,+,b1407,putative PF10971 family periplasmic methylglyoxal resistance protein,116.0,2307.0,1,0,0,0,0,0
1473513,+,b1407,putative PF10971 family periplasmic methylglyoxal resistance protein,,2307.0,0,0,1,0,0,0
1474457,-,b1407,putative PF10971 family periplasmic methylglyoxal resistance protein,,2307.0,0,0,0,1,0,1
1474543,-,b1407,putative PF10971 family periplasmic methylglyoxal resistance protein,,2307.0,0,0,0,1,0,1
1474607,+,b1407,putative PF10971 family periplasmic methylglyoxal resistance protein,,2307.0,0,0,1,0,0,0
1475109,-,b1407,putative PF10971 family periplasmic methylglyoxal resistance protein,,2307.0,0,0,0,1,0,1
1476014,+,b1409,putative CDP-diglyceride synthase,236.0,897.0,1,0,0,0,0,0
1477605,+,b1410,putative hydrolase,,1758.0,0,0,1,0,0,0
1477768,+,b1410,putative hydrolase,,1758.0,0,0,1,0,0,0
1478474,+,b1410,putative hydrolase,,1758.0,0,0,1,0,0,0
1478793,+,b1411,putative phosphatase inner membrane protein,140.0,1293.0,0,1,0,0,0,0
1478891,+,b1411,putative phosphatase inner membrane protein,42.0,1293.0,1,0,0,0,0,0
1479645,+,b1411,putative phosphatase inner membrane protein,,1293.0,0,0,1,0,0,0
1480338,-,b1412,NADH-azoreductase%2C FMN-dependent,,606.0,0,0,1,0,0,0
1480569,+,b1412,NADH-azoreductase%2C FMN-dependent,,606.0,0,0,0,1,0,1
1480853,+,b1413,putative ATP-dependent helicase,232.0,3903.0,0,1,0,0,0,1
1481026,-,b1412,NADH-azoreductase%2C FMN-dependent,142.0,606.0,1,0,0,0,0,1
1481038,+,b1413,putative ATP-dependent helicase,47.0,3903.0,1,0,0,0,0,0
1481303,-,b1413,putative ATP-dependent helicase,,3903.0,0,0,0,1,0,1
1481312,+,b1413,putative ATP-dependent helicase,,3903.0,0,0,1,0,0,0
1481602,-,b1413,putative ATP-dependent helicase,,3903.0,0,0,0,1,0,1
1481766,+,b1413,putative ATP-dependent helicase,,3903.0,0,0,1,0,0,0
1482828,-,b1413,putative ATP-dependent helicase,,3903.0,0,0,0,1,0,1
1483827,-,b1413,putative ATP-dependent helicase,,3903.0,0,0,0,1,0,1
1485192,+,b1414,conserved SAM-binding protein%2C DUF218 family,67.0,801.0,1,0,0,0,0,0
1485209,-,b1414,conserved SAM-binding protein%2C DUF218 family,,801.0,0,0,0,1,0,1
1485459,-,b1414,conserved SAM-binding protein%2C DUF218 family,,801.0,0,0,0,1,0,1
1485848,+,b1414,conserved SAM-binding protein%2C DUF218 family,,801.0,0,0,1,0,0,0
1485945,-,b1414,conserved SAM-binding protein%2C DUF218 family,,801.0,0,0,0,1,0,1
1486215,+,b1415,aldehyde dehydrogenase A%2C NAD-linked,41.0,1440.0,1,0,0,0,0,0
1486228,-,b1415,aldehyde dehydrogenase A%2C NAD-linked,,1440.0,0,0,0,1,0,1
1486751,+,b1415,aldehyde dehydrogenase A%2C NAD-linked,,1440.0,0,0,1,0,0,0
1487883,-,b4493,pseudo,,1001.0,0,0,1,0,0,0
1488579,-,b4493,pseudo,,1001.0,0,0,1,0,0,0
1488777,-,b4493,pseudo,40.0,1001.0,1,0,0,0,0,0
1488823,-,b4493,pseudo,86.0,1001.0,0,1,0,0,0,0
1488923,+,b1418,cytochrome b561,3.0,531.0,1,0,0,0,0,0
1489010,+,b1418,cytochrome b561,,531.0,0,0,1,0,0,0
1489298,+,b1418,cytochrome b561,,531.0,0,0,1,0,0,0
1489529,-,b4597,sRNA antisense regulator of yejABEF%2C Hfq-dependent%3B over-expression causes a thermosensitive growth phenotype on minimal glycerol%2C maltose%2C or ribose media,,64.0,0,0,1,0,0,1
1489625,-,b4597,sRNA antisense regulator of yejABEF%2C Hfq-dependent%3B over-expression causes a thermosensitive growth phenotype on minimal glycerol%2C maltose%2C or ribose media,95.0,64.0,1,0,0,0,0,1
1489728,+,b1419,hypothetical protein,,174.0,0,0,1,0,0,0
1490039,-,b4428,toxic polypeptide%2C small,,150.0,0,0,1,0,0,0
1490054,+,b4429,sRNA antisense regulator blocking mokB%2C and hence hokB%2C translation,89.0,56.0,0,1,0,0,0,1
1490069,+,b4429,sRNA antisense regulator blocking mokB%2C and hence hokB%2C translation,74.0,56.0,0,1,0,0,0,1
1490143,+,b4429,sRNA antisense regulator blocking mokB%2C and hence hokB%2C translation,0.0,56.0,1,0,0,0,0,1
1490327,-,b1420,regulatory peptide,174.0,168.0,1,0,0,0,0,0
1490367,-,b1420,regulatory peptide,214.0,168.0,0,1,0,0,0,0
1490398,+,b1421,methyl-accepting chemotaxis protein III%2C ribose and galactose sensor receptor,96.0,1641.0,0,1,0,0,0,0
1490461,+,b1421,methyl-accepting chemotaxis protein III%2C ribose and galactose sensor receptor,33.0,1641.0,1,0,0,0,0,0
1491043,+,b1421,methyl-accepting chemotaxis protein III%2C ribose and galactose sensor receptor,,1641.0,0,0,1,0,0,0
1491143,-,b1421,methyl-accepting chemotaxis protein III%2C ribose and galactose sensor receptor,,1641.0,0,0,0,1,0,1
1491156,+,b1421,methyl-accepting chemotaxis protein III%2C ribose and galactose sensor receptor,,1641.0,0,0,1,0,0,0
1492109,-,b1421,methyl-accepting chemotaxis protein III%2C ribose and galactose sensor receptor,,1641.0,0,0,0,1,0,1
1492761,+,b1422,putative DNA-binding transcriptional regulator,,924.0,0,0,0,1,0,1
1493095,-,b1422,putative DNA-binding transcriptional regulator,0.0,924.0,1,0,0,0,0,0
1493140,-,b1422,putative DNA-binding transcriptional regulator,45.0,924.0,0,1,0,0,0,0
1493184,-,b1422,putative DNA-binding transcriptional regulator,89.0,924.0,0,1,0,0,0,0
1493219,+,b1423,putative metalloenzyme,93.0,1344.0,0,1,0,0,0,0
1493289,+,b1423,putative metalloenzyme,23.0,1344.0,1,0,0,0,0,0
1493413,+,b1423,putative metalloenzyme,,1344.0,0,0,1,0,0,0
1494081,-,b1423,putative metalloenzyme,,1344.0,0,0,0,1,0,1
1494239,+,b1423,putative metalloenzyme,,1344.0,0,0,1,0,0,0
1494786,+,b1424,osmoregulated periplasmic glucan %28OPG%29 biosynthesis periplasmic protein,94.0,1656.0,1,0,0,0,0,0
1495017,-,b1424,osmoregulated periplasmic glucan %28OPG%29 biosynthesis periplasmic protein,,1656.0,0,0,0,1,0,1
1495133,+,b1424,osmoregulated periplasmic glucan %28OPG%29 biosynthesis periplasmic protein,,1656.0,0,0,1,0,0,0
1495605,-,b1424,osmoregulated periplasmic glucan %28OPG%29 biosynthesis periplasmic protein,,1656.0,0,0,0,1,0,1
1495767,+,b1424,osmoregulated periplasmic glucan %28OPG%29 biosynthesis periplasmic protein,,1656.0,0,0,1,0,0,0
1495856,+,b1424,osmoregulated periplasmic glucan %28OPG%29 biosynthesis periplasmic protein,,1656.0,0,0,1,0,0,0
1496359,+,b1424,osmoregulated periplasmic glucan %28OPG%29 biosynthesis periplasmic protein,,1656.0,0,0,1,0,0,0
1496553,+,b1426,DUF465 family protein%2C function unknown,122.0,225.0,0,1,0,0,0,0
1496631,+,b1426,DUF465 family protein%2C function unknown,44.0,225.0,1,0,0,0,0,0
1496774,+,b1427,ribosomal-protein-L7%2FL12-serine acetyltransferase,188.0,540.0,0,1,0,0,0,0
1496853,+,b1427,ribosomal-protein-L7%2FL12-serine acetyltransferase,109.0,540.0,1,0,0,0,0,0
1496855,+,b1427,ribosomal-protein-L7%2FL12-serine acetyltransferase,107.0,540.0,0,1,0,0,0,0
1496982,+,b1427,ribosomal-protein-L7%2FL12-serine acetyltransferase,,540.0,0,0,1,0,0,0
1497174,+,b1427,ribosomal-protein-L7%2FL12-serine acetyltransferase,,540.0,0,0,1,0,0,0
1497724,-,b1428,putative enzyme,,981.0,0,0,1,0,0,0
1497923,-,b1428,putative enzyme,,981.0,0,0,1,0,0,0
1498495,-,b1428,putative enzyme,22.0,981.0,1,0,0,0,0,0
1498507,+,b1429,potassium-tellurite ethidium and proflavin transporter,90.0,993.0,1,0,0,0,0,1
1498799,+,b1429,potassium-tellurite ethidium and proflavin transporter,,993.0,0,0,1,0,0,0
1498992,-,b1429,potassium-tellurite ethidium and proflavin transporter,,993.0,0,0,0,1,0,1
1500070,+,b1430,tellurite%2C selenium methyltransferase%2C SAM-dependent%3B tellurite%2C selenium resistance protein,,594.0,0,0,1,0,0,0
1500236,+,b1431,lipoprotein,245.0,669.0,0,1,0,0,0,0
1500370,+,b1431,lipoprotein,111.0,669.0,0,1,0,0,0,0
1500453,+,b1431,lipoprotein,28.0,669.0,1,0,0,0,0,0
1500454,-,b1431,lipoprotein,,669.0,0,0,0,1,0,1
1501325,+,b4578,pseudo,,432.0,0,0,0,1,0,1
1501681,+,b1432,IS609 transposase B,60.0,1149.0,1,0,0,0,0,1
1501808,+,b1432,IS609 transposase B,,1149.0,0,0,1,0,0,0
1502460,-,b1432,IS609 transposase B,,1149.0,0,0,0,1,0,1
1502904,+,b1433,inner membrane protein%2C predicted transporter%2C function unknown,,1176.0,0,0,0,1,0,1
1503357,-,b1433,inner membrane protein%2C predicted transporter%2C function unknown,,1176.0,0,0,1,0,0,0
1503511,+,b1433,inner membrane protein%2C predicted transporter%2C function unknown,,1176.0,0,0,0,1,0,1
1503718,+,b1433,inner membrane protein%2C predicted transporter%2C function unknown,,1176.0,0,0,0,1,0,1
1503923,+,b1434,putative DNA-binding transcriptional regulator,273.0,537.0,0,1,0,0,0,1
1504127,-,b1433,inner membrane protein%2C predicted transporter%2C function unknown,23.0,1176.0,1,0,0,0,0,1
1504178,+,b1434,putative DNA-binding transcriptional regulator,18.0,537.0,1,0,0,0,0,1
1504294,-,b1433,inner membrane protein%2C predicted transporter%2C function unknown,190.0,1176.0,0,1,0,0,0,1
1504534,+,b1435,putative peptidase,271.0,1962.0,0,1,0,0,0,0
1504612,+,b1435,putative peptidase,193.0,1962.0,0,1,0,0,0,0
1504781,+,b1435,putative peptidase,24.0,1962.0,1,0,0,0,0,0
1505345,+,b1435,putative peptidase,,1962.0,0,0,1,0,0,0
1506420,-,b1435,putative peptidase,,1962.0,0,0,0,1,0,1
1506636,+,b1435,putative peptidase,,1962.0,0,0,1,0,0,0
1507059,-,b1436,hypothetical protein,,231.0,0,0,1,0,0,0
1507153,+,b4532,mRNA interferase toxin of the HicAB toxin-antitoxin system,157.0,177.0,0,1,0,0,0,1
1507299,+,b4532,mRNA interferase toxin of the HicAB toxin-antitoxin system,11.0,177.0,1,0,0,0,0,0
1507739,+,b1439,fused predicted DNA-binding transcriptional regulator%2Fpredicted amino transferase,288.0,1407.0,1,0,0,0,0,0
1507999,+,b1439,fused predicted DNA-binding transcriptional regulator%2Fpredicted amino transferase,28.0,1407.0,0,1,0,0,0,0
1508002,+,b1439,fused predicted DNA-binding transcriptional regulator%2Fpredicted amino transferase,25.0,1407.0,0,1,0,0,0,0
1508185,-,b1439,fused predicted DNA-binding transcriptional regulator%2Fpredicted amino transferase,,1407.0,0,0,0,1,0,1
1509281,-,b1439,fused predicted DNA-binding transcriptional regulator%2Fpredicted amino transferase,,1407.0,0,0,0,1,0,1
1509521,+,b1440,polyhydroxybutyrate %28PHB%29 synthase%2C ABC transporter periplasmic binding protein homolog,157.0,1146.0,0,1,0,0,0,0
1509620,+,b1440,polyhydroxybutyrate %28PHB%29 synthase%2C ABC transporter periplasmic binding protein homolog,58.0,1146.0,1,0,0,0,0,0
1510242,+,b1440,polyhydroxybutyrate %28PHB%29 synthase%2C ABC transporter periplasmic binding protein homolog,,1146.0,0,0,1,0,0,0
1511934,+,b1442,putative spermidine%2Fputrescine transporter subunit,,942.0,0,0,1,0,0,0
1512035,+,b1442,putative spermidine%2Fputrescine transporter subunit,,942.0,0,0,1,0,0,0
1512250,+,b1442,putative spermidine%2Fputrescine transporter subunit,,942.0,0,0,1,0,0,0
1514316,-,b1444,gamma-aminobutyraldehyde dehydrogenase,,1425.0,0,0,0,1,0,1
1514983,+,b1444,gamma-aminobutyraldehyde dehydrogenase,,1425.0,0,0,1,0,0,0
1515021,-,b1444,gamma-aminobutyraldehyde dehydrogenase,,1425.0,0,0,0,1,0,1
1515240,-,b4598,hypothetical protein,22.0,96.0,1,0,0,0,0,0
1515271,-,b4598,hypothetical protein,53.0,96.0,0,1,0,0,0,0
1515287,+,b1445,conserved protein%2C DUF2566 family,126.0,174.0,1,0,0,0,0,1
1515384,+,b1445,conserved protein%2C DUF2566 family,29.0,174.0,0,1,0,0,0,0
1515618,-,b1445,conserved protein%2C DUF2566 family,,174.0,0,0,0,1,0,1
1515960,+,b1447,inner membrane protein%2C DUF606 family,,450.0,0,0,0,1,0,1
1516897,-,b1448,methionine N-acyltransferase%3B L-amino acid N-acyltransferase,27.0,519.0,1,0,0,0,0,0
1517023,+,b1449,curcumin%2Fdihydrocurcumin reductase%2C NADPH-dependent,28.0,1038.0,1,0,0,0,0,0
1517354,-,b1449,curcumin%2Fdihydrocurcumin reductase%2C NADPH-dependent,,1038.0,0,0,0,1,0,1
1517890,-,b1449,curcumin%2Fdihydrocurcumin reductase%2C NADPH-dependent,,1038.0,0,0,0,1,0,1
1518067,+,b1450,colanic acid and biofilm gene transcriptional regulator%2C MqsR-controlled,219.0,666.0,0,1,0,0,0,0
1518158,+,b1450,colanic acid and biofilm gene transcriptional regulator%2C MqsR-controlled,128.0,666.0,1,0,0,0,0,0
1518294,+,b1450,colanic acid and biofilm gene transcriptional regulator%2C MqsR-controlled,,666.0,0,0,1,0,0,0
1518897,-,b1450,colanic acid and biofilm gene transcriptional regulator%2C MqsR-controlled,,666.0,0,0,0,1,0,1
1519234,+,b1451,putative iron outer membrane transporter,,2103.0,0,0,0,1,0,1
1519258,-,b1451,putative iron outer membrane transporter,,2103.0,0,0,1,0,0,0
1519502,-,b1451,putative iron outer membrane transporter,,2103.0,0,0,1,0,0,0
1520314,-,b1451,putative iron outer membrane transporter,,2103.0,0,0,1,0,0,0
1521118,-,b1451,putative iron outer membrane transporter,29.0,2103.0,1,0,0,0,0,0
1521181,-,b1451,putative iron outer membrane transporter,92.0,2103.0,0,1,0,0,0,0
1521197,+,b1452,ATP-binding protein%2C periplasmic%2C function unknown,134.0,1062.0,0,1,0,0,0,0
1521251,+,b1452,ATP-binding protein%2C periplasmic%2C function unknown,80.0,1062.0,1,0,0,0,0,0
1522618,-,b1453,L-asparagine transporter,,1500.0,0,0,1,0,0,0
1523262,-,b1453,L-asparagine transporter,,1500.0,0,0,1,0,0,0
1524008,+,b1454,glutathione S-transferase homolog,263.0,618.0,0,1,0,0,0,1
1524118,-,b1453,L-asparagine transporter,114.0,1500.0,1,0,0,0,0,0
1524249,+,b1454,glutathione S-transferase homolog,22.0,618.0,1,0,0,0,0,0
1524763,+,b1455,hypothetical protein,201.0,213.0,1,0,0,0,0,0
1527412,+,b1456,pseudo,,2037.0,0,0,1,0,0,0
1527461,-,b1456,pseudo,,2037.0,0,0,0,1,0,1
1527557,+,b1456,pseudo,,2037.0,0,0,1,0,0,0
1527630,+,b1456,pseudo,,2037.0,0,0,1,0,0,0
1527795,-,b1456,pseudo,,2037.0,0,0,0,1,0,1
1527895,-,b1456,pseudo,,2037.0,0,0,0,1,0,1
1527915,+,b1457,hypothetical protein,31.0,483.0,1,0,0,0,0,0
1528452,-,b1457,hypothetical protein,,483.0,0,0,0,1,0,1
1528575,+,b1459,pseudo,35.0,1054.0,1,0,0,0,0,0
1531172,+,b1461,4-oxalocrotonate tautomerase,,234.0,0,0,1,0,0,0
1531283,-,b1461,4-oxalocrotonate tautomerase,,234.0,0,0,0,1,0,1
1531366,-,b1462,hypothetical protein,,570.0,0,0,1,0,0,1
1531854,+,b1463,N-hydroxyarylamine O-acetyltransferase,194.0,846.0,1,0,0,0,0,1
1531928,-,b1462,hypothetical protein,53.0,570.0,1,0,0,0,0,0
1532233,+,b1463,N-hydroxyarylamine O-acetyltransferase,,846.0,0,0,1,0,0,0
1532763,-,b1463,N-hydroxyarylamine O-acetyltransferase,,846.0,0,0,0,1,0,1
1533082,-,b1464,conserved predicted enzyme%2C PhzC-PhzF family,,894.0,0,0,1,0,0,0
1533611,-,b1464,conserved predicted enzyme%2C PhzC-PhzF family,,894.0,0,0,1,0,0,0
1533902,-,b1464,conserved predicted enzyme%2C PhzC-PhzF family,20.0,894.0,1,0,0,0,0,0
1534477,-,b1465,nitrate reductase 2 %28NRZ%29%2C gamma subunit,,681.0,0,0,1,0,0,0
1534480,+,b1465,nitrate reductase 2 %28NRZ%29%2C gamma subunit,,681.0,0,0,0,1,0,1
1535902,+,b1467,nitrate reductase 2 %28NRZ%29%2C beta subunit,,1545.0,0,0,0,1,0,1
1537120,+,b1468,nitrate reductase 2 %28NRZ%29%2C alpha subunit,,3741.0,0,0,0,1,0,1
1538926,-,b1468,nitrate reductase 2 %28NRZ%29%2C alpha subunit,,3741.0,0,0,1,0,0,0
1539682,+,b1468,nitrate reductase 2 %28NRZ%29%2C alpha subunit,,3741.0,0,0,0,1,0,1
1540441,+,b1468,nitrate reductase 2 %28NRZ%29%2C alpha subunit,,3741.0,0,0,0,1,0,1
1540596,-,b1468,nitrate reductase 2 %28NRZ%29%2C alpha subunit,,3741.0,0,0,1,0,0,0
1541564,+,b1469,nitrate%2Fnitrite transporter,,1389.0,0,0,0,1,0,1
1541788,-,b1469,nitrate%2Fnitrite transporter,,1389.0,0,0,1,0,0,0
1542187,-,b1469,nitrate%2Fnitrite transporter,103.0,1389.0,1,0,0,0,0,0
1543619,+,b1471,pseudo,,1331.0,0,0,0,1,0,1
1543730,+,b1471,pseudo,,1331.0,0,0,0,1,0,1
1545120,-,b1473,aromatic amino acid exporter,,882.0,0,0,1,0,0,0
1545230,-,b1473,aromatic amino acid exporter,37.0,882.0,1,0,0,0,0,0
1545380,+,b1474,formate dehydrogenase-N%2C alpha subunit%2C nitrate-inducible,45.0,3048.0,1,0,0,0,0,0
1545922,+,b1474,formate dehydrogenase-N%2C alpha subunit%2C nitrate-inducible,,3048.0,0,0,1,0,0,0
1548969,+,b1475,formate dehydrogenase-N%2C Fe-S %28beta%29 subunit%2C nitrate-inducible,,885.0,0,0,1,0,0,0
1549582,+,b1476,formate dehydrogenase-N%2C cytochrome B556 %28gamma%29 subunit%2C nitrate-inducible,,654.0,0,0,1,0,0,0
1549852,+,b1476,formate dehydrogenase-N%2C cytochrome B556 %28gamma%29 subunit%2C nitrate-inducible,,654.0,0,0,1,0,0,0
1550760,+,b1477,putative DNA-binding transcriptional regulator,,285.0,0,0,0,1,0,1
1550959,-,b1477,putative DNA-binding transcriptional regulator,253.0,285.0,1,0,0,0,0,0
1552322,-,b1479,malate dehydrogenase%2C %28decarboxylating%2C NAD-requiring%29 %28malic enzyme%29,,1698.0,0,0,1,0,0,0
1552529,-,b1479,malate dehydrogenase%2C %28decarboxylating%2C NAD-requiring%29 %28malic enzyme%29,,1698.0,0,0,1,0,0,0
1553393,+,b1479,malate dehydrogenase%2C %28decarboxylating%2C NAD-requiring%29 %28malic enzyme%29,,1698.0,0,0,0,1,0,1
1553763,-,b1479,malate dehydrogenase%2C %28decarboxylating%2C NAD-requiring%29 %28malic enzyme%29,70.0,1698.0,1,0,0,0,0,0
1554071,-,b1480,stationary-phase-induced ribosome-associated protein,84.0,138.0,1,0,0,0,0,0
1554085,-,b1480,stationary-phase-induced ribosome-associated protein,98.0,138.0,0,1,0,0,0,0
1554112,-,b1480,stationary-phase-induced ribosome-associated protein,125.0,138.0,0,1,0,0,0,0
1554363,-,b1481,biofilm-dependent modulation protein,59.0,216.0,1,0,0,0,0,0
1554497,+,b1482,lipoyl-dependent Cys-based peroxidase%2C hydroperoxide resistance%3B salt-shock inducible membrane protein%3B peroxiredoxin,152.0,432.0,0,1,0,0,0,0
1554516,+,b1482,lipoyl-dependent Cys-based peroxidase%2C hydroperoxide resistance%3B salt-shock inducible membrane protein%3B peroxiredoxin,133.0,432.0,0,1,0,0,0,0
1554621,+,b1482,lipoyl-dependent Cys-based peroxidase%2C hydroperoxide resistance%3B salt-shock inducible membrane protein%3B peroxiredoxin,28.0,432.0,0,1,0,0,0,0
1554624,+,b1482,lipoyl-dependent Cys-based peroxidase%2C hydroperoxide resistance%3B salt-shock inducible membrane protein%3B peroxiredoxin,25.0,432.0,1,0,0,0,0,0
1555008,+,b1482,lipoyl-dependent Cys-based peroxidase%2C hydroperoxide resistance%3B salt-shock inducible membrane protein%3B peroxiredoxin,,432.0,0,0,1,0,0,0
1556670,-,b1484,D%2CD-dipeptide permease system%2C ATP-binding component,,987.0,0,0,1,0,0,0
1557199,+,b1485,D-ala-D-ala transporter subunit,,897.0,0,0,0,1,0,1
1557599,-,b1485,D-ala-D-ala transporter subunit,,897.0,0,0,1,0,0,0
1558958,-,b1486,D-ala-D-ala transporter subunit,5.0,1023.0,1,0,0,0,0,0
1560068,+,b1487,D-ala-D-a la transporter subunit,,1551.0,0,0,0,1,0,1
1560175,-,b1487,D-ala-D-a la transporter subunit,,1551.0,0,0,1,0,0,0
1561220,-,b1488,D-ala-D-ala dipeptidase%2C Zn-dependent,120.0,582.0,1,0,0,0,0,0
1561522,+,b1489,oxygen sensor%2C c-di-GMP phosphodiesterase%2C heme-regulated%3B cold- and stationary phase-induced bioflim regulator,,2400.0,0,0,0,1,0,1
1562216,+,b1489,oxygen sensor%2C c-di-GMP phosphodiesterase%2C heme-regulated%3B cold- and stationary phase-induced bioflim regulator,,2400.0,0,0,0,1,0,1
1562302,-,b1489,oxygen sensor%2C c-di-GMP phosphodiesterase%2C heme-regulated%3B cold- and stationary phase-induced bioflim regulator,,2400.0,0,0,1,0,0,0
1563292,+,b1489,oxygen sensor%2C c-di-GMP phosphodiesterase%2C heme-regulated%3B cold- and stationary phase-induced bioflim regulator,,2400.0,0,0,0,1,0,1
1564019,-,b1489,oxygen sensor%2C c-di-GMP phosphodiesterase%2C heme-regulated%3B cold- and stationary phase-induced bioflim regulator,262.0,2400.0,1,0,0,0,0,0
1564042,+,b1490,diguanylate cyclase%2C cold- and stationary phase-induced oxygen-dependent biofilm regulator,,1383.0,0,0,0,1,0,1
1565318,-,b1490,diguanylate cyclase%2C cold- and stationary phase-induced oxygen-dependent biofilm regulator,154.0,1383.0,1,0,0,0,0,0
1566112,+,b1491,liprotein%2C glycosyl hydrolase homolog,,1320.0,0,0,0,1,0,1
1566874,-,b1491,liprotein%2C glycosyl hydrolase homolog,27.0,1320.0,1,0,0,0,0,0
1566935,-,b1491,liprotein%2C glycosyl hydrolase homolog,88.0,1320.0,0,1,0,0,0,0
1567016,+,b1492,glutamate:gamma-aminobutyric acid antiporter,,1536.0,0,0,0,1,0,1
1567118,-,b1491,liprotein%2C glycosyl hydrolase homolog,271.0,1320.0,0,1,0,0,0,0
1568523,+,b1492,glutamate:gamma-aminobutyric acid antiporter,,1536.0,0,0,0,1,0,1
1569099,+,b1493,glutamate decarboxylase B%2C PLP-dependent,,1401.0,0,0,0,1,0,1
1569420,-,b1493,glutamate decarboxylase B%2C PLP-dependent,,1401.0,0,0,1,0,0,0
1570097,-,b1493,glutamate decarboxylase B%2C PLP-dependent,28.0,1401.0,1,0,0,0,0,0
1570594,+,b1494,putative peptidase,,2796.0,0,0,0,1,0,1
1570833,-,b1494,putative peptidase,,2796.0,0,0,1,0,0,0
1570968,-,b1494,putative peptidase,,2796.0,0,0,1,0,0,0
1571712,-,b1494,putative peptidase,,2796.0,0,0,1,0,0,0
1572378,+,b1494,putative peptidase,,2796.0,0,0,0,1,0,1
1572566,+,b1494,putative peptidase,,2796.0,0,0,0,1,0,1
1573792,+,b1495,putative porin protein,,2373.0,0,0,0,1,0,1
1574619,+,b1495,putative porin protein,,2373.0,0,0,0,1,0,1
1574750,+,b1495,putative porin protein,,2373.0,0,0,0,1,0,1
1575756,+,b1496,fused predicted multidrug transporter subunits of ABC superfamily: membrane component%2FATP-binding component,,1686.0,0,0,0,1,0,1
1577372,-,b1496,fused predicted multidrug transporter subunits of ABC superfamily: membrane component%2FATP-binding component,6.0,1686.0,1,0,0,0,0,0
1577447,+,b1496,fused predicted multidrug transporter subunits of ABC superfamily: membrane component%2FATP-binding component,,1686.0,0,0,0,1,0,1
1577758,-,b1497,hypothetical protein,,1158.0,0,0,1,0,0,0
1578689,+,b1497,hypothetical protein,,1158.0,0,0,0,1,0,1
1578695,+,b1497,hypothetical protein,,1158.0,0,0,0,1,0,1
1578997,-,b1497,hypothetical protein,183.0,1158.0,1,0,0,0,0,0
1579430,+,b1498,hypothetical protein,,1683.0,0,0,0,1,0,1
1580379,+,b1498,hypothetical protein,,1683.0,0,0,0,1,0,1
1580389,-,b1498,hypothetical protein,,1683.0,0,0,1,0,0,0
1582423,-,b1501,putative oxidoreductase,,2280.0,0,0,1,0,0,0
1582455,-,b1501,putative oxidoreductase,,2280.0,0,0,1,0,0,0
1583126,+,b1501,putative oxidoreductase,,2280.0,0,0,0,1,0,1
1583397,+,b1501,putative oxidoreductase,,2280.0,0,0,0,1,0,1
1584688,-,b1501,putative oxidoreductase,178.0,2280.0,1,0,0,0,0,0
1585112,+,b1502,putative fimbrial-like adhesin protein,,915.0,0,0,0,1,0,1
1585372,+,b1502,putative fimbrial-like adhesin protein,,915.0,0,0,0,1,0,1
1585398,-,b1502,putative fimbrial-like adhesin protein,,915.0,0,0,1,0,0,0
1586122,+,b1503,putative fimbrial-like adhesin protein,,504.0,0,0,0,1,0,1
1586435,+,b1504,putative fimbrial-like adhesin protein,,531.0,0,0,0,1,0,1
1586845,-,b1504,putative fimbrial-like adhesin protein,,531.0,0,0,1,0,0,0
1586864,+,b1504,putative fimbrial-like adhesin protein,,531.0,0,0,0,1,0,1
1587285,+,b1505,pseudo,,1227.0,0,0,0,1,0,1
1588175,-,b1505,pseudo,72.0,1227.0,1,0,0,0,0,0
1590325,+,b1508,antitoxin of HipAB toxin-antitoxin system,,267.0,0,0,0,1,0,1
1590388,-,b1507,EF-Tu kinase%3B serine protein kinase required for persister formation%3B toxin of HipAB TA pair,188.0,1323.0,1,0,0,0,0,0
1590504,-,b1508,antitoxin of HipAB toxin-antitoxin system,38.0,267.0,1,0,0,0,0,0
1590877,-,b4696,pseudo,,5323.0,0,0,1,0,0,0
1590887,+,b4696,pseudo,,5323.0,0,0,0,1,0,1
1591586,+,b4696,pseudo,,5323.0,0,0,0,1,0,1
1592525,+,b4696,pseudo,,5323.0,0,0,0,1,0,1
1592595,-,b4696,pseudo,,5323.0,0,0,1,0,0,0
1592696,-,b4696,pseudo,,5323.0,0,0,1,0,0,0
1593554,-,b4696,pseudo,,5323.0,0,0,1,0,0,0
1593636,+,b4696,pseudo,,5323.0,0,0,0,1,0,1
1596721,+,b1511,autoinducer-2 %28AI-2%29 kinase,,1593.0,0,0,0,1,0,1
1596753,+,b1511,autoinducer-2 %28AI-2%29 kinase,,1593.0,0,0,0,1,0,1
1597924,-,b1511,autoinducer-2 %28AI-2%29 kinase,,1593.0,0,0,1,0,0,0
1598192,-,b1511,autoinducer-2 %28AI-2%29 kinase,,1593.0,0,0,1,0,0,0
1599310,+,b1513,autoinducer 2 import ATP-binding protein,204.0,1536.0,0,1,0,0,0,1
1599384,-,b1512,lsr operon transcriptional repressor,119.0,954.0,1,0,0,0,0,0
1599413,+,b1513,autoinducer 2 import ATP-binding protein,101.0,1536.0,1,0,0,0,0,0
1600992,-,b1513,autoinducer 2 import ATP-binding protein,,1536.0,0,0,0,1,0,1
1601961,+,b1515,autoinducer 2 import system permease protein,110.0,993.0,1,0,0,0,0,0
1602118,-,b1514,autoinducer 2 import system permease protein,,1029.0,0,0,0,1,0,1
1602389,-,b1515,autoinducer 2 import system permease protein,,993.0,0,0,0,1,0,1
1602776,+,b1516,autoinducer 2-binding protein,299.0,1023.0,1,0,0,0,0,0
1603188,-,b1516,autoinducer 2-binding protein,,1023.0,0,0,0,1,0,1
1603499,+,b1516,autoinducer 2-binding protein,,1023.0,0,0,1,0,0,0
1604138,-,b1516,autoinducer 2-binding protein,,1023.0,0,0,0,1,0,1
1604383,+,b1517,putative autoinducer-2 %28AI-2%29 aldolase,,876.0,0,0,1,0,0,0
1605064,-,b1517,putative autoinducer-2 %28AI-2%29 aldolase,,876.0,0,0,0,1,0,1
1605320,-,b1518,autoinducer-2 %28AI-2%29 degrading protein LsrG,,291.0,0,0,0,1,0,1
1605347,+,b1519,trans-aconitate methyltransferase,23.0,759.0,1,0,0,0,0,0
1605411,+,b1519,trans-aconitate methyltransferase,,759.0,0,0,1,0,0,0
1605864,-,b1519,trans-aconitate methyltransferase,,759.0,0,0,0,1,0,1
1606501,-,b1520,putative inner membrane protein%2C bestrophin family,,915.0,0,0,1,0,0,0
1606820,-,b1520,putative inner membrane protein%2C bestrophin family,,915.0,0,0,1,0,0,0
1606996,+,b1520,putative inner membrane protein%2C bestrophin family,,915.0,0,0,0,1,0,1
1607070,-,b1520,putative inner membrane protein%2C bestrophin family,24.0,915.0,0,1,0,0,0,0
1607122,-,b1520,putative inner membrane protein%2C bestrophin family,76.0,915.0,1,0,0,0,0,0
1607130,-,b1520,putative inner membrane protein%2C bestrophin family,84.0,915.0,0,1,0,0,0,0
1608748,-,b1521,altronate oxidoreductase%2C NAD-dependent,44.0,1452.0,1,0,0,0,0,0
1608995,-,b1521,altronate oxidoreductase%2C NAD-dependent,291.0,1452.0,0,1,0,0,0,0
1609511,+,b1522,putative membrane-bound diguanylate cyclase,,948.0,0,0,0,1,0,1
1609885,-,b1522,putative membrane-bound diguanylate cyclase,7.0,948.0,0,1,0,0,0,0
1609908,-,b1522,putative membrane-bound diguanylate cyclase,30.0,948.0,1,0,0,0,0,0
1609932,+,b1522,putative membrane-bound diguanylate cyclase,,948.0,0,0,0,1,0,1
1610604,-,b1523,hypothetical protein,255.0,360.0,1,0,0,0,0,0
1611305,-,b1524,glutaminase 2,30.0,927.0,1,0,0,0,0,0
1611357,-,b1524,glutaminase 2,82.0,927.0,0,1,0,0,0,0
1611359,-,b1524,glutaminase 2,84.0,927.0,0,1,0,0,0,0
1611894,-,b1525,succinate semialdehyde dehydrogenase%2C NAD%28P%29%2B-dependent,,1389.0,0,0,1,0,0,0
1611950,+,b1525,succinate semialdehyde dehydrogenase%2C NAD%28P%29%2B-dependent,,1389.0,0,0,0,1,0,1
1612590,+,b1526,putative DNA-binding transcriptional regulator,238.0,882.0,1,0,0,0,0,1
1612804,+,b1526,putative DNA-binding transcriptional regulator,24.0,882.0,0,1,0,0,0,1
1612869,-,b1525,succinate semialdehyde dehydrogenase%2C NAD%28P%29%2B-dependent,142.0,1389.0,1,0,0,0,0,1
1613747,+,b1527,hypothetical protein,40.0,1116.0,1,0,0,0,0,0
1614749,+,b1527,hypothetical protein,,1116.0,0,0,1,0,0,0
1614975,-,b1527,hypothetical protein,,1116.0,0,0,0,1,0,1
1615019,+,b1528,arabinose efflux transporter%2C arabinose-inducible,33.0,1191.0,1,0,0,0,0,0
1615838,+,b1528,arabinose efflux transporter%2C arabinose-inducible,,1191.0,0,0,1,0,0,0
1615861,+,b1528,arabinose efflux transporter%2C arabinose-inducible,,1191.0,0,0,1,0,0,0
1616296,-,b1529,inner membrane protein%2C UPF0056 family,,666.0,0,0,1,0,0,1
1616414,-,b1529,inner membrane protein%2C UPF0056 family,,666.0,0,0,1,0,0,0
1616691,-,b1529,inner membrane protein%2C UPF0056 family,,666.0,0,0,1,0,0,0
1616938,+,b1530,DNA-binding transcriptional repressor of multiple antibiotic resistance,206.0,435.0,0,1,0,0,0,1
1616964,-,b1529,inner membrane protein%2C UPF0056 family,32.0,666.0,1,0,0,0,0,0
1617117,+,b1530,DNA-binding transcriptional repressor of multiple antibiotic resistance,27.0,435.0,1,0,0,0,0,0
1617544,-,b1530,DNA-binding transcriptional repressor of multiple antibiotic resistance,,435.0,0,0,0,1,0,1
1618201,-,b1532,hypothetical protein,,219.0,0,0,0,1,0,1
1618223,+,b1532,hypothetical protein,,219.0,0,0,1,0,0,1
1618849,-,b1533,cysteine and O-acetyl-L-serine efflux system,,900.0,0,0,1,0,0,0
1619007,+,b1533,cysteine and O-acetyl-L-serine efflux system,,900.0,0,0,0,1,0,1
1619008,-,b1533,cysteine and O-acetyl-L-serine efflux system,,900.0,0,0,1,0,0,0
1619191,-,b1533,cysteine and O-acetyl-L-serine efflux system,30.0,900.0,1,0,0,0,0,0
1619314,+,b1534,putative transporter,42.0,1188.0,1,0,0,0,0,0
1619575,-,b1534,putative transporter,,1188.0,0,0,0,1,0,1
1619619,-,b1534,putative transporter,,1188.0,0,0,0,1,0,1
1619823,+,b1534,putative transporter,,1188.0,0,0,1,0,0,0
1620938,-,b4698,sRNA antisense regulator down regulates YgdQ and EptB%2C PhoPQ-regulated%2C Hfq-dependent%3B affects sensitivity to antimicrobial peptides,0.0,98.0,1,0,0,0,0,0
1620942,-,b4698,sRNA antisense regulator down regulates YgdQ and EptB%2C PhoPQ-regulated%2C Hfq-dependent%3B affects sensitivity to antimicrobial peptides,4.0,98.0,0,1,0,0,0,0
1620949,-,b4698,sRNA antisense regulator down regulates YgdQ and EptB%2C PhoPQ-regulated%2C Hfq-dependent%3B affects sensitivity to antimicrobial peptides,11.0,98.0,0,1,0,0,0,0
1621358,-,b1535,diguanylate cyclase%2C required for pgaD induction,,891.0,0,0,1,0,0,0
1621901,-,b1535,diguanylate cyclase%2C required for pgaD induction,27.0,891.0,1,0,0,0,0,0
1622854,+,b1537,hypothetical protein,,519.0,0,0,1,0,0,0
1623022,+,b1537,hypothetical protein,,519.0,0,0,1,0,0,0
1623389,-,b1538,dipeptidyl carboxypeptidase II,,2046.0,0,0,1,0,0,1
1623482,-,b1538,dipeptidyl carboxypeptidase II,,2046.0,0,0,1,0,0,0
1623643,-,b1538,dipeptidyl carboxypeptidase II,,2046.0,0,0,1,0,0,0
1624319,-,b1538,dipeptidyl carboxypeptidase II,,2046.0,0,0,1,0,0,0
1624336,+,b1538,dipeptidyl carboxypeptidase II,,2046.0,0,0,0,1,0,1
1625243,+,b1539,malonic semialdehyde reductase%2C NADPH-dependent%3B L-allo-threonine dehydrogenase%2C NAD%28P%29-dependent%3B also oxidizes L-serine%2C D-serine%2C D-threonine and 3-hydroxyisobutyrate,298.0,747.0,0,1,0,0,0,1
1625426,-,b1538,dipeptidyl carboxypeptidase II,22.0,2046.0,1,0,0,0,0,0
1625428,-,b1538,dipeptidyl carboxypeptidase II,24.0,2046.0,0,1,0,0,0,0
1625451,+,b1539,malonic semialdehyde reductase%2C NADPH-dependent%3B L-allo-threonine dehydrogenase%2C NAD%28P%29-dependent%3B also oxidizes L-serine%2C D-serine%2C D-threonine and 3-hydroxyisobutyrate,90.0,747.0,1,0,0,0,0,1
1625688,+,b1539,malonic semialdehyde reductase%2C NADPH-dependent%3B L-allo-threonine dehydrogenase%2C NAD%28P%29-dependent%3B also oxidizes L-serine%2C D-serine%2C D-threonine and 3-hydroxyisobutyrate,,747.0,0,0,1,0,0,0
1625769,+,b1539,malonic semialdehyde reductase%2C NADPH-dependent%3B L-allo-threonine dehydrogenase%2C NAD%28P%29-dependent%3B also oxidizes L-serine%2C D-serine%2C D-threonine and 3-hydroxyisobutyrate,,747.0,0,0,1,0,0,0
1625790,+,b1539,malonic semialdehyde reductase%2C NADPH-dependent%3B L-allo-threonine dehydrogenase%2C NAD%28P%29-dependent%3B also oxidizes L-serine%2C D-serine%2C D-threonine and 3-hydroxyisobutyrate,,747.0,0,0,1,0,0,0
1625913,+,b1539,malonic semialdehyde reductase%2C NADPH-dependent%3B L-allo-threonine dehydrogenase%2C NAD%28P%29-dependent%3B also oxidizes L-serine%2C D-serine%2C D-threonine and 3-hydroxyisobutyrate,,747.0,0,0,1,0,0,0
1626231,+,b1540,putative DNA-binding transcriptional regulator,145.0,687.0,0,1,0,0,0,0
1626350,+,b1540,putative DNA-binding transcriptional regulator,26.0,687.0,1,0,0,0,0,0
1626421,-,b1540,putative DNA-binding transcriptional regulator,,687.0,0,0,0,1,0,1
1627192,+,b1541,selenoprotein%2C function unknown,47.0,204.0,1,0,0,0,0,0
1627302,+,b1541,selenoprotein%2C function unknown,,204.0,0,0,1,0,0,0
1627572,-,b1542,putative D-mannonate oxidoreductase%2C NAD-dependent,,1461.0,0,0,1,0,0,0
1628015,-,b1542,putative D-mannonate oxidoreductase%2C NAD-dependent,,1461.0,0,0,1,0,0,0
1628706,-,b1542,putative D-mannonate oxidoreductase%2C NAD-dependent,,1461.0,0,0,1,0,0,0
1629146,-,b1542,putative D-mannonate oxidoreductase%2C NAD-dependent,209.0,1461.0,1,0,0,0,0,0
1629454,-,b4600,pseudo,,1284.0,0,0,1,0,0,0
1631622,+,b1545,Qin prophage%3B predicted site-specific recombinase,24.0,591.0,1,0,0,0,0,0
1632142,-,b1545,Qin prophage%3B predicted site-specific recombinase,,591.0,0,0,0,1,0,1
1632267,+,b1546,Qin prophage%3B predicted tail fiber assembly protein,,576.0,0,0,0,1,0,1
1632302,-,b1545,Qin prophage%3B predicted site-specific recombinase,,591.0,0,0,0,1,0,1
1633167,+,b1547,Qin prophage%3B predicted side tail fiber assembly protein,,963.0,0,0,0,1,0,1
1633917,-,b1547,Qin prophage%3B predicted side tail fiber assembly protein,46.0,963.0,1,0,0,0,0,0
1634243,-,b1548,pseudo,,528.0,0,0,1,0,0,0
1635046,+,b1549,Qin prophage%3B putative protein,25.0,411.0,1,0,0,0,0,0
1635079,-,b4533,hypothetical protein%2C Qin prophage,,234.0,0,0,0,1,0,1
1635870,-,b1550,Qin prophage%3B multicopy suppressor of secG%28Cs%29 and fabA6%28Ts%29,64.0,174.0,1,0,0,0,0,0
1636043,-,b1550,Qin prophage%3B multicopy suppressor of secG%28Cs%29 and fabA6%28Ts%29,237.0,174.0,0,1,0,0,0,0
1636106,+,b1551,Qin prophage%3B cold shock-induced protein,,156.0,0,0,0,1,0,1
1636322,-,b1551,Qin prophage%3B cold shock-induced protein,189.0,156.0,1,0,0,0,0,0
1636836,-,b1552,Qin prophage%3B cold shock protein,145.0,213.0,1,0,0,0,0,0
1638332,-,b1554,Qin prophage%3B predicted lysozyme,251.0,534.0,1,0,0,0,0,0
1639607,-,b1557,Qin prophage%3B cold shock protein,29.0,216.0,0,1,0,0,0,0
1639739,-,b1557,Qin prophage%3B cold shock protein,161.0,216.0,1,0,0,0,0,0
1639837,-,b1557,Qin prophage%3B cold shock protein,259.0,216.0,0,1,0,0,0,1
1639855,-,b1557,Qin prophage%3B cold shock protein,277.0,216.0,0,1,0,0,0,1
1639856,+,b1558,Qin prophage%3B cold shock protein,23.0,213.0,1,0,0,0,0,0
1640596,-,b1559,Qin prophage%3B predicted antitermination protein Q,,753.0,0,0,1,0,0,0
1640706,-,b1559,Qin prophage%3B predicted antitermination protein Q,,753.0,0,0,1,0,0,0
1640889,-,b1559,Qin prophage%3B predicted antitermination protein Q,,753.0,0,0,1,0,0,0
1640906,+,b1559,Qin prophage%3B predicted antitermination protein Q,,753.0,0,0,0,1,0,1
1640914,+,b1559,Qin prophage%3B predicted antitermination protein Q,,753.0,0,0,0,1,0,1
1642070,+,b1560,Qin prophage%3B putative protein,,1050.0,0,0,0,1,0,1
1642890,-,b1561,Qin prophage%3B putative protein,,252.0,0,0,1,0,0,0
1642997,-,b1561,Qin prophage%3B putative protein,71.0,252.0,1,0,0,0,0,0
1643071,-,b1561,Qin prophage%3B putative protein,145.0,252.0,0,1,0,0,0,0
1644097,-,b1564,Qin prophage%3B bifunctional antitoxin of the RelE-RelB toxin-antitoxin system%2F transcriptional repressor,201.0,240.0,1,0,0,0,0,1
1644264,-,b1565,Qin prophage%3B putative protein,,306.0,0,0,0,1,0,1
1644332,-,b1566,Qin prophage%3B putative protein,,333.0,0,0,0,1,0,1
1644409,+,b1566,Qin prophage%3B putative protein,20.0,333.0,1,0,0,0,0,0
1645401,+,b1567,pseudo,,183.0,0,0,0,1,0,1
1645706,-,b1568,pseudo,46.0,279.0,1,0,0,0,0,0
1645949,-,b1569,Qin prophage%3B DNA-binding transcriptional regulator for DicB,75.0,231.0,1,0,0,0,0,1
1645962,-,b1569,Qin prophage%3B DNA-binding transcriptional regulator for DicB,88.0,231.0,0,1,0,0,0,1
1646352,-,b1570,Qin prophage%3B predicted regulator for DicB,,408.0,0,0,0,1,0,1
1646462,+,b1571,Qin prophage%3B putative protein,70.0,156.0,1,0,0,0,0,0
1646767,-,b1571,Qin prophage%3B putative protein,,156.0,0,0,0,1,0,1
1646991,-,b1573,conserved protein%2C Qin prophage,,219.0,0,0,0,1,0,1
1647136,+,b1574,sRNA antisense regulator%2C inhibits ftsZ%2C Hfq-dependent%3B Qin prophage,270.0,53.0,0,1,0,0,0,0
1647154,-,b1573,conserved protein%2C Qin prophage,,219.0,0,0,0,1,0,1
1647275,+,b1574,sRNA antisense regulator%2C inhibits ftsZ%2C Hfq-dependent%3B Qin prophage,131.0,53.0,1,0,0,0,0,0
1647478,+,b1575,Qin prophage%3B cell division inhibition protein,155.0,189.0,1,0,0,0,0,0
1648783,+,b1578,pseudo,86.0,693.0,1,0,0,0,0,0
1649445,-,b1578,pseudo,,693.0,0,0,0,1,0,1
1649677,-,b1579,pseudo,,1158.0,0,0,0,1,0,1
1649886,-,b1579,pseudo,,1158.0,0,0,0,1,0,1
1649903,+,b1579,pseudo,,1158.0,0,0,1,0,0,0
1650064,-,b1579,pseudo,,1158.0,0,0,0,1,0,1
1650139,+,b1579,pseudo,,1158.0,0,0,1,0,0,0
1650328,-,b1579,pseudo,,1158.0,0,0,0,1,0,1
1650870,+,b4600,pseudo,,84.0,0,0,0,1,0,1
1650928,+,b4600,pseudo,,84.0,0,0,0,1,0,1
1651046,+,b1580,putative oxidoreductase%2C Zn-dependent and NAD%28P%29-binding,,1020.0,0,0,0,1,0,1
1651369,-,b1580,putative oxidoreductase%2C Zn-dependent and NAD%28P%29-binding,,1020.0,0,0,1,0,0,0
1651938,+,b1580,putative oxidoreductase%2C Zn-dependent and NAD%28P%29-binding,,1020.0,0,0,0,1,0,1
1651953,+,b1580,putative oxidoreductase%2C Zn-dependent and NAD%28P%29-binding,,1020.0,0,0,0,1,0,1
1652064,+,b1581,bifunctional D-altronate%2FD-mannonate dehydratase,,1215.0,0,0,0,1,0,1
1653358,-,b1581,bifunctional D-altronate%2FD-mannonate dehydratase,193.0,1215.0,1,0,0,0,0,0
1653692,+,b1583,hypothetical protein,140.0,342.0,0,1,0,0,0,1
1653733,+,b1583,hypothetical protein,99.0,342.0,0,1,0,0,0,1
1653749,+,b1583,hypothetical protein,83.0,342.0,1,0,0,0,0,1
1654240,+,b1584,spermidine N1-acetyltransferase,,561.0,0,0,1,0,0,0
1654361,+,b1584,spermidine N1-acetyltransferase,,561.0,0,0,1,0,0,0
1654479,+,b1584,spermidine N1-acetyltransferase,,561.0,0,0,1,0,0,0
1654769,-,b1584,spermidine N1-acetyltransferase,,561.0,0,0,0,1,0,1
1654908,-,b1585,lipoprotein%2C UPF0257 family,,711.0,0,0,1,0,0,0
1654937,+,b1585,lipoprotein%2C UPF0257 family,,711.0,0,0,0,1,0,1
1655121,-,b1585,lipoprotein%2C UPF0257 family,,711.0,0,0,1,0,0,0
1655507,-,b1585,lipoprotein%2C UPF0257 family,26.0,711.0,1,0,0,0,0,1
1655563,+,b1586,hypothetical protein,26.0,306.0,1,0,0,0,0,1
1655731,-,b1585,lipoprotein%2C UPF0257 family,250.0,711.0,0,1,0,0,0,1
1655892,-,b1586,hypothetical protein,,306.0,0,0,0,1,0,1
1656027,+,b1587,putative selenate reductase%2C periplasmic,66.0,2427.0,1,0,0,0,0,0
1656568,+,b1587,putative selenate reductase%2C periplasmic,,2427.0,0,0,1,0,0,0
1657262,-,b1587,putative selenate reductase%2C periplasmic,,2427.0,0,0,0,1,0,1
1657331,-,b1587,putative selenate reductase%2C periplasmic,,2427.0,0,0,0,1,0,1
1657356,+,b1587,putative selenate reductase%2C periplasmic,,2427.0,0,0,1,0,0,0
1658506,-,b1587,putative selenate reductase%2C periplasmic,,2427.0,0,0,0,1,0,1
1659545,-,b1588,S- and N-oxide reductase%2C A subunit%2C periplasmic,,2424.0,0,0,0,1,0,1
1659874,+,b1588,S- and N-oxide reductase%2C A subunit%2C periplasmic,,2424.0,0,0,1,0,0,0
1659924,+,b1588,S- and N-oxide reductase%2C A subunit%2C periplasmic,,2424.0,0,0,1,0,0,0
1659973,-,b1588,S- and N-oxide reductase%2C A subunit%2C periplasmic,,2424.0,0,0,0,1,0,1
1660502,-,b1588,S- and N-oxide reductase%2C A subunit%2C periplasmic,,2424.0,0,0,0,1,0,1
1660783,-,b1588,S- and N-oxide reductase%2C A subunit%2C periplasmic,,2424.0,0,0,0,1,0,1
1660826,-,b1588,S- and N-oxide reductase%2C A subunit%2C periplasmic,,2424.0,0,0,0,1,0,1
1661083,-,b1588,S- and N-oxide reductase%2C A subunit%2C periplasmic,,2424.0,0,0,0,1,0,1
1661369,+,b1590,oxidoreductase%2C membrane subunit,264.0,855.0,1,0,0,0,0,0
1661964,+,b1590,oxidoreductase%2C membrane subunit,,855.0,0,0,1,0,0,0
1662279,-,b1590,oxidoreductase%2C membrane subunit,,855.0,0,0,0,1,0,1
1662331,+,b1591,twin-argninine leader-binding protein for DmsA and TorA,199.0,615.0,1,0,0,0,0,0
1663148,-,b1591,twin-argninine leader-binding protein for DmsA and TorA,,615.0,0,0,0,1,0,1
1663154,+,b1592,H%28%2B%29%2FCl%28-%29 exchange transporter,185.0,1257.0,1,0,0,0,0,0
1663881,+,b1592,H%28%2B%29%2FCl%28-%29 exchange transporter,,1257.0,0,0,1,0,0,0
1663968,+,b1592,H%28%2B%29%2FCl%28-%29 exchange transporter,,1257.0,0,0,1,0,0,0
1664456,-,b1592,H%28%2B%29%2FCl%28-%29 exchange transporter,,1257.0,0,0,0,1,0,1
1664913,-,b1593,putative dethiobiotin synthetase,,696.0,0,0,1,0,0,0
1665032,+,b1593,putative dethiobiotin synthetase,,696.0,0,0,0,1,0,1
1665273,+,b1593,putative dethiobiotin synthetase,,696.0,0,0,0,1,0,1
1665294,-,b1593,putative dethiobiotin synthetase,51.0,696.0,1,0,0,0,0,0
1665414,+,b1594,global DNA-binding transcriptional repressor%3B autorepressor%3B required for anaerobic growth on glucosamine,,1221.0,0,0,0,1,0,1
1666090,-,b1594,global DNA-binding transcriptional repressor%3B autorepressor%3B required for anaerobic growth on glucosamine,,1221.0,0,0,1,0,0,0
1666107,+,b1594,global DNA-binding transcriptional repressor%3B autorepressor%3B required for anaerobic growth on glucosamine,,1221.0,0,0,0,1,0,1
1666125,-,b1594,global DNA-binding transcriptional repressor%3B autorepressor%3B required for anaerobic growth on glucosamine,,1221.0,0,0,1,0,0,0
1666197,-,b1594,global DNA-binding transcriptional repressor%3B autorepressor%3B required for anaerobic growth on glucosamine,,1221.0,0,0,1,0,0,0
1667577,-,b1595,putative DNA-binding transcriptional regulator,,894.0,0,0,1,0,0,0
1667640,-,b1595,putative DNA-binding transcriptional regulator,24.0,894.0,1,0,0,0,0,1
1667686,+,b1596,putative arabinose efflux transporter,37.0,1254.0,1,0,0,0,0,1
1668571,+,b1596,putative arabinose efflux transporter,,1254.0,0,0,1,0,0,0
1668842,+,b1596,putative arabinose efflux transporter,,1254.0,0,0,1,0,0,0
1668891,+,b1596,putative arabinose efflux transporter,,1254.0,0,0,1,0,0,0
1669197,+,b1597,acid shock-inducible periplasmic protein,203.0,309.0,1,0,0,0,0,0
1669351,+,b1597,acid shock-inducible periplasmic protein,49.0,309.0,0,1,0,0,0,0
1669891,-,b4601,hypothetical protein,,84.0,0,0,0,1,0,1
1669940,+,b1598,putative peptidase,44.0,822.0,1,0,0,0,0,0
1670382,-,b1598,putative peptidase,,822.0,0,0,0,1,0,1
1671802,-,b1600,multidrug efflux system transporter,277.0,366.0,1,0,0,0,0,0
1671914,+,b1601,pheromone AI-2 transporter,23.0,1035.0,1,0,0,0,0,0
1672083,+,b1601,pheromone AI-2 transporter,,1035.0,0,0,1,0,0,0
1672349,-,b1601,pheromone AI-2 transporter,,1035.0,0,0,0,1,0,1
1672793,+,b1601,pheromone AI-2 transporter,,1035.0,0,0,1,0,0,0
1673364,-,b1602,pyridine nucleotide transhydrogenase%2C beta subunit,,1389.0,0,0,1,0,0,0
1676038,-,b1603,pyridine nucleotide transhydrogenase%2C alpha subunit,111.0,1533.0,1,0,0,0,0,0
1676050,-,b1603,pyridine nucleotide transhydrogenase%2C alpha subunit,123.0,1533.0,0,1,0,0,0,0
1676257,+,b1604,hypothetical protein,194.0,945.0,0,1,0,0,0,0
1676394,+,b1604,hypothetical protein,57.0,945.0,1,0,0,0,0,0
1676853,-,b1604,hypothetical protein,,945.0,0,0,0,1,0,1
1677333,+,b1605,putative arginine%2Fornithine antiporter transporter,248.0,1383.0,0,1,0,0,0,0
1677504,+,b1605,putative arginine%2Fornithine antiporter transporter,77.0,1383.0,1,0,0,0,0,0
1678773,-,b1605,putative arginine%2Fornithine antiporter transporter,,1383.0,0,0,0,1,0,1
1678785,+,b1606,dihydromonapterin reductase%2C NADPH-dependent%3B dihydrofolate reductase isozyme,215.0,723.0,1,0,0,0,0,0
1678868,-,b1605,putative arginine%2Fornithine antiporter transporter,,1383.0,0,0,0,1,0,1
1678893,+,b1606,dihydromonapterin reductase%2C NADPH-dependent%3B dihydrofolate reductase isozyme,107.0,723.0,0,1,0,0,0,0
1679398,-,b1606,dihydromonapterin reductase%2C NADPH-dependent%3B dihydrofolate reductase isozyme,,723.0,0,0,0,1,0,1
1679411,+,b1606,dihydromonapterin reductase%2C NADPH-dependent%3B dihydrofolate reductase isozyme,,723.0,0,0,1,0,0,0
1679752,+,b1607,inner membrane protein%2C GlpM family,,336.0,0,0,0,1,0,1
1680084,-,b1607,inner membrane protein%2C GlpM family,30.0,336.0,1,0,0,0,0,1
1680120,-,b1607,inner membrane protein%2C GlpM family,66.0,336.0,0,1,0,0,0,1
1680155,+,b1608,multicopy supressor of yjeE%2C yeaZ or ygjD deletion lethality%2C predicted response regulator of two-component regulatory system with sensor protein RstB,28.0,720.0,0,1,0,0,0,0
1680160,+,b1608,multicopy supressor of yjeE%2C yeaZ or ygjD deletion lethality%2C predicted response regulator of two-component regulatory system with sensor protein RstB,23.0,720.0,1,0,0,0,0,0
1680949,+,b1609,sensory histidine kinase in two-component regulatory system with RstA,,1302.0,0,0,1,0,0,0
1682257,+,b1610,inhibitor of replication at Ter%2C DNA-binding protein,26.0,930.0,1,0,0,0,0,0
1682799,-,b1610,inhibitor of replication at Ter%2C DNA-binding protein,,930.0,0,0,0,1,0,1
1682813,-,b1610,inhibitor of replication at Ter%2C DNA-binding protein,,930.0,0,0,0,1,0,1
1683211,+,b1610,inhibitor of replication at Ter%2C DNA-binding protein,,930.0,0,0,1,0,0,1
1683271,-,b1611,fumarate hydratase %28fumarase C%29%2Caerobic Class II,,1404.0,0,0,1,0,0,1
1684674,-,b1611,fumarate hydratase %28fumarase C%29%2Caerobic Class II,62.0,1404.0,1,0,0,0,0,0
1684745,-,b1611,fumarate hydratase %28fumarase C%29%2Caerobic Class II,133.0,1404.0,0,1,0,0,0,0
1685634,-,b1612,fumarate hydratase %28fumarase A%29%2C aerobic Class I,,1647.0,0,0,1,0,0,0
1686389,+,b1613,mannose-6-phosphate isomerase,211.0,1176.0,0,1,0,0,0,1
1686471,-,b1612,fumarate hydratase %28fumarase A%29%2C aerobic Class I,70.0,1647.0,1,0,0,0,0,0
1686557,+,b1613,mannose-6-phosphate isomerase,43.0,1176.0,0,1,0,0,0,0
1686569,+,b1613,mannose-6-phosphate isomerase,31.0,1176.0,1,0,0,0,0,0
1687258,-,b1613,mannose-6-phosphate isomerase,,1176.0,0,0,0,1,0,1
1687327,+,b1613,mannose-6-phosphate isomerase,,1176.0,0,0,1,0,0,0
1687602,+,b1614,conserved protein%2C DUF945 family,274.0,1509.0,0,1,0,0,0,0
1687781,-,b1613,mannose-6-phosphate isomerase,,1176.0,0,0,0,1,0,1
1687818,+,b1614,conserved protein%2C DUF945 family,58.0,1509.0,1,0,0,0,0,0
1689110,-,b1614,conserved protein%2C DUF945 family,,1509.0,0,0,0,1,0,1
1691233,-,b1616,glucuronide transporter,,1374.0,0,0,1,0,0,0
1691517,+,b1616,glucuronide transporter,,1374.0,0,0,0,1,0,1
1691988,-,b1616,glucuronide transporter,,1374.0,0,0,1,0,0,0
1692048,-,b1616,glucuronide transporter,,1374.0,0,0,1,0,0,0
1692584,-,b1616,glucuronide transporter,297.0,1374.0,1,0,0,0,0,0
1692694,+,b1617,beta-D-glucuronidase,,1812.0,0,0,0,1,0,1
1692868,-,b1617,beta-D-glucuronidase,,1812.0,0,0,1,0,0,0
1694995,+,b1618,DNA-binding transcriptional repressor,,591.0,0,0,0,1,0,1
1695098,-,b1618,DNA-binding transcriptional repressor,22.0,591.0,1,0,0,0,0,0
1695471,+,b1619,7-alpha-hydroxysteroid dehydrogenase%2C NAD-dependent,,768.0,0,0,0,1,0,1
1695782,-,b1619,7-alpha-hydroxysteroid dehydrogenase%2C NAD-dependent,,768.0,0,0,1,0,0,0
1696146,-,b1619,7-alpha-hydroxysteroid dehydrogenase%2C NAD-dependent,82.0,768.0,1,0,0,0,0,0
1696302,-,b1619,7-alpha-hydroxysteroid dehydrogenase%2C NAD-dependent,238.0,768.0,0,1,0,0,0,0
1696445,-,b1620,transcriptional repressor of Mal regulon,,1029.0,0,0,1,0,0,0
1696566,-,b1620,transcriptional repressor of Mal regulon,,1029.0,0,0,1,0,0,0
1697265,-,b1620,transcriptional repressor of Mal regulon,61.0,1029.0,1,0,0,0,0,0
1697338,+,b1621,fused maltose and glucose-specific PTS enzymes: IIB component%2C IIC component,41.0,1593.0,1,0,0,0,0,0
1697490,+,b1621,fused maltose and glucose-specific PTS enzymes: IIB component%2C IIC component,,1593.0,0,0,1,0,0,0
1698269,+,b1621,fused maltose and glucose-specific PTS enzymes: IIB component%2C IIC component,,1593.0,0,0,1,0,0,0
1698535,-,b1621,fused maltose and glucose-specific PTS enzymes: IIB component%2C IIC component,,1593.0,0,0,0,1,0,1
1698864,+,b1622,bifunctional beta-cystathionase%2C PLP-dependent%2F regulator of maltose regulon,117.0,1173.0,1,0,0,0,0,0
1698879,-,b1621,fused maltose and glucose-specific PTS enzymes: IIB component%2C IIC component,,1593.0,0,0,0,1,0,1
1698966,+,b1622,bifunctional beta-cystathionase%2C PLP-dependent%2F regulator of maltose regulon,15.0,1173.0,0,1,0,0,0,0
1698987,+,b1622,bifunctional beta-cystathionase%2C PLP-dependent%2F regulator of maltose regulon,,1173.0,0,0,1,0,0,0
1699285,+,b1622,bifunctional beta-cystathionase%2C PLP-dependent%2F regulator of maltose regulon,,1173.0,0,0,1,0,0,0
1699488,+,b1622,bifunctional beta-cystathionase%2C PLP-dependent%2F regulator of maltose regulon,,1173.0,0,0,1,0,0,0
1700226,+,b1623,adenosine deaminase,31.0,1002.0,0,1,0,0,0,0
1700228,+,b1623,adenosine deaminase,29.0,1002.0,1,0,0,0,0,0
1700262,-,b1623,adenosine deaminase,,1002.0,0,0,0,1,0,1
1700341,-,b1623,adenosine deaminase,,1002.0,0,0,0,1,0,1
1701088,+,b1623,adenosine deaminase,,1002.0,0,0,1,0,0,0
1701640,-,b1624,putative oxidoreductase,,1041.0,0,0,1,0,0,0
1701664,+,b1624,putative oxidoreductase,,1041.0,0,0,0,1,0,1
1702355,-,b1624,putative oxidoreductase,23.0,1041.0,1,0,0,0,0,0
1702412,+,b4409,beta-lactam resistance membrane protein%3B divisome-associated protein,163.0,126.0,0,1,0,0,0,1
1702470,-,b1624,putative oxidoreductase,138.0,1041.0,0,1,0,0,0,0
1702474,-,b1624,putative oxidoreductase,142.0,1041.0,0,1,0,0,0,0
1702522,+,b4409,beta-lactam resistance membrane protein%3B divisome-associated protein,53.0,126.0,0,1,0,0,0,0
1702536,+,b4409,beta-lactam resistance membrane protein%3B divisome-associated protein,39.0,126.0,1,0,0,0,0,0
1702788,+,b1625,oriC-binding complex H-NS%2FCnu%3B binds 26 bp cnb site%3B also forms a complex with StpA,185.0,216.0,1,0,0,0,0,0
1702878,-,b1625,oriC-binding complex H-NS%2FCnu%3B binds 26 bp cnb site%3B also forms a complex with StpA,,216.0,0,0,0,1,0,1
1703050,-,b1625,oriC-binding complex H-NS%2FCnu%3B binds 26 bp cnb site%3B also forms a complex with StpA,,216.0,0,0,0,1,0,1
1703214,-,b1625,oriC-binding complex H-NS%2FCnu%3B binds 26 bp cnb site%3B also forms a complex with StpA,,216.0,0,0,0,1,0,1
1703230,+,b1626,inner membrane protein%2C DUF2569 family,44.0,441.0,1,0,0,0,0,0
1703364,-,b1626,inner membrane protein%2C DUF2569 family,,441.0,0,0,0,1,0,1
1703530,-,b1626,inner membrane protein%2C DUF2569 family,,441.0,0,0,0,1,0,1
1703555,+,b1627,electron transport complex protein required for the reduction of SoxR,236.0,582.0,0,1,0,0,0,0
1703768,+,b1627,electron transport complex protein required for the reduction of SoxR,23.0,582.0,1,0,0,0,0,0
1704982,+,b1629,electron transport complex protein required for the reduction of SoxR%3B predicted membrane-associated NADH oxidoreductase,,2223.0,0,0,1,0,0,0
1706155,-,b1629,electron transport complex protein required for the reduction of SoxR%3B predicted membrane-associated NADH oxidoreductase,,2223.0,0,0,0,1,0,1
1706508,-,b1629,electron transport complex protein required for the reduction of SoxR%3B predicted membrane-associated NADH oxidoreductase,,2223.0,0,0,0,1,0,1
1707661,+,b1630,electron transport complex protein required for the reduction of SoxR%3B predicted membrane protein,,1059.0,0,0,1,0,0,0
1707817,+,b1630,electron transport complex protein required for the reduction of SoxR%3B predicted membrane protein,,1059.0,0,0,1,0,0,0
1709067,-,b1632,electron transport complex inner membrane NADH-quinone reductase required for the reduction of SoxR,,696.0,0,0,0,1,0,1
1710698,+,b1634,dipeptide and tripeptide permease A,95.0,1503.0,1,0,0,0,0,0
1711938,+,b1634,dipeptide and tripeptide permease A,,1503.0,0,0,1,0,0,0
1712121,+,b1635,glutathionine S-transferase,280.0,606.0,0,1,0,0,0,0
1712364,-,b1634,dipeptide and tripeptide permease A,,1503.0,0,0,0,1,0,1
1712376,+,b1635,glutathionine S-transferase,25.0,606.0,1,0,0,0,0,0
1713687,-,b1636,pyridoxamine kinase,,864.0,0,0,1,0,0,0
1713861,-,b1636,pyridoxamine kinase,,864.0,0,0,1,0,0,0
1714588,-,b1637,tyrosyl-tRNA synthetase,,1275.0,0,0,1,0,0,0
1715311,-,b1637,tyrosyl-tRNA synthetase,65.0,1275.0,1,0,0,0,0,0
1715326,-,b1637,tyrosyl-tRNA synthetase,80.0,1275.0,0,1,0,0,0,0
1715328,+,b1637,tyrosyl-tRNA synthetase,,1275.0,0,0,0,1,0,1
1715356,-,b1637,tyrosyl-tRNA synthetase,110.0,1275.0,0,1,0,0,0,0
1715640,-,b1638,pyridoxine 5%27-phosphate oxidase,,657.0,0,0,1,0,0,0
1716058,-,b1638,pyridoxine 5%27-phosphate oxidase,27.0,657.0,1,0,0,0,0,0
1716320,+,b1639,inhibitor of c-type lysozyme%2C membrane-bound%3B predicted lipoprotein,,330.0,0,0,0,1,0,1
1716465,-,b1639,inhibitor of c-type lysozyme%2C membrane-bound%3B predicted lipoprotein,46.0,330.0,1,0,0,0,0,0
1716894,+,b1640,anhydro-N-acetylmuramic acid kinase,,1110.0,0,0,0,1,0,1
1717717,-,b1640,anhydro-N-acetylmuramic acid kinase,91.0,1110.0,0,1,0,0,0,0
1717720,-,b1640,anhydro-N-acetylmuramic acid kinase,94.0,1110.0,1,0,0,0,0,0
1717776,+,b1641,outer membrane lipoprotein,124.0,468.0,0,1,0,0,0,0
1717801,+,b1641,outer membrane lipoprotein,99.0,468.0,1,0,0,0,0,0
1717973,-,b1641,outer membrane lipoprotein,,468.0,0,0,0,1,0,1
1718255,-,b1641,outer membrane lipoprotein,,468.0,0,0,0,1,0,1
1718452,+,b1642,DNA-binding transcriptional activator,,435.0,0,0,0,1,0,1
1718750,+,b1643,putative inner membrane protein,299.0,237.0,0,1,0,0,0,1
1718872,+,b1643,putative inner membrane protein,177.0,237.0,0,1,0,0,0,1
1718903,-,b1642,DNA-binding transcriptional activator,55.0,435.0,1,0,0,0,0,0
1718906,+,b1643,putative inner membrane protein,143.0,237.0,1,0,0,0,0,1
1718920,-,b1642,DNA-binding transcriptional activator,72.0,435.0,0,1,0,0,0,0
1719001,-,b1642,DNA-binding transcriptional activator,153.0,435.0,0,1,0,0,0,1
1719055,+,b1644,putative membrane fusion protein %28MFP%29 of YdhJK efflux pump,233.0,858.0,1,0,0,0,0,0
1720271,+,b1645,putative efflux protein %28PET%29 component of YdhJK efflux pump,,2013.0,0,0,1,0,0,0
1720751,+,b1645,putative efflux protein %28PET%29 component of YdhJK efflux pump,,2013.0,0,0,1,0,0,0
1721155,-,b1645,putative efflux protein %28PET%29 component of YdhJK efflux pump,,2013.0,0,0,0,1,0,1
1721235,-,b1645,putative efflux protein %28PET%29 component of YdhJK efflux pump,,2013.0,0,0,0,1,0,1
1721443,+,b1645,putative efflux protein %28PET%29 component of YdhJK efflux pump,,2013.0,0,0,1,0,0,0
1722158,-,b1646,superoxide dismutase%2C Cu%2C Zn%2C periplasmic,,522.0,0,0,1,0,0,1
1722852,-,b1646,superoxide dismutase%2C Cu%2C Zn%2C periplasmic,173.0,522.0,1,0,0,0,0,0
1723484,-,b1647,putative oxidoreductase,,897.0,0,0,1,0,0,0
1723679,-,b1647,putative oxidoreductase,23.0,897.0,1,0,0,0,0,0
1723969,-,b1648,hypothetical protein,25.0,240.0,1,0,0,0,0,1
1723973,+,b1649,transcriptional repressor for the nem operon%2C NEM-inactivated,74.0,600.0,1,0,0,0,0,1
1724047,+,b1649,transcriptional repressor for the nem operon%2C NEM-inactivated,0.0,600.0,0,1,0,0,0,0
1724613,-,b1649,transcriptional repressor for the nem operon%2C NEM-inactivated,,600.0,0,0,0,1,0,1
1724664,+,b1650,N-ethylmaleimide reductase%2C FMN-linked,19.0,1098.0,1,0,0,0,0,0
1725171,+,b1650,N-ethylmaleimide reductase%2C FMN-linked,,1098.0,0,0,1,0,0,0
1725732,+,b1651,glyoxalase I%2C Ni-dependent,129.0,408.0,0,1,0,0,0,0
1725824,+,b1651,glyoxalase I%2C Ni-dependent,37.0,408.0,1,0,0,0,0,0
1725908,-,b1651,glyoxalase I%2C Ni-dependent,,408.0,0,0,0,1,0,1
1726343,+,b1652,ribonuclease T %28RNase T%29,28.0,648.0,1,0,0,0,0,0
1727070,+,b1653,putative ATP-dependent helicase,41.0,4617.0,1,0,0,0,0,0
1727793,+,b1653,putative ATP-dependent helicase,,4617.0,0,0,1,0,0,0
1729217,+,b1653,putative ATP-dependent helicase,,4617.0,0,0,1,0,0,0
1730071,+,b1653,putative ATP-dependent helicase,,4617.0,0,0,1,0,0,0
1731104,-,b1653,putative ATP-dependent helicase,,4617.0,0,0,0,1,0,1
1731357,-,b1653,putative ATP-dependent helicase,,4617.0,0,0,0,1,0,1
1731514,+,b1653,putative ATP-dependent helicase,,4617.0,0,0,1,0,0,0
1731961,-,b1654,glutaredoxin-4,,348.0,0,0,1,0,0,0
1732160,-,b1654,glutaredoxin-4,35.0,348.0,1,0,0,0,0,0
1732169,+,b1655,putative peptidase%2C C40 clan,290.0,816.0,0,1,0,0,0,1
1732186,-,b1654,glutaredoxin-4,61.0,348.0,0,1,0,0,0,0
1732213,-,b1654,glutaredoxin-4,88.0,348.0,0,1,0,0,0,0
1732230,+,b1655,putative peptidase%2C C40 clan,229.0,816.0,0,1,0,0,0,0
1732284,-,b1654,glutaredoxin-4,159.0,348.0,0,1,0,0,0,0
1732383,+,b1655,putative peptidase%2C C40 clan,76.0,816.0,0,1,0,0,0,0
1732405,+,b1655,putative peptidase%2C C40 clan,54.0,816.0,1,0,0,0,0,0
1732771,-,b1655,putative peptidase%2C C40 clan,,816.0,0,0,0,1,0,1
1732993,+,b1655,putative peptidase%2C C40 clan,,816.0,0,0,1,0,0,0
1733024,-,b1655,putative peptidase%2C C40 clan,,816.0,0,0,0,1,0,1
1733349,+,b1656,superoxide dismutase%2C Fe,53.0,582.0,1,0,0,0,0,0
1733376,-,b1656,superoxide dismutase%2C Fe,,582.0,0,0,0,1,0,1
1734466,-,b1657,putative transporter,,1170.0,0,0,1,0,0,0
1735360,-,b1657,putative transporter,46.0,1170.0,1,0,0,0,0,0
1735665,+,b1658,DNA-binding transcriptional repressor%2C hypoxanthine-binding,203.0,1026.0,0,1,0,0,0,1
1735712,+,b1658,DNA-binding transcriptional repressor%2C hypoxanthine-binding,156.0,1026.0,1,0,0,0,0,0
1736007,+,b1658,DNA-binding transcriptional repressor%2C hypoxanthine-binding,,1026.0,0,0,1,0,0,0
1736700,+,b1658,DNA-binding transcriptional repressor%2C hypoxanthine-binding,,1026.0,0,0,1,0,0,0
1736704,-,b1658,DNA-binding transcriptional repressor%2C hypoxanthine-binding,,1026.0,0,0,0,1,0,1
1737851,-,b1659,putative DNA-binding transcriptional regulator,29.0,933.0,1,0,0,0,0,1
1737921,-,b1659,putative DNA-binding transcriptional regulator,99.0,933.0,0,1,0,0,0,1
1738146,-,b1660,putative arabinose efflux transporter,,1212.0,0,0,0,1,0,1
1738672,+,b1660,putative arabinose efflux transporter,,1212.0,0,0,1,0,0,0
1739206,+,b1661,cyclopropane fatty acyl phospholipid synthase %28unsaturated-phospholipid methyltransferase%29,231.0,1149.0,0,1,0,0,0,0
1739225,+,b1661,cyclopropane fatty acyl phospholipid synthase %28unsaturated-phospholipid methyltransferase%29,212.0,1149.0,1,0,0,0,0,0
1739404,+,b1661,cyclopropane fatty acyl phospholipid synthase %28unsaturated-phospholipid methyltransferase%29,33.0,1149.0,0,1,0,0,0,0
1739457,-,b1661,cyclopropane fatty acyl phospholipid synthase %28unsaturated-phospholipid methyltransferase%29,,1149.0,0,0,0,1,0,1
1739994,+,b1661,cyclopropane fatty acyl phospholipid synthase %28unsaturated-phospholipid methyltransferase%29,,1149.0,0,0,1,0,0,0
1740078,-,b1661,cyclopropane fatty acyl phospholipid synthase %28unsaturated-phospholipid methyltransferase%29,,1149.0,0,0,0,1,0,1
1740174,-,b1661,cyclopropane fatty acyl phospholipid synthase %28unsaturated-phospholipid methyltransferase%29,,1149.0,0,0,0,1,0,1
1740378,-,b1661,cyclopropane fatty acyl phospholipid synthase %28unsaturated-phospholipid methyltransferase%29,,1149.0,0,0,0,1,0,1
1740613,-,b1661,cyclopropane fatty acyl phospholipid synthase %28unsaturated-phospholipid methyltransferase%29,,1149.0,0,0,0,1,0,1
1741400,+,b1663,multidrug efflux system transporter,81.0,1374.0,1,0,0,0,0,0
1741440,-,b1662,riboflavin synthase%2C alpha subunit,174.0,642.0,0,1,0,0,0,1
1741480,-,b1662,riboflavin synthase%2C alpha subunit,214.0,642.0,1,0,0,0,0,1
1741823,+,b1663,multidrug efflux system transporter,,1374.0,0,0,1,0,0,0
1742662,+,b1663,multidrug efflux system transporter,,1374.0,0,0,1,0,0,0
1742704,+,b1663,multidrug efflux system transporter,,1374.0,0,0,1,0,0,0
1742954,-,b1664,hypothetical protein,,1257.0,0,0,1,0,0,1
1744016,-,b1664,hypothetical protein,,1257.0,0,0,1,0,0,0
1744186,-,b1664,hypothetical protein,35.0,1257.0,0,1,0,0,0,0
1744188,-,b1664,hypothetical protein,37.0,1257.0,1,0,0,0,0,0
1744441,+,b1665,tRNA-Val,18.0,77.0,1,0,0,0,0,0
1744540,+,b1666,tRNA-Val,0.0,77.0,1,0,0,0,0,0
1745107,-,b1667,putative monooxygenase,,306.0,0,0,0,1,0,1
1745115,+,b1668,conserved protein with FAD%2FNAD%28P%29-binding domain,40.0,1605.0,1,0,0,0,0,0
1745751,+,b1668,conserved protein with FAD%2FNAD%28P%29-binding domain,,1605.0,0,0,1,0,0,0
1745883,-,b1668,conserved protein with FAD%2FNAD%28P%29-binding domain,,1605.0,0,0,0,1,0,1
1746009,-,b1668,conserved protein with FAD%2FNAD%28P%29-binding domain,,1605.0,0,0,0,1,0,1
1746233,-,b1668,conserved protein with FAD%2FNAD%28P%29-binding domain,,1605.0,0,0,0,1,0,1
1747547,-,b1669,hypothetical protein,,813.0,0,0,1,0,0,0
1748115,-,b1670,putative cytochrome,,786.0,0,0,1,0,0,0
1748627,+,b1671,putative 4Fe-4S ferridoxin-type protein,,669.0,0,0,0,1,0,1
1748795,+,b1671,putative 4Fe-4S ferridoxin-type protein,,669.0,0,0,0,1,0,1
1748856,-,b1671,putative 4Fe-4S ferridoxin-type protein,,669.0,0,0,1,0,0,0
1749438,-,b1672,hypothetical protein,,648.0,0,0,1,0,0,0
1749732,-,b1672,hypothetical protein,,648.0,0,0,1,0,0,0
1749777,+,b1672,hypothetical protein,,648.0,0,0,0,1,0,1
1749983,+,b1673,putative oxidoreductase,,2103.0,0,0,0,1,0,1
1751026,+,b1673,putative oxidoreductase,,2103.0,0,0,0,1,0,1
1751818,-,b1673,putative oxidoreductase,,2103.0,0,0,1,0,0,0
1752667,-,b1674,putative 4Fe-4S ferridoxin-type protein,166.0,627.0,1,0,0,0,0,0
1753189,-,b1675,hypothetical protein,24.0,210.0,1,0,0,0,0,0
1753255,-,b1675,hypothetical protein,90.0,210.0,0,1,0,0,0,0
1753260,-,b1675,hypothetical protein,95.0,210.0,0,1,0,0,0,0
1753408,-,b1675,hypothetical protein,243.0,210.0,0,1,0,0,0,0
1753493,+,b1676,pyruvate kinase I,229.0,1413.0,1,0,0,0,0,0
1753624,+,b1676,pyruvate kinase I,98.0,1413.0,0,1,0,0,0,0
1753920,+,b1676,pyruvate kinase I,,1413.0,0,0,1,0,0,0
1754310,-,b1676,pyruvate kinase I,,1413.0,0,0,0,1,0,1
1754483,-,b1676,pyruvate kinase I,,1413.0,0,0,0,1,0,1
1755249,+,b1677,murein lipoprotein,196.0,237.0,0,1,0,0,0,0
1755407,+,b1677,murein lipoprotein,38.0,237.0,1,0,0,0,0,0
1755419,-,b1677,murein lipoprotein,,237.0,0,0,0,1,0,1
1755659,-,b1677,murein lipoprotein,,237.0,0,0,0,1,0,1
1756434,+,b1678,murein L%2CD-transpeptidase,,1005.0,0,0,0,1,0,1
1756888,-,b1678,murein L%2CD-transpeptidase,139.0,1005.0,1,0,0,0,0,0
1757188,+,b1679,sulfur acceptor protein,,417.0,0,0,0,1,0,1
1757326,+,b1679,sulfur acceptor protein,,417.0,0,0,0,1,0,1
1757623,+,b1680,cysteine desulfurase%2C stimulated by SufE%3B selenocysteine lyase%2C PLP-dependent,,1221.0,0,0,0,1,0,1
1758365,-,b1680,cysteine desulfurase%2C stimulated by SufE%3B selenocysteine lyase%2C PLP-dependent,,1221.0,0,0,1,0,0,0
1759234,+,b1681,component of SufBCD Fe-S cluster assembly scaffold,,1272.0,0,0,0,1,0,1
1759673,+,b1681,component of SufBCD Fe-S cluster assembly scaffold,,1272.0,0,0,0,1,0,1
1760764,+,b1683,component of SufBCD Fe-S cluster assembly scaffold,,1488.0,0,0,0,1,0,1
1762527,-,b1684,Fe-S cluster assembly protein,117.0,369.0,1,0,0,0,0,0
1762792,-,b4430,novel sRNA%2C function unknown,,68.0,0,0,1,0,0,0
1762965,+,b1685,hypothetical protein,,189.0,0,0,0,1,0,1
1763077,+,b1685,hypothetical protein,,189.0,0,0,0,1,0,1
1763170,-,b1685,hypothetical protein,24.0,189.0,1,0,0,0,0,0
1763868,-,b1686,acyl-CoA esterase,212.0,411.0,1,0,0,0,0,0
1763957,-,b1687,putative FAD-linked oxidoreductase,,3057.0,0,0,1,0,0,0
1764988,+,b1687,putative FAD-linked oxidoreductase,,3057.0,0,0,0,1,0,1
1766080,+,b1687,putative FAD-linked oxidoreductase,,3057.0,0,0,0,1,0,1
1766422,+,b1687,putative FAD-linked oxidoreductase,,3057.0,0,0,0,1,0,1
1766618,+,b1687,putative FAD-linked oxidoreductase,,3057.0,0,0,0,1,0,1
1766938,-,b1687,putative FAD-linked oxidoreductase,229.0,3057.0,1,0,0,0,0,0
1767001,+,b1688,inner membrane protein%2C UPF0118 family,97.0,1113.0,0,1,0,0,0,0
1767036,+,b1688,inner membrane protein%2C UPF0118 family,62.0,1113.0,1,0,0,0,0,0
1767949,+,b1688,inner membrane protein%2C UPF0118 family,,1113.0,0,0,1,0,0,0
1768396,+,b4431,sRNA antisense activator for RpoS translation%2C Hfq-dependent,0.0,106.0,1,0,0,0,0,0
1768611,+,b1689,hypothetical protein,28.0,357.0,1,0,0,0,0,0
1769218,+,b1690,inner membrane protein%2C predicted transporter,,1215.0,0,0,1,0,0,0
1769373,-,b1690,inner membrane protein%2C predicted transporter,,1215.0,0,0,0,1,0,1
1770474,+,b1691,inner membrane protein%2C predicted MFS superfamily transporter,62.0,1266.0,1,0,0,0,0,0
1772466,-,b1692,quinate%2Fshikimate 5-dehydrogenase%2C NAD%28P%29-binding,,867.0,0,0,0,1,0,1
1772595,+,b1693,3-dehydroquinate dehydratase,115.0,759.0,1,0,0,0,0,0
1772769,+,b1693,3-dehydroquinate dehydratase,,759.0,0,0,1,0,0,0
1774025,+,b1694,fused predicted acetyl-CoA:acetoacetyl-CoA transferase: alpha subunit%2Fbeta subunit,,1596.0,0,0,1,0,0,0
1775495,-,b1695,putative acyl-CoA dehydrogenase,,1152.0,0,0,0,1,0,1
1775842,-,b1695,putative acyl-CoA dehydrogenase,,1152.0,0,0,0,1,0,1
1776332,+,b1695,putative acyl-CoA dehydrogenase,,1152.0,0,0,1,0,0,1
1776475,-,b1696,putative DNA-binding transcriptional regulator,,912.0,0,0,1,0,0,0
1776522,-,b1696,putative DNA-binding transcriptional regulator,,912.0,0,0,1,0,0,0
1777463,-,b1696,putative DNA-binding transcriptional regulator,138.0,912.0,1,0,0,0,0,0
1777640,-,b1697,putative electron transfer flavoprotein subunit,,765.0,0,0,0,1,0,1
1777693,-,b1697,putative electron transfer flavoprotein subunit,,765.0,0,0,0,1,0,1
1779065,+,b1698,putative electron transfer flavoprotein%2C FAD-binding subunit,,939.0,0,0,1,0,0,0
1779293,+,b1699,putative oxidoreductase with FAD%2FNAD%28P%29-binding domain,126.0,1290.0,1,0,0,0,0,0
1779688,+,b1699,putative oxidoreductase with FAD%2FNAD%28P%29-binding domain,,1290.0,0,0,1,0,0,0
1781212,+,b1701,short chain acyl-CoA synthetase%2C anaerobic,,1647.0,0,0,1,0,0,0
1781260,-,b1701,short chain acyl-CoA synthetase%2C anaerobic,,1647.0,0,0,0,1,0,1
1781744,-,b1701,short chain acyl-CoA synthetase%2C anaerobic,,1647.0,0,0,0,1,0,1
1781913,-,b1701,short chain acyl-CoA synthetase%2C anaerobic,,1647.0,0,0,0,1,0,1
1782400,-,b1701,short chain acyl-CoA synthetase%2C anaerobic,,1647.0,0,0,0,1,0,1
1782577,+,b1701,short chain acyl-CoA synthetase%2C anaerobic,,1647.0,0,0,1,0,0,0
1782745,-,b1701,short chain acyl-CoA synthetase%2C anaerobic,,1647.0,0,0,0,1,0,1
1783558,+,b1702,phosphoenolpyruvate synthase,,2379.0,0,0,0,1,0,1
1784074,+,b1702,phosphoenolpyruvate synthase,,2379.0,0,0,0,1,0,1
1784140,-,b1702,phosphoenolpyruvate synthase,,2379.0,0,0,1,0,0,0
1784287,-,b1702,phosphoenolpyruvate synthase,,2379.0,0,0,1,0,0,0
1784501,-,b1702,phosphoenolpyruvate synthase,,2379.0,0,0,1,0,0,0
1785165,+,b1702,phosphoenolpyruvate synthase,,2379.0,0,0,0,1,0,1
1785185,-,b1702,phosphoenolpyruvate synthase,49.0,2379.0,1,0,0,0,0,0
1785435,-,b1702,phosphoenolpyruvate synthase,299.0,2379.0,0,1,0,0,0,1
1785444,+,b1703,bifunctional regulatory protein: PEP synthase kinase and PEP synthase pyrophosphorylase,25.0,834.0,1,0,0,0,0,0
1785702,-,b1703,bifunctional regulatory protein: PEP synthase kinase and PEP synthase pyrophosphorylase,,834.0,0,0,0,1,0,1
1786345,+,b1704,3-deoxy-D-arabino-heptulosonate-7-phosphate synthase%2C tryptophan repressible,114.0,1047.0,0,1,0,0,0,0
1786408,+,b1704,3-deoxy-D-arabino-heptulosonate-7-phosphate synthase%2C tryptophan repressible,51.0,1047.0,1,0,0,0,0,0
1787139,-,b1704,3-deoxy-D-arabino-heptulosonate-7-phosphate synthase%2C tryptophan repressible,,1047.0,0,0,0,1,0,1
1787179,-,b1704,3-deoxy-D-arabino-heptulosonate-7-phosphate synthase%2C tryptophan repressible,,1047.0,0,0,0,1,0,1
1787188,+,b1704,3-deoxy-D-arabino-heptulosonate-7-phosphate synthase%2C tryptophan repressible,,1047.0,0,0,1,0,0,0
1787609,+,b1705,hemin uptake protein HemP homolog,28.0,192.0,1,0,0,0,0,0
1789160,-,b1706,conserved protein%2C UPF0061 family,,1437.0,0,0,1,0,0,0
1789178,+,b1706,conserved protein%2C UPF0061 family,,1437.0,0,0,0,1,0,1
1789278,-,b1706,conserved protein%2C UPF0061 family,10.0,1437.0,1,0,0,0,0,0
1790180,-,b1707,anti-FlhD4C2 factor%2C inactive EAL family phosphodiesterase,136.0,714.0,1,0,0,0,0,0
1790299,+,b1708,putative peptidase%2C C40 clan%2C lipoprotein,,465.0,0,0,0,1,0,1
1790784,-,b1708,putative peptidase%2C C40 clan%2C lipoprotein,29.0,465.0,1,0,0,0,0,0
1791613,+,b1709,vitamin B12 transporter subunit : ATP-binding component of ABC superfamily,,750.0,0,0,0,1,0,1
1791687,-,b1709,vitamin B12 transporter subunit : ATP-binding component of ABC superfamily,105.0,750.0,1,0,0,0,0,0
1792167,-,b1710,glutathione peroxidase,34.0,552.0,1,0,0,0,0,0
1792705,-,b1711,vitamin B12 transporter subunit: membrane component of ABC superfamily,,981.0,0,0,1,0,0,0
1792773,-,b1711,vitamin B12 transporter subunit: membrane component of ABC superfamily,,981.0,0,0,1,0,0,0
1792799,+,b1711,vitamin B12 transporter subunit: membrane component of ABC superfamily,,981.0,0,0,0,1,0,1
1793192,+,b1711,vitamin B12 transporter subunit: membrane component of ABC superfamily,,981.0,0,0,0,1,0,1
1793201,-,b1711,vitamin B12 transporter subunit: membrane component of ABC superfamily,25.0,981.0,1,0,0,0,0,0
1793542,-,b1712,integration host factor %28IHF%29%2C DNA-binding protein%2C alpha subunit,,300.0,0,0,1,0,0,0
1793744,-,b1712,integration host factor %28IHF%29%2C DNA-binding protein%2C alpha subunit,168.0,300.0,1,0,0,0,0,0
1793943,-,b1713,phenylalanine tRNA synthetase%2C beta subunit,,2388.0,0,0,1,0,0,0
1794099,-,b1713,phenylalanine tRNA synthetase%2C beta subunit,,2388.0,0,0,1,0,0,0
1794114,-,b1713,phenylalanine tRNA synthetase%2C beta subunit,,2388.0,0,0,1,0,0,0
1797289,+,b1715,phenylalanyl-tRNA synthetase operon leader peptide,,45.0,0,0,0,1,0,1
1797326,-,b1715,phenylalanyl-tRNA synthetase operon leader peptide,32.0,45.0,1,0,0,0,0,0
1798452,-,b1718,protein chain initiation factor IF-3,,543.0,0,0,1,0,0,0
1798817,+,b1719,threonyl-tRNA synthetase,,1929.0,0,0,0,1,0,1
1798843,-,b1718,protein chain initiation factor IF-3,181.0,543.0,1,0,0,0,0,0
1798953,-,b1718,protein chain initiation factor IF-3,291.0,543.0,0,1,0,0,0,0
1798966,+,b1719,threonyl-tRNA synthetase,,1929.0,0,0,0,1,0,1
1799370,-,b1719,threonyl-tRNA synthetase,,1929.0,0,0,1,0,0,0
1799393,+,b1719,threonyl-tRNA synthetase,,1929.0,0,0,0,1,0,1
1799734,-,b1719,threonyl-tRNA synthetase,,1929.0,0,0,1,0,0,0
1799792,-,b1719,threonyl-tRNA synthetase,,1929.0,0,0,1,0,0,0
1800417,-,b1719,threonyl-tRNA synthetase,,1929.0,0,0,1,0,0,0
1800585,-,b1719,threonyl-tRNA synthetase,,1929.0,0,0,1,0,0,0
1800756,-,b1719,threonyl-tRNA synthetase,162.0,1929.0,1,0,0,0,0,0
1802226,-,b4494,pseudo,,1900.0,0,0,0,1,0,1
1803160,+,b4535,hypothetical protein,29.0,108.0,1,0,0,0,0,0
1803269,+,b4535,hypothetical protein,,108.0,0,0,1,0,0,1
1804192,-,b1722,putative outer membrane protein%2C acid-inducible,85.0,759.0,1,0,0,0,0,0
1804376,+,b1723,6-phosphofructokinase II,18.0,930.0,1,0,0,0,0,0
1804676,+,b1723,6-phosphofructokinase II,,930.0,0,0,1,0,0,0
1805399,+,b1724,hypothetical protein,25.0,291.0,1,0,0,0,0,0
1805740,+,b1725,putative phosphotransferase%2Fkinase,80.0,861.0,0,1,0,0,0,0
1805794,+,b1725,putative phosphotransferase%2Fkinase,26.0,861.0,1,0,0,0,0,0
1806214,-,b1725,putative phosphotransferase%2Fkinase,,861.0,0,0,0,1,0,1
1807029,-,b1726,putative inner membrane protein,,537.0,0,0,1,0,0,0
1807088,+,b1726,putative inner membrane protein,,537.0,0,0,0,1,0,1
1807286,-,b1726,putative inner membrane protein,29.0,537.0,1,0,0,0,0,0
1807303,+,b1727,2-deoxyglucose-6-P phosphatase,101.0,669.0,0,1,0,0,0,1
1807348,+,b1727,2-deoxyglucose-6-P phosphatase,56.0,669.0,1,0,0,0,0,1
1807374,-,b1726,putative inner membrane protein,117.0,537.0,0,1,0,0,0,1
1807851,-,b1727,2-deoxyglucose-6-P phosphatase,,669.0,0,0,0,1,0,1
1808005,+,b1728,inner membrane protein regulated by LexA,230.0,591.0,0,1,0,0,0,0
1808211,+,b1728,inner membrane protein regulated by LexA,24.0,591.0,1,0,0,0,0,0
1808906,+,b1729,putative transporter,52.0,1392.0,1,0,0,0,0,0
1808927,-,b1729,putative transporter,,1392.0,0,0,0,1,0,1
1809438,+,b1729,putative transporter,,1392.0,0,0,1,0,0,0
1809698,+,b1729,putative transporter,,1392.0,0,0,1,0,0,0
1809807,+,b1729,putative transporter,,1392.0,0,0,1,0,0,0
1811221,+,b1730,hypothetical protein,,804.0,0,0,0,1,0,1
1811278,-,b1730,hypothetical protein,122.0,804.0,1,0,0,0,0,0
1811726,-,b1731,cell division modulator,39.0,243.0,1,0,0,0,0,0
1811837,+,b1732,catalase HPII%2C heme d-containing,54.0,2262.0,1,0,0,0,0,0
1811864,-,b1731,cell division modulator,177.0,243.0,0,1,0,0,0,1
1815085,-,b1733,chito-oligosaccharide deacetylase,,750.0,0,0,1,0,0,0
1815382,-,b1733,chito-oligosaccharide deacetylase,223.0,750.0,1,0,0,0,0,0
1817581,-,b1735,repressor of chb operon for N%2CN%27-diacetylchitobiose utilization,110.0,843.0,1,0,0,0,0,0
1817817,-,b1736,N%2CN%27-diacetylchitobiose-specific enzyme IIA component of PTS,,351.0,0,0,1,0,0,0
1817983,+,b1737,N%2CN%27-diacetylchitobiose-specific enzyme IIC component of PTS,,1359.0,0,0,0,1,0,1
1818401,-,b1737,N%2CN%27-diacetylchitobiose-specific enzyme IIC component of PTS,,1359.0,0,0,1,0,0,0
1818644,-,b1737,N%2CN%27-diacetylchitobiose-specific enzyme IIC component of PTS,,1359.0,0,0,1,0,0,0
1819750,-,b1738,N%2CN%27-diacetylchitobiose-specific enzyme IIB component of PTS,107.0,321.0,1,0,0,0,0,0
1819772,-,b1738,N%2CN%27-diacetylchitobiose-specific enzyme IIB component of PTS,129.0,321.0,0,1,0,0,0,0
1820184,-,b1739,DNA-binding transcriptional activator,,339.0,0,0,1,0,0,0
1820307,-,b1739,DNA-binding transcriptional activator,27.0,339.0,1,0,0,0,0,0
1820452,+,b1740,NAD synthetase%2C NH3%2Fglutamine-dependent,30.0,828.0,1,0,0,0,0,0
1820597,+,b1740,NAD synthetase%2C NH3%2Fglutamine-dependent,,828.0,0,0,1,0,0,0
1820812,+,b1740,NAD synthetase%2C NH3%2Fglutamine-dependent,,828.0,0,0,1,0,0,0
1821516,+,b1741,endonuclease of nucleotide excision repair,23.0,888.0,1,0,0,0,0,0
1821678,-,b1741,endonuclease of nucleotide excision repair,,888.0,0,0,0,1,0,1
1822433,-,b1742,hypothetical protein,,576.0,0,0,1,0,0,1
1822800,+,b1742,hypothetical protein,,576.0,0,0,0,1,0,1
1823006,-,b1742,hypothetical protein,45.0,576.0,0,1,0,0,0,0
1823031,-,b1742,hypothetical protein,70.0,576.0,0,1,0,0,0,0
1823131,-,b1742,hypothetical protein,170.0,576.0,1,0,0,0,0,0
1823218,-,b1742,hypothetical protein,257.0,576.0,0,1,0,0,0,0
1823864,-,b1743,periplasmic ATP-independent protein refolding chaperone%2C stress-induced,215.0,486.0,1,0,0,0,0,0
1824042,-,b1744,succinylglutamate desuccinylase,,969.0,0,0,1,0,0,0
1824060,+,b1744,succinylglutamate desuccinylase,,969.0,0,0,0,1,0,1
1826591,-,b1746,succinylglutamic semialdehyde dehydrogenase,,1479.0,0,0,1,0,0,0
1828151,+,b1747,arginine succinyltransferase,,1035.0,0,0,0,1,0,1
1830056,+,b1748,succinylornithine transaminase%2C PLP-dependent,,1221.0,0,0,0,1,0,1
1830063,-,b1748,succinylornithine transaminase%2C PLP-dependent,57.0,1221.0,1,0,0,0,0,0
1830259,+,b1749,exonuclease III,193.0,807.0,0,1,0,0,0,0
1830423,+,b1749,exonuclease III,29.0,807.0,1,0,0,0,0,0
1830665,+,b1749,exonuclease III,,807.0,0,0,1,0,0,0
1830921,-,b1749,exonuclease III,,807.0,0,0,0,1,0,1
1831369,+,b1750,inner membrane protein%2C TVP38%2FTMEM64 family,56.0,711.0,1,0,0,0,0,0
1831940,-,b1750,inner membrane protein%2C TVP38%2FTMEM64 family,,711.0,0,0,0,1,0,1
1833335,+,b1753,hypothetical protein,204.0,549.0,1,0,0,0,0,0
1836717,+,b1756,putative transporter subunit: ATP-binding component of ABC superfamily,54.0,654.0,1,0,0,0,0,0
1837463,+,b1757,IscS specificity factor for molybdenum cofactor biosynthesis%3B probable alternate MoaD transpersulfidase%3B weak thiosulfate:cyanide sulfurtransferase%3B rhodanese-like protein,28.0,1308.0,0,1,0,0,0,0
1837484,+,b1757,IscS specificity factor for molybdenum cofactor biosynthesis%3B probable alternate MoaD transpersulfidase%3B weak thiosulfate:cyanide sulfurtransferase%3B rhodanese-like protein,7.0,1308.0,1,0,0,0,0,0
1838466,-,b1757,IscS specificity factor for molybdenum cofactor biosynthesis%3B probable alternate MoaD transpersulfidase%3B weak thiosulfate:cyanide sulfurtransferase%3B rhodanese-like protein,,1308.0,0,0,0,1,0,1
1838483,+,b1757,IscS specificity factor for molybdenum cofactor biosynthesis%3B probable alternate MoaD transpersulfidase%3B weak thiosulfate:cyanide sulfurtransferase%3B rhodanese-like protein,,1308.0,0,0,1,0,0,0
1839116,-,b1758,inner membrane protein%2C phosphatidylglycerophosphate synthase homolog,,621.0,0,0,1,0,0,0
1839324,-,b1758,inner membrane protein%2C phosphatidylglycerophosphate synthase homolog,,621.0,0,0,1,0,0,0
1839433,-,b1758,inner membrane protein%2C phosphatidylglycerophosphate synthase homolog,6.0,621.0,0,1,0,0,0,1
1839466,-,b1758,inner membrane protein%2C phosphatidylglycerophosphate synthase homolog,39.0,621.0,0,1,0,0,0,1
1839469,-,b1758,inner membrane protein%2C phosphatidylglycerophosphate synthase homolog,42.0,621.0,1,0,0,0,0,1
1839485,+,b1759,CTP pyrophosphohydrolase%3B also hydrolyzes 2-hydroxy-dATP%2C 8-hydroxy-dGTP%2C 5-hydroxy-CTP%2C dCTP and 5-methyl-dCTP,29.0,408.0,1,0,0,0,0,1
1840306,-,b1760,conserved protein%2C DUF1496 family,147.0,273.0,1,0,0,0,0,1
1840332,+,b1761,glutamate dehydrogenase%2C NADP-specific,63.0,1344.0,1,0,0,0,0,0
1840346,-,b1760,conserved protein%2C DUF1496 family,187.0,273.0,0,1,0,0,0,1
1841769,+,b1762,inner membrane protein,,1041.0,0,0,0,1,0,1
1841941,-,b1762,inner membrane protein,,1041.0,0,0,1,0,0,0
1842052,+,b1762,inner membrane protein,,1041.0,0,0,0,1,0,1
1842080,-,b1762,inner membrane protein,,1041.0,0,0,1,0,0,0
1842409,-,b1762,inner membrane protein,,1041.0,0,0,1,0,0,0
1842532,+,b1762,inner membrane protein,,1041.0,0,0,0,1,0,1
1842586,-,b1762,inner membrane protein,,1041.0,0,0,1,0,0,0
1842924,-,b1762,inner membrane protein,29.0,1041.0,1,0,0,0,0,0
1844921,-,b1763,DNA topoisomerase III,,1962.0,0,0,1,0,0,0
1846054,-,b1764,selenophosphate synthase,22.0,1044.0,1,0,0,0,0,0
1846727,-,b1765,putative oxidoreductase,27.0,552.0,1,0,0,0,0,0
1846762,+,b1766,protease IV %28signal peptide peptidase%29,99.0,1857.0,0,1,0,0,0,1
1846816,+,b1766,protease IV %28signal peptide peptidase%29,45.0,1857.0,1,0,0,0,0,0
1847170,+,b1766,protease IV %28signal peptide peptidase%29,,1857.0,0,0,1,0,0,0
1847862,-,b1766,protease IV %28signal peptide peptidase%29,,1857.0,0,0,0,1,0,1
1848734,+,b1767,cytoplasmic L-asparaginase I,150.0,1017.0,0,1,0,0,0,0
1848859,+,b1767,cytoplasmic L-asparaginase I,25.0,1017.0,1,0,0,0,0,0
1848942,-,b1767,cytoplasmic L-asparaginase I,,1017.0,0,0,0,1,0,1
1849687,+,b1768,nicotinamidase%2Fpyrazinamidase,224.0,642.0,1,0,0,0,0,0
1850259,+,b1768,nicotinamidase%2Fpyrazinamidase,,642.0,0,0,1,0,0,0
1850427,+,b1768,nicotinamidase%2Fpyrazinamidase,,642.0,0,0,1,0,0,0
1850576,-,b1768,nicotinamidase%2Fpyrazinamidase,,642.0,0,0,0,1,0,1
1850587,-,b1768,nicotinamidase%2Fpyrazinamidase,,642.0,0,0,0,1,0,1
1850720,-,b1769,putative transporter,,1359.0,0,0,1,0,0,0
1850776,+,b1769,putative transporter,,1359.0,0,0,0,1,0,1
1850976,-,b1769,putative transporter,,1359.0,0,0,1,0,0,0
1851437,-,b1769,putative transporter,,1359.0,0,0,1,0,0,0
1852201,+,b1770,putative DNA-binding transcriptional regulator,,759.0,0,0,0,1,0,1
1852377,-,b1770,putative DNA-binding transcriptional regulator,,759.0,0,0,1,0,0,0
1852675,-,b1770,putative DNA-binding transcriptional regulator,,759.0,0,0,1,0,0,0
1852910,-,b1770,putative DNA-binding transcriptional regulator,32.0,759.0,1,0,0,0,0,0
1853404,-,b1771,alpha-Keto reductase%2C NADH-dependent%3B can use methylglyoxal as substrate,,981.0,0,0,1,0,0,0
1853833,-,b1771,alpha-Keto reductase%2C NADH-dependent%3B can use methylglyoxal as substrate,,981.0,0,0,1,0,0,0
1854018,+,b1771,alpha-Keto reductase%2C NADH-dependent%3B can use methylglyoxal as substrate,,981.0,0,0,0,1,0,1
1859665,+,b1777,hypothetical protein,,273.0,0,0,0,1,0,1
1859833,-,b1777,hypothetical protein,,273.0,0,0,1,0,0,0
1859990,+,b1777,hypothetical protein,,273.0,0,0,0,1,0,1
1860488,-,b1778,methionine sulfoxide reductase B,35.0,414.0,1,0,0,0,0,0
1860550,+,b1779,glyceraldehyde-3-phosphate dehydrogenase A,245.0,996.0,0,1,0,0,0,1
1860621,+,b1779,glyceraldehyde-3-phosphate dehydrogenase A,174.0,996.0,0,1,0,0,0,0
1860641,+,b1779,glyceraldehyde-3-phosphate dehydrogenase A,154.0,996.0,1,0,0,0,0,0
1860759,+,b1779,glyceraldehyde-3-phosphate dehydrogenase A,36.0,996.0,0,1,0,0,0,0
1861948,+,b1780,hypothetical protein,,885.0,0,0,1,0,0,0
1862363,-,b1780,hypothetical protein,,885.0,0,0,0,1,0,1
1862462,+,b1780,hypothetical protein,,885.0,0,0,1,0,0,0
1862636,+,b1780,hypothetical protein,,885.0,0,0,1,0,0,0
1862850,-,b1781,aldo-keto reductase%2C methylglyoxal to acetol%2C NADPH-dependent,,855.0,0,0,1,0,0,1
1862994,-,b1781,aldo-keto reductase%2C methylglyoxal to acetol%2C NADPH-dependent,,855.0,0,0,1,0,0,0
1863300,-,b1781,aldo-keto reductase%2C methylglyoxal to acetol%2C NADPH-dependent,,855.0,0,0,1,0,0,0
1863314,-,b1781,aldo-keto reductase%2C methylglyoxal to acetol%2C NADPH-dependent,,855.0,0,0,1,0,0,0
1863677,-,b1781,aldo-keto reductase%2C methylglyoxal to acetol%2C NADPH-dependent,17.0,855.0,1,0,0,0,0,0
1864256,-,b1782,scaffolding protein for murein synthesizing machinery,,747.0,0,0,1,0,0,0
1864361,-,b1782,scaffolding protein for murein synthesizing machinery,,747.0,0,0,1,0,0,0
1864530,-,b1782,scaffolding protein for murein synthesizing machinery,34.0,747.0,1,0,0,0,0,0
1864771,+,b1783,protein kinase%2C function unknown%3B autokinase,161.0,1935.0,1,0,0,0,0,0
1864921,+,b1783,protein kinase%2C function unknown%3B autokinase,11.0,1935.0,0,1,0,0,0,0
1864928,-,b1783,protein kinase%2C function unknown%3B autokinase,,1935.0,0,0,0,1,0,1
1864940,+,b1783,protein kinase%2C function unknown%3B autokinase,,1935.0,0,0,1,0,0,0
1865819,-,b1783,protein kinase%2C function unknown%3B autokinase,,1935.0,0,0,0,1,0,1
1866839,+,b1784,UPF0229 family protein,140.0,1284.0,1,0,0,0,0,0
1867851,-,b1784,UPF0229 family protein,,1284.0,0,0,0,1,0,1
1868122,-,b1784,UPF0229 family protein,,1284.0,0,0,0,1,0,1
1868360,-,b1784,UPF0229 family protein,,1284.0,0,0,0,1,0,1
1869120,-,b1785,putative membrane-anchored diguanylate cyclase,,1476.0,0,0,0,1,0,1
1869288,+,b1785,putative membrane-anchored diguanylate cyclase,,1476.0,0,0,1,0,0,0
1869295,+,b1785,putative membrane-anchored diguanylate cyclase,,1476.0,0,0,1,0,0,0
1869939,+,b1786,putative diguanylate cyclase,126.0,1491.0,0,1,0,0,0,0
1869995,+,b1786,putative diguanylate cyclase,70.0,1491.0,1,0,0,0,0,0
1870978,-,b1786,putative diguanylate cyclase,,1491.0,0,0,0,1,0,1
1871133,+,b1786,putative diguanylate cyclase,,1491.0,0,0,1,0,0,0
1871241,+,b1786,putative diguanylate cyclase,,1491.0,0,0,1,0,0,0
1872329,-,b1788,hypothetical protein,123.0,105.0,1,0,0,0,0,1
1872347,+,b1789,putative inner membrane protein%2C UPF0756 family,29.0,447.0,1,0,0,0,0,0
1873280,-,b1790,putative DNA-binding transcriptional regulator,,822.0,0,0,1,0,0,0
1873622,-,b1790,putative DNA-binding transcriptional regulator,22.0,822.0,1,0,0,0,0,1
1874016,+,b1791,putative transporter,,1182.0,0,0,1,0,0,0
1874897,-,b1791,putative transporter,,1182.0,0,0,0,1,0,1
1875127,-,b1792,hypothetical protein,,348.0,0,0,0,1,0,1
1875273,-,b1792,hypothetical protein,,348.0,0,0,0,1,0,1
1875591,+,b1794,diguanylate cyclase,148.0,1026.0,1,0,0,0,0,1
1875669,-,b1793,conserved outer membrane lipoprotein,113.0,255.0,1,0,0,0,0,1
1876186,-,b1794,diguanylate cyclase,,1026.0,0,0,0,1,0,1
1876365,+,b1794,diguanylate cyclase,,1026.0,0,0,1,0,0,0
1876577,-,b1794,diguanylate cyclase,,1026.0,0,0,0,1,0,1
1876806,+,b4675,expressed protein%2C membrane-associated,92.0,75.0,1,0,0,0,0,0
1876840,-,b1794,diguanylate cyclase,,1026.0,0,0,0,1,0,1
1878277,+,b1798,neutral amino-acid efflux system,,639.0,0,0,0,1,0,1
1878495,-,b1798,neutral amino-acid efflux system,,639.0,0,0,1,0,0,0
1878560,+,b1798,neutral amino-acid efflux system,,639.0,0,0,0,1,0,1
1878824,-,b1798,neutral amino-acid efflux system,41.0,639.0,1,0,0,0,0,0
1878829,-,b1798,neutral amino-acid efflux system,46.0,639.0,0,1,0,0,0,0
1879873,-,b1799,DNA-binding transcriptional activator for dmlA,40.0,924.0,1,0,0,0,0,1
1879901,+,b1800,D-malate oxidase%2C NAD-dependent%3B probable tartrate dehydrogenase,35.0,1086.0,1,0,0,0,0,1
1881168,+,b1801,putative transporter,44.0,1446.0,1,0,0,0,0,0
1881175,+,b1801,putative transporter,37.0,1446.0,0,1,0,0,0,0
1883991,-,b1803,putative oxidoreductase,,966.0,0,0,0,1,0,1
1884541,+,b1803,putative oxidoreductase,,966.0,0,0,1,0,0,0
1884658,+,b1803,putative oxidoreductase,,966.0,0,0,1,0,0,0
1885098,-,b1804,ribonuclease D,,1128.0,0,0,1,0,0,0
1885500,-,b1804,ribonuclease D,,1128.0,0,0,1,0,0,0
1886625,-,b1805,acyl-CoA synthetase %28long-chain-fatty-acid--CoA ligase%29,,1686.0,0,0,1,0,0,0
1887649,+,b1805,acyl-CoA synthetase %28long-chain-fatty-acid--CoA ligase%29,,1686.0,0,0,0,1,0,1
1887918,+,b1806,lipoprotein%2C RpoE-regulated%2C fucntion unknown,,582.0,0,0,0,1,0,1
1888004,-,b1805,acyl-CoA synthetase %28long-chain-fatty-acid--CoA ligase%29,234.0,1686.0,1,0,0,0,0,0
1888584,-,b1806,lipoprotein%2C RpoE-regulated%2C fucntion unknown,28.0,582.0,1,0,0,0,0,0
1889319,-,b1807,tRNA%28ANN%29 t%286%29A37 threonylcarbamoyladenosine modification protein%3B binding partner and protease for TsaD,28.0,696.0,1,0,0,0,0,0
1890719,-,b1808,conserved protein with nucleoside triphosphate hydrolase domain,,1911.0,0,0,1,0,0,0
1890993,+,b1808,conserved protein with nucleoside triphosphate hydrolase domain,,1911.0,0,0,0,1,0,1
1891257,+,b1809,putative reactive intermediate deaminase,134.0,345.0,0,1,0,0,0,1
1891279,-,b1808,conserved protein with nucleoside triphosphate hydrolase domain,20.0,1911.0,1,0,0,0,0,0
1891305,+,b1809,putative reactive intermediate deaminase,86.0,345.0,1,0,0,0,0,1
1891867,+,b1810,conserved protein%2C DUF1889 family,290.0,300.0,0,1,0,0,0,0
1892041,+,b1810,conserved protein%2C DUF1889 family,116.0,300.0,1,0,0,0,0,0
1892083,-,b1810,conserved protein%2C DUF1889 family,,300.0,0,0,0,1,0,1
1892122,+,b1810,conserved protein%2C DUF1889 family,35.0,300.0,0,1,0,0,0,0
1892412,-,b1810,conserved protein%2C DUF1889 family,,300.0,0,0,0,1,0,1
1892781,+,b1812,aminodeoxychorismate synthase%2C subunit I,48.0,1362.0,1,0,0,0,0,1
1893273,-,b1812,aminodeoxychorismate synthase%2C subunit I,,1362.0,0,0,0,1,0,1
1893630,+,b1812,aminodeoxychorismate synthase%2C subunit I,,1362.0,0,0,1,0,0,0
1893674,-,b1812,aminodeoxychorismate synthase%2C subunit I,,1362.0,0,0,0,1,0,1
1894154,-,b1812,aminodeoxychorismate synthase%2C subunit I,,1362.0,0,0,0,1,0,1
1894742,+,b1814,L-serine deaminase I,214.0,1365.0,0,1,0,0,0,0
1894787,+,b1814,L-serine deaminase I,169.0,1365.0,0,1,0,0,0,0
1894907,+,b1814,L-serine deaminase I,49.0,1365.0,1,0,0,0,0,0
1895120,+,b1814,L-serine deaminase I,,1365.0,0,0,1,0,0,0
1895920,-,b1814,L-serine deaminase I,,1365.0,0,0,0,1,0,1
1896104,+,b1814,L-serine deaminase I,,1365.0,0,0,1,0,0,0
1896252,+,b1815,putative membrane-anchored cyclic-di-GMP phosphodiesterase%2C regulator of cellulose production,199.0,1599.0,0,1,0,0,0,0
1896407,+,b1815,putative membrane-anchored cyclic-di-GMP phosphodiesterase%2C regulator of cellulose production,44.0,1599.0,1,0,0,0,0,0
1896602,+,b1815,putative membrane-anchored cyclic-di-GMP phosphodiesterase%2C regulator of cellulose production,,1599.0,0,0,1,0,0,0
1897162,-,b1815,putative membrane-anchored cyclic-di-GMP phosphodiesterase%2C regulator of cellulose production,,1599.0,0,0,0,1,0,1
1898217,-,b1816,fused predicted membrane protein%2Fconserved protein,,1557.0,0,0,1,0,0,0
1898383,-,b1816,fused predicted membrane protein%2Fconserved protein,,1557.0,0,0,1,0,0,0
1899642,-,b1816,fused predicted membrane protein%2Fconserved protein,33.0,1557.0,0,1,0,0,0,0
1899787,+,b1817,fused mannose-specific PTS enzymes: IIA component%2FIIB component,285.0,972.0,0,1,0,0,0,0
1899796,-,b1816,fused predicted membrane protein%2Fconserved protein,187.0,1557.0,0,1,0,0,0,0
1899857,-,b1816,fused predicted membrane protein%2Fconserved protein,248.0,1557.0,1,0,0,0,0,0
1899959,+,b1817,fused mannose-specific PTS enzymes: IIA component%2FIIB component,113.0,972.0,1,0,0,0,0,0
1900043,-,b1817,fused mannose-specific PTS enzymes: IIA component%2FIIB component,,972.0,0,0,0,1,0,1
1900096,+,b1817,fused mannose-specific PTS enzymes: IIA component%2FIIB component,,972.0,0,0,1,0,0,0
1900654,+,b1817,fused mannose-specific PTS enzymes: IIA component%2FIIB component,,972.0,0,0,1,0,0,0
1900728,-,b1817,fused mannose-specific PTS enzymes: IIA component%2FIIB component,,972.0,0,0,0,1,0,1
1901102,-,b1817,fused mannose-specific PTS enzymes: IIA component%2FIIB component,,972.0,0,0,0,1,0,1
1901134,-,b1817,fused mannose-specific PTS enzymes: IIA component%2FIIB component,,972.0,0,0,0,1,0,1
1901226,+,b1818,mannose-specific enzyme IIC component of PTS,,801.0,0,0,1,0,0,0
1901336,-,b1818,mannose-specific enzyme IIC component of PTS,,801.0,0,0,0,1,0,1
1901625,+,b1819,mannose-specific enzyme IID component of PTS,294.0,852.0,1,0,0,0,0,0
1901927,-,b1818,mannose-specific enzyme IIC component of PTS,,801.0,0,0,0,1,0,1
1902227,-,b1819,mannose-specific enzyme IID component of PTS,,852.0,0,0,0,1,0,1
1902561,+,b1820,inner membrane protein%2C UPF0266 family,264.0,459.0,1,0,0,0,0,0
1902768,-,b1819,mannose-specific enzyme IID component of PTS,,852.0,0,0,0,1,0,1
1903486,+,b1821,putative Mn%282%2B%29 efflux pump%2C mntR-regulated,226.0,567.0,1,0,0,0,0,0
1904167,+,b1821,putative Mn%282%2B%29 efflux pump%2C mntR-regulated,,567.0,0,0,1,0,0,0
1904467,+,b1822,23S rRNA m%281%29G745 methyltransferase%2C SAM-dependent,,810.0,0,0,0,1,0,1
1904500,-,b1822,23S rRNA m%281%29G745 methyltransferase%2C SAM-dependent,,810.0,0,0,1,0,0,0
1904623,-,b1822,23S rRNA m%281%29G745 methyltransferase%2C SAM-dependent,,810.0,0,0,1,0,0,0
1905108,-,b1822,23S rRNA m%281%29G745 methyltransferase%2C SAM-dependent,24.0,810.0,1,0,0,0,0,0
1905163,-,b1822,23S rRNA m%281%29G745 methyltransferase%2C SAM-dependent,79.0,810.0,0,1,0,0,0,0
1905512,+,b1823,stress protein%2C member of the CspA-family,,210.0,0,0,0,1,0,1
1905641,-,b1824,hypothetical protein,26.0,144.0,0,1,0,0,0,0
1905660,-,b1824,hypothetical protein,45.0,144.0,0,1,0,0,0,0
1905817,-,b1824,hypothetical protein,202.0,144.0,1,0,0,0,0,0
1906591,-,b1825,putative inner membrane protein,19.0,288.0,1,0,0,0,0,0
1906609,+,b1825,putative inner membrane protein,,288.0,0,0,0,1,0,1
1906634,-,b1825,putative inner membrane protein,62.0,288.0,0,1,0,0,0,0
1907180,+,b4536,hypothetical protein,,240.0,0,0,1,0,0,0
1907227,-,b4536,hypothetical protein,,240.0,0,0,0,1,0,1
1908162,-,b1827,DNA-binding transcriptional regulator f kdgK%2C kdgT%2C eda,39.0,792.0,1,0,0,0,0,0
1908185,+,b1828,putative transporter,115.0,1374.0,1,0,0,0,0,1
1908267,+,b1828,putative transporter,33.0,1374.0,0,1,0,0,0,0
1908752,+,b1828,putative transporter,,1374.0,0,0,1,0,0,0
1908851,+,b1828,putative transporter,,1374.0,0,0,1,0,0,0
1910642,-,b1829,putative endopeptidase,42.0,882.0,1,0,0,0,0,0
1910662,-,b1829,putative endopeptidase,62.0,882.0,0,1,0,0,0,0
1910780,+,b1830,carboxy-terminal protease for penicillin-binding protein 3,,2049.0,0,0,0,1,0,1
1911106,-,b1830,carboxy-terminal protease for penicillin-binding protein 3,,2049.0,0,0,1,0,0,0
1912615,+,b1830,carboxy-terminal protease for penicillin-binding protein 3,,2049.0,0,0,0,1,0,1
1913045,-,b1830,carboxy-terminal protease for penicillin-binding protein 3,205.0,2049.0,1,0,0,0,0,0
1913606,-,b1831,RNA chaperone%2C probable regulator of ProP translation,48.0,699.0,1,0,0,0,0,0
1914167,+,b1833,inner membrane protein,115.0,1284.0,0,1,0,0,0,1
1914190,-,b1832,free methionine-%28R%29-sulfoxide reductase,38.0,498.0,1,0,0,0,0,1
1914199,+,b1833,inner membrane protein,83.0,1284.0,0,1,0,0,0,1
1914252,+,b1833,inner membrane protein,30.0,1284.0,0,1,0,0,0,1
1914258,+,b1833,inner membrane protein,24.0,1284.0,1,0,0,0,0,0
1914283,-,b1832,free methionine-%28R%29-sulfoxide reductase,131.0,498.0,0,1,0,0,0,1
1914399,+,b1833,inner membrane protein,,1284.0,0,0,1,0,0,0
1915065,-,b1833,inner membrane protein,,1284.0,0,0,0,1,0,1
1915256,+,b1834,hypothetical protein,278.0,2634.0,0,1,0,0,0,0
1915263,+,b1834,hypothetical protein,271.0,2634.0,0,1,0,0,0,0
1915265,+,b1834,hypothetical protein,269.0,2634.0,1,0,0,0,0,0
1915293,-,b1833,inner membrane protein,,1284.0,0,0,0,1,0,1
1915721,+,b1834,hypothetical protein,,2634.0,0,0,1,0,0,0
1916090,-,b1834,hypothetical protein,,2634.0,0,0,0,1,0,1
1918220,+,b1835,16S rRNA m%285%29C1407 methyltransferase%2C SAM-dependent,27.0,1440.0,1,0,0,0,0,0
1918977,+,b1835,16S rRNA m%285%29C1407 methyltransferase%2C SAM-dependent,,1440.0,0,0,1,0,0,0
1919442,+,b1835,16S rRNA m%285%29C1407 methyltransferase%2C SAM-dependent,,1440.0,0,0,1,0,0,0
1919751,+,b1836,hypothetical protein,53.0,237.0,1,0,0,0,0,0
1920016,-,b1836,hypothetical protein,,237.0,0,0,0,1,0,1
1920109,+,b1837,hypothetical protein,36.0,192.0,1,0,0,0,0,0
1920121,+,b1837,hypothetical protein,24.0,192.0,0,1,0,0,0,0
1920229,-,b1837,hypothetical protein,,192.0,0,0,0,1,0,1
1920247,+,b1837,hypothetical protein,,192.0,0,0,1,0,0,1
1920282,-,b1837,hypothetical protein,,192.0,0,0,0,1,0,1
1920390,-,b1838,serine%2Fthreonine-specific protein phosphatase 1,,657.0,0,0,1,0,0,1
1920601,-,b1838,serine%2Fthreonine-specific protein phosphatase 1,,657.0,0,0,1,0,0,0
1920820,+,b4432,novel sRNA%2C function unknown,270.0,249.0,0,1,0,0,0,1
1920897,+,b4432,novel sRNA%2C function unknown,193.0,249.0,0,1,0,0,0,1
1921036,+,b4432,novel sRNA%2C function unknown,54.0,249.0,0,1,0,0,0,1
1921078,+,b4432,novel sRNA%2C function unknown,12.0,249.0,0,1,0,0,0,1
1921090,+,b4432,novel sRNA%2C function unknown,0.0,249.0,1,0,0,0,0,1
1921178,-,b1838,serine%2Fthreonine-specific protein phosphatase 1,185.0,657.0,1,0,0,0,0,1
1921230,-,b1838,serine%2Fthreonine-specific protein phosphatase 1,237.0,657.0,0,1,0,0,0,1
1921234,-,b1838,serine%2Fthreonine-specific protein phosphatase 1,241.0,657.0,0,1,0,0,0,1
1921526,-,b4433,novel sRNA%2C function unknown,218.0,121.0,0,1,0,0,0,0
1921550,-,b4433,novel sRNA%2C function unknown,242.0,121.0,1,0,0,0,0,0
1921575,+,b1839,hypothetical protein,,342.0,0,0,0,1,0,1
1922285,+,b1840,inner membrane protein,,873.0,0,0,0,1,0,1
1923089,-,b1841,hypothetical protein,96.0,375.0,1,0,0,0,0,1
1923110,+,b1842,DNA polymerase III%2C theta subunit,22.0,231.0,1,0,0,0,0,0
1923331,-,b1842,DNA polymerase III%2C theta subunit,,231.0,0,0,0,1,0,1
1923390,+,b1843,hypothetical protein,74.0,657.0,0,1,0,0,0,0
1923413,+,b1843,hypothetical protein,51.0,657.0,1,0,0,0,0,0
1923425,+,b1843,hypothetical protein,39.0,657.0,0,1,0,0,0,0
1924114,+,b1844,exodeoxyribonuclease 10%3B DNA exonuclease X,30.0,663.0,0,1,0,0,0,0
1924123,+,b1844,exodeoxyribonuclease 10%3B DNA exonuclease X,21.0,663.0,1,0,0,0,0,0
1924555,-,b1844,exodeoxyribonuclease 10%3B DNA exonuclease X,,663.0,0,0,0,1,0,1
1924602,+,b1844,exodeoxyribonuclease 10%3B DNA exonuclease X,,663.0,0,0,1,0,0,0
1924778,-,b1844,exodeoxyribonuclease 10%3B DNA exonuclease X,,663.0,0,0,0,1,0,1
1925330,-,b1845,protease II,,2061.0,0,0,1,0,0,0
1925438,-,b1845,protease II,,2061.0,0,0,1,0,0,0
1925723,-,b1845,protease II,,2061.0,0,0,1,0,0,0
1926293,-,b1845,protease II,,2061.0,0,0,1,0,0,0
1926443,-,b1845,protease II,,2061.0,0,0,1,0,0,0
1926659,-,b1845,protease II,,2061.0,0,0,1,0,0,0
1926870,+,b1845,protease II,,2061.0,0,0,0,1,0,1
1926889,-,b1845,protease II,26.0,2061.0,0,1,0,0,0,0
1926942,-,b1845,protease II,79.0,2061.0,0,1,0,0,0,0
1927159,-,b1845,protease II,296.0,2061.0,1,0,0,0,0,0
1927715,-,b1846,inner membrane protein%2C DUF533 family,,660.0,0,0,1,0,0,0
1927758,-,b1846,inner membrane protein%2C DUF533 family,27.0,660.0,1,0,0,0,0,0
1927782,-,b1846,inner membrane protein%2C DUF533 family,51.0,660.0,0,1,0,0,0,0
1928062,-,b1847,extracellular Colicin M immunity family protein,,357.0,0,0,1,0,0,0
1928108,-,b1847,extracellular Colicin M immunity family protein,,357.0,0,0,1,0,0,0
1928271,+,b1847,extracellular Colicin M immunity family protein,,357.0,0,0,0,1,0,1
1928467,+,b1847,extracellular Colicin M immunity family protein,,357.0,0,0,0,1,0,1
1928881,+,b1849,phosphoribosylglycinamide formyltransferase 2,24.0,1179.0,1,0,0,0,0,0
1929129,-,b1849,phosphoribosylglycinamide formyltransferase 2,,1179.0,0,0,0,1,0,1
1929751,-,b1849,phosphoribosylglycinamide formyltransferase 2,,1179.0,0,0,0,1,0,1
1929873,-,b1849,phosphoribosylglycinamide formyltransferase 2,,1179.0,0,0,0,1,0,1
1929931,+,b1849,phosphoribosylglycinamide formyltransferase 2,,1179.0,0,0,1,0,0,0
1930136,-,b1849,phosphoribosylglycinamide formyltransferase 2,,1179.0,0,0,0,1,0,1
1931066,-,b1850,multifunctional 2-keto-3-deoxygluconate 6-phosphate aldolase and 2-keto-4-hydroxyglutarate aldolase and oxaloacetate decarboxylase,286.0,642.0,1,0,0,0,0,0
1931130,-,b1851,6-phosphogluconate dehydratase,,1812.0,0,0,1,0,0,0
1932738,-,b1851,6-phosphogluconate dehydratase,110.0,1812.0,1,0,0,0,0,0
1933034,-,b1852,glucose-6-phosphate 1-dehydrogenase,,1476.0,0,0,1,0,0,0
1933222,-,b1852,glucose-6-phosphate 1-dehydrogenase,,1476.0,0,0,1,0,0,0
1933486,+,b1852,glucose-6-phosphate 1-dehydrogenase,,1476.0,0,0,0,1,0,1
1933514,+,b1852,glucose-6-phosphate 1-dehydrogenase,,1476.0,0,0,0,1,0,1
1934392,+,b1853,putative DNA-binding transcriptional regulator,284.0,870.0,1,0,0,0,0,1
1934427,-,b1852,glucose-6-phosphate 1-dehydrogenase,89.0,1476.0,1,0,0,0,0,0
1934614,+,b1853,putative DNA-binding transcriptional regulator,62.0,870.0,0,1,0,0,0,0
1934908,-,b1853,putative DNA-binding transcriptional regulator,,870.0,0,0,0,1,0,1
1934942,-,b1853,putative DNA-binding transcriptional regulator,,870.0,0,0,0,1,0,1
1935150,-,b1853,putative DNA-binding transcriptional regulator,,870.0,0,0,0,1,0,1
1935183,-,b1853,putative DNA-binding transcriptional regulator,,870.0,0,0,0,1,0,1
1935372,+,b1853,putative DNA-binding transcriptional regulator,,870.0,0,0,1,0,0,0
1935428,+,b1854,pyruvate kinase II,245.0,1443.0,0,1,0,0,0,0
1935518,+,b1854,pyruvate kinase II,155.0,1443.0,1,0,0,0,0,0
1935585,-,b1853,putative DNA-binding transcriptional regulator,,870.0,0,0,0,1,0,1
1935658,-,b1854,pyruvate kinase II,,1443.0,0,0,0,1,0,1
1936041,-,b1854,pyruvate kinase II,,1443.0,0,0,0,1,0,1
1936398,+,b1854,pyruvate kinase II,,1443.0,0,0,1,0,0,0
1937593,-,b1855,myristoyl-acyl carrier protein %28ACP%29-dependent acyltransferase,,972.0,0,0,1,0,0,0
1937654,+,b1855,myristoyl-acyl carrier protein %28ACP%29-dependent acyltransferase,,972.0,0,0,0,1,0,1
1938086,+,b1855,myristoyl-acyl carrier protein %28ACP%29-dependent acyltransferase,,972.0,0,0,0,1,0,1
1938208,+,b1855,myristoyl-acyl carrier protein %28ACP%29-dependent acyltransferase,,972.0,0,0,0,1,0,1
1938612,-,b1856,putative peptidase,,1323.0,0,0,1,0,0,0
1938775,+,b1856,putative peptidase,,1323.0,0,0,0,1,0,1
1939944,+,b1857,zinc transporter subunit: periplasmic-binding component of ABC superfamily,,933.0,0,0,0,1,0,1
1940106,-,b1857,zinc transporter subunit: periplasmic-binding component of ABC superfamily,,933.0,0,0,1,0,0,0
1940435,+,b1858,zinc transporter subunit: ATP-binding component of ABC superfamily,251.0,756.0,0,1,0,0,0,1
1940582,+,b1858,zinc transporter subunit: ATP-binding component of ABC superfamily,104.0,756.0,0,1,0,0,0,1
1940614,+,b1858,zinc transporter subunit: ATP-binding component of ABC superfamily,72.0,756.0,0,1,0,0,0,1
1940636,-,b1857,zinc transporter subunit: periplasmic-binding component of ABC superfamily,29.0,933.0,1,0,0,0,0,1
1940658,+,b1858,zinc transporter subunit: ATP-binding component of ABC superfamily,28.0,756.0,1,0,0,0,0,1
1940670,-,b1857,zinc transporter subunit: periplasmic-binding component of ABC superfamily,63.0,933.0,0,1,0,0,0,1
1941172,+,b1859,zinc transporter subunit: membrane component of ABC superfamily,266.0,786.0,1,0,0,0,0,0
1941449,+,b1859,zinc transporter subunit: membrane component of ABC superfamily,,786.0,0,0,1,0,0,0
1942211,+,b1859,zinc transporter subunit: membrane component of ABC superfamily,,786.0,0,0,1,0,0,0
1943474,-,b1860,ATP-dependent DNA helicase%2C component of RuvABC resolvasome,94.0,1011.0,1,0,0,0,0,0
1943818,+,b1861,component of RuvABC resolvasome%2C regulatory subunit,,612.0,0,0,0,1,0,1
1943917,-,b1861,component of RuvABC resolvasome%2C regulatory subunit,,612.0,0,0,1,0,0,0
1944032,-,b1861,component of RuvABC resolvasome%2C regulatory subunit,32.0,612.0,1,0,0,0,0,0
1944049,+,b1861,component of RuvABC resolvasome%2C regulatory subunit,,612.0,0,0,0,1,0,1
1944116,-,b1861,component of RuvABC resolvasome%2C regulatory subunit,116.0,612.0,0,1,0,0,0,0
1944118,-,b1861,component of RuvABC resolvasome%2C regulatory subunit,118.0,612.0,0,1,0,0,0,0
1944576,-,b1862,conserved protein%2C DUF830 family,,603.0,0,0,0,1,0,1
1945490,+,b1863,component of RuvABC resolvasome%2C endonuclease,,522.0,0,0,0,1,0,1
1945623,-,b1863,component of RuvABC resolvasome%2C endonuclease,223.0,522.0,1,0,0,0,0,0
1945892,+,b1864,conserved protein%2C UPF0082 family,,741.0,0,0,0,1,0,1
1946792,+,b1866,aspartyl-tRNA synthetase,,1773.0,0,0,0,1,0,1
1947031,-,b1866,aspartyl-tRNA synthetase,,1773.0,0,0,1,0,0,0
1947064,-,b1866,aspartyl-tRNA synthetase,,1773.0,0,0,1,0,0,0
1947511,-,b1866,aspartyl-tRNA synthetase,,1773.0,0,0,1,0,0,0
1947910,-,b1866,aspartyl-tRNA synthetase,,1773.0,0,0,1,0,0,0
1948108,-,b1866,aspartyl-tRNA synthetase,,1773.0,0,0,1,0,0,0
1948545,+,b1866,aspartyl-tRNA synthetase,,1773.0,0,0,0,1,0,1
1948641,-,b1866,aspartyl-tRNA synthetase,95.0,1773.0,1,0,0,0,0,0
1948726,-,b1866,aspartyl-tRNA synthetase,180.0,1773.0,0,1,0,0,0,0
1948736,-,b1866,aspartyl-tRNA synthetase,190.0,1773.0,0,1,0,0,0,0
1948796,+,b1867,isochorismatase family protein,60.0,567.0,1,0,0,0,0,0
1948904,-,b1867,isochorismatase family protein,,567.0,0,0,0,1,0,1
1949233,+,b1868,conserved protein%2C UPF0759 family,186.0,819.0,1,0,0,0,0,0
1949787,-,b1868,conserved protein%2C UPF0759 family,,819.0,0,0,0,1,0,1
1950021,-,b1868,conserved protein%2C UPF0759 family,,819.0,0,0,0,1,0,1
1950229,-,b1868,conserved protein%2C UPF0759 family,,819.0,0,0,0,1,0,1
1950260,+,b1869,inner membrane protein%2C MAPEG family,30.0,396.0,1,0,0,0,0,0
1950264,-,b1868,conserved protein%2C UPF0759 family,,819.0,0,0,0,1,0,1
1950455,+,b1870,tRNA cmo%285%29U34 methyltransferase%2C SAM-dependent,271.0,744.0,0,1,0,0,0,0
1950562,+,b1870,tRNA cmo%285%29U34 methyltransferase%2C SAM-dependent,164.0,744.0,0,1,0,0,0,0
1950701,+,b1870,tRNA cmo%285%29U34 methyltransferase%2C SAM-dependent,25.0,744.0,1,0,0,0,0,0
1950842,-,b1870,tRNA cmo%285%29U34 methyltransferase%2C SAM-dependent,,744.0,0,0,0,1,0,1
1950956,-,b1870,tRNA cmo%285%29U34 methyltransferase%2C SAM-dependent,,744.0,0,0,0,1,0,1
1951180,+,b1871,tRNA mo%285%29U34 methyltransferase%2C SAM-dependent,286.0,972.0,1,0,0,0,0,0
1951445,+,b1871,tRNA mo%285%29U34 methyltransferase%2C SAM-dependent,21.0,972.0,0,1,0,0,0,0
1952528,+,b1872,trimethylamine N-oxide reductase system III%2C catalytic subunit,,2430.0,0,0,0,1,0,1
1952657,-,b1872,trimethylamine N-oxide reductase system III%2C catalytic subunit,,2430.0,0,0,1,0,0,0
1953439,-,b1872,trimethylamine N-oxide reductase system III%2C catalytic subunit,,2430.0,0,0,1,0,0,0
1953608,+,b1872,trimethylamine N-oxide reductase system III%2C catalytic subunit,,2430.0,0,0,0,1,0,1
1953613,+,b1872,trimethylamine N-oxide reductase system III%2C catalytic subunit,,2430.0,0,0,0,1,0,1
1953710,-,b1872,trimethylamine N-oxide reductase system III%2C catalytic subunit,,2430.0,0,0,1,0,0,0
1955083,+,b1872,trimethylamine N-oxide reductase system III%2C catalytic subunit,,2430.0,0,0,0,1,0,1
1955219,-,b1872,trimethylamine N-oxide reductase system III%2C catalytic subunit,188.0,2430.0,1,0,0,0,0,0
1956771,-,b1874,copper homeostasis protein,,747.0,0,0,1,0,0,0
1957620,-,b1875,putative metal-binding enzyme,,567.0,0,0,1,0,0,0
1958006,-,b1875,putative metal-binding enzyme,136.0,567.0,1,0,0,0,0,1
1958503,+,b1876,arginyl-tRNA synthetase,,1734.0,0,0,1,0,0,0
1959650,+,b1876,arginyl-tRNA synthetase,,1734.0,0,0,1,0,0,0
1960026,+,b1877,hypothetical protein,,489.0,0,0,1,0,0,0
1960055,-,b1877,hypothetical protein,,489.0,0,0,0,1,0,1
1960133,-,b1877,hypothetical protein,,489.0,0,0,0,1,0,1
1960390,-,b1877,hypothetical protein,,489.0,0,0,0,1,0,1
1961993,-,b1879,putative flagellar export pore protein,,2079.0,0,0,1,0,0,0
1962030,-,b1879,putative flagellar export pore protein,,2079.0,0,0,1,0,0,0
1962834,-,b1879,putative flagellar export pore protein,,2079.0,0,0,1,0,0,0
1964239,-,b1880,flagellin export apparatus%2C substrate specificity protein,24.0,1149.0,1,0,0,0,0,0
1964241,-,b1880,flagellin export apparatus%2C substrate specificity protein,26.0,1149.0,0,1,0,0,0,0
1970739,-,b1886,methyl-accepting chemotaxis protein II,24.0,1662.0,1,0,0,0,0,0
1971750,-,b1888,fused chemotactic sensory histidine kinase in two-component regulatory system with CheB and CheY: sensory histidine kinase%2Fsignal sensing protein,,1965.0,0,0,1,0,0,0
1972146,+,b1888,fused chemotactic sensory histidine kinase in two-component regulatory system with CheB and CheY: sensory histidine kinase%2Fsignal sensing protein,,1965.0,0,0,0,1,0,1
1972684,+,b1888,fused chemotactic sensory histidine kinase in two-component regulatory system with CheB and CheY: sensory histidine kinase%2Fsignal sensing protein,,1965.0,0,0,0,1,0,1
1973671,+,b1889,protein that enables flagellar motor rotation,,927.0,0,0,0,1,0,1
1975164,+,b1890,proton conductor component of flagella motor,,888.0,0,0,0,1,0,1
1975314,+,b1891,DNA-binding transcriptional dual regulator with FlhD,,579.0,0,0,0,1,0,1
1975324,-,b1890,proton conductor component of flagella motor,161.0,888.0,1,0,0,0,0,0
1975341,+,b1891,DNA-binding transcriptional dual regulator with FlhD,,579.0,0,0,0,1,0,1
1976200,+,b1892,DNA-binding transcriptional dual regulator with FlhC,,351.0,0,0,0,1,0,1
1976419,-,b1892,DNA-binding transcriptional dual regulator with FlhC,198.0,351.0,1,0,0,0,0,0
1976504,-,b1892,DNA-binding transcriptional dual regulator with FlhC,283.0,351.0,0,1,0,0,0,0
1976562,+,b1893,IS1 transposase B,,504.0,0,0,0,1,0,1
1977009,+,b1893,IS1 transposase B,,504.0,0,0,0,1,0,1
1977257,-,b1894,IS1 repressor TnpA,18.0,276.0,1,0,0,0,0,0
1977299,-,b1894,IS1 repressor TnpA,60.0,276.0,0,1,0,0,0,0
1977301,-,b1894,IS1 repressor TnpA,62.0,276.0,0,1,0,0,0,0
1977692,+,b1895,universal stress protein,85.0,429.0,0,1,0,0,0,0
1977744,+,b1895,universal stress protein,33.0,429.0,1,0,0,0,0,0
1978221,-,b1896,trehalose-6-phosphate synthase,,1425.0,0,0,1,0,0,1
1978722,+,b1896,trehalose-6-phosphate synthase,,1425.0,0,0,0,1,0,1
1978757,-,b1896,trehalose-6-phosphate synthase,,1425.0,0,0,1,0,0,0
1979374,+,b1896,trehalose-6-phosphate synthase,,1425.0,0,0,0,1,0,1
1980464,-,b1897,trehalose-6-phosphate phosphatase%2C biosynthetic,53.0,801.0,1,0,0,0,0,0
1980568,+,b4460,fused L-arabinose transporter subunits of ABC superfamily: membrane components,,987.0,0,0,0,1,0,1
1980666,-,b1897,trehalose-6-phosphate phosphatase%2C biosynthetic,255.0,801.0,0,1,0,0,0,0
1981406,-,b4460,fused L-arabinose transporter subunits of ABC superfamily: membrane components,,987.0,0,0,1,0,0,0
1981555,-,b4460,fused L-arabinose transporter subunits of ABC superfamily: membrane components,,987.0,0,0,1,0,0,0
1982044,+,b1900,fused L-arabinose transporter subunits of ABC superfamily: ATP-binding components,,1515.0,0,0,0,1,0,1
1982461,+,b1900,fused L-arabinose transporter subunits of ABC superfamily: ATP-binding components,,1515.0,0,0,0,1,0,1
1983094,+,b1900,fused L-arabinose transporter subunits of ABC superfamily: ATP-binding components,,1515.0,0,0,0,1,0,1
1984028,-,b1901,L-arabinose transporter subunit,,990.0,0,0,1,0,0,0
1984263,-,b1901,L-arabinose transporter subunit,111.0,990.0,1,0,0,0,0,0
1984410,-,b1901,L-arabinose transporter subunit,258.0,990.0,0,1,0,0,0,0
1984722,+,b1902,ferritin B%2C probable ferrous iron reservoir,227.0,504.0,0,1,0,0,0,0
1984771,+,b1902,ferritin B%2C probable ferrous iron reservoir,178.0,504.0,0,1,0,0,0,0
1984821,+,b1902,ferritin B%2C probable ferrous iron reservoir,128.0,504.0,1,0,0,0,0,0
1985567,+,b4537,hypothetical protein,,252.0,0,0,0,1,0,1
1985826,+,b4537,hypothetical protein,,252.0,0,0,0,1,0,1
1985940,-,b4537,hypothetical protein,158.0,252.0,1,0,0,0,0,0
1986088,-,b4663,hypothetical protein,105.0,87.0,1,0,0,0,0,0
1986112,+,b1904,lipoprotein%2C function unknown,134.0,324.0,0,1,0,0,0,0
1986182,-,b4663,hypothetical protein,199.0,87.0,0,1,0,0,0,1
1986221,+,b1904,lipoprotein%2C function unknown,25.0,324.0,1,0,0,0,0,0
1986706,+,b1905,ferritin iron storage protein %28cytoplasmic%29,34.0,498.0,1,0,0,0,0,0
1986707,-,b1905,ferritin iron storage protein %28cytoplasmic%29,,498.0,0,0,0,1,0,1
1987533,-,b1906,DUF2492 family protein%2C function unknown,19.0,240.0,1,0,0,0,0,0
1987586,-,b1906,DUF2492 family protein%2C function unknown,72.0,240.0,0,1,0,0,0,0
1989673,-,b1908,conserved protein%2C UPF0149 family,30.0,666.0,0,1,0,0,0,0
1989923,-,b1908,conserved protein%2C UPF0149 family,280.0,666.0,1,0,0,0,0,0
1990207,-,b1911,tRNA-Gly,66.0,76.0,1,0,0,0,0,0
1990874,-,b1912,phosphatidylglycerophosphate synthetase,33.0,549.0,1,0,0,0,0,0
1991080,+,b1913,excinuclease UvrABC%2C endonuclease subunit,,1833.0,0,0,0,1,0,1
1991260,-,b1913,excinuclease UvrABC%2C endonuclease subunit,,1833.0,0,0,1,0,0,0
1992437,+,b1913,excinuclease UvrABC%2C endonuclease subunit,,1833.0,0,0,0,1,0,1
1992900,-,b1913,excinuclease UvrABC%2C endonuclease subunit,170.0,1833.0,1,0,0,0,0,0
1993427,-,b1914,DNA-binding response regulator in two-component regulatory system with BarA,44.0,657.0,1,0,0,0,0,0
1994258,+,b1916,quorum-sensing transcriptional activator,,723.0,0,0,0,1,0,1
1994658,+,b1916,quorum-sensing transcriptional activator,,723.0,0,0,0,1,0,1
1994904,+,b1916,quorum-sensing transcriptional activator,,723.0,0,0,0,1,0,1
1994917,-,b1916,quorum-sensing transcriptional activator,61.0,723.0,0,1,0,0,0,0
1994934,-,b1916,quorum-sensing transcriptional activator,78.0,723.0,1,0,0,0,0,0
1994945,+,b1916,quorum-sensing transcriptional activator,,723.0,0,0,0,1,0,1
1995550,+,b1917,putative transporter subunit: ATP-binding component of ABC superfamily,,753.0,0,0,0,1,0,1
1995647,+,b1917,putative transporter subunit: ATP-binding component of ABC superfamily,,753.0,0,0,0,1,0,1
1996502,+,b1918,inner membrane protein%2C predicted transporter subunit: membrane component of ABC superfamily,,669.0,0,0,0,1,0,1
1997532,-,b1919,D-cysteine desulfhydrase%2C PLP-dependent,28.0,987.0,1,0,0,0,0,0
1997996,+,b1920,cystine transporter subunit,,801.0,0,0,0,1,0,1
1998414,+,b1920,cystine transporter subunit,,801.0,0,0,0,1,0,1
1998434,-,b1920,cystine transporter subunit,25.0,801.0,0,1,0,0,0,0
1998491,-,b1920,cystine transporter subunit,82.0,801.0,1,0,0,0,0,0
1998511,+,b1921,RpoS antagonist%3B putative regulator of FliA activity,,552.0,0,0,0,1,0,1
1999334,+,b1922,RNA polymerase%2C sigma 28 %28sigma F%29 factor,,720.0,0,0,0,1,0,1
1999812,+,b1922,RNA polymerase%2C sigma 28 %28sigma F%29 factor,,720.0,0,0,0,1,0,1
1999831,-,b1922,RNA polymerase%2C sigma 28 %28sigma F%29 factor,18.0,720.0,0,1,0,0,0,0
1999843,-,b1922,RNA polymerase%2C sigma 28 %28sigma F%29 factor,30.0,720.0,1,0,0,0,0,0
2000731,+,b1923,flagellar filament structural protein %28flagellin%29,,1497.0,0,0,0,1,0,1
2000881,+,b1923,flagellar filament structural protein %28flagellin%29,,1497.0,0,0,0,1,0,1
2001043,+,b1923,flagellar filament structural protein %28flagellin%29,,1497.0,0,0,0,1,0,1
2001093,-,b1923,flagellar filament structural protein %28flagellin%29,,1497.0,0,0,1,0,0,0
2001649,+,b1924,flagellar filament capping protein,247.0,1407.0,0,1,0,0,0,1
2001699,-,b1923,flagellar filament structural protein %28flagellin%29,69.0,1497.0,1,0,0,0,0,0
2001817,+,b1924,flagellar filament capping protein,79.0,1407.0,0,1,0,0,0,0
2001838,+,b1924,flagellar filament capping protein,58.0,1407.0,1,0,0,0,0,0
2001860,+,b1924,flagellar filament capping protein,36.0,1407.0,0,1,0,0,0,0
2002675,-,b1924,flagellar filament capping protein,,1407.0,0,0,0,1,0,1
2003203,-,b1924,flagellar filament capping protein,,1407.0,0,0,0,1,0,1
2004156,+,b1927,cytoplasmic alpha-amylase,24.0,1488.0,1,0,0,0,0,0
2004478,-,b1927,cytoplasmic alpha-amylase,,1488.0,0,0,0,1,0,1
2004627,-,b1927,cytoplasmic alpha-amylase,,1488.0,0,0,0,1,0,1
2005020,+,b1927,cytoplasmic alpha-amylase,,1488.0,0,0,1,0,0,0
2005285,+,b1927,cytoplasmic alpha-amylase,,1488.0,0,0,1,0,0,0
2006140,-,b1928,lipoprotein,26.0,414.0,1,0,0,0,0,0
2006264,+,b1929,putative inner membrane protein,37.0,1206.0,1,0,0,0,0,0
2006511,+,b1929,putative inner membrane protein,,1206.0,0,0,1,0,0,0
2007197,+,b1929,putative inner membrane protein,,1206.0,0,0,1,0,0,0
2007539,+,b1930,conserved protein%2C UPF0033 family,,234.0,0,0,1,0,0,0
2007638,-,b1930,conserved protein%2C UPF0033 family,,234.0,0,0,0,1,0,1
2007655,+,b1931,hypothetical protein,190.0,669.0,0,1,0,0,0,0
2007772,-,b1930,conserved protein%2C UPF0033 family,,234.0,0,0,0,1,0,1
2007826,+,b1931,hypothetical protein,19.0,669.0,1,0,0,0,0,0
2008754,+,b1932,putative acyltransferase,,480.0,0,0,1,0,0,0
2010078,-,b4495,pseudo,,1129.0,0,0,1,0,0,0
2010222,+,b4495,pseudo,,1129.0,0,0,0,1,0,1
2010633,-,b4495,pseudo,258.0,1129.0,1,0,0,0,0,1
2011167,+,b1938,flagellar basal-body MS-ring and collar protein,86.0,1659.0,1,0,0,0,0,0
2011804,-,b1938,flagellar basal-body MS-ring and collar protein,,1659.0,0,0,0,1,0,1
2017609,+,b1944,flagellar biosynthesis protein,33.0,465.0,1,0,0,0,0,0
2021539,-,b1950,flagellar export pore protein,,786.0,0,0,0,1,0,1
2021860,+,b1951,DNA-binding transcriptional activator%2C co-regulator with RcsB,132.0,624.0,1,0,0,0,0,0
2022507,-,b1951,DNA-binding transcriptional activator%2C co-regulator with RcsB,,624.0,0,0,0,1,0,1
2022550,+,b1951,DNA-binding transcriptional activator%2C co-regulator with RcsB,,624.0,0,0,1,0,0,0
2022951,+,b1953,hypothetical protein,59.0,228.0,1,0,0,0,0,0
2022978,-,b1952,hypothetical protein,131.0,189.0,1,0,0,0,0,1
2023334,-,b1954,sRNA antisense regulator enhances translation of RpoS%2C Hfq-dependent,,87.0,0,0,1,0,0,1
2023368,-,b1954,sRNA antisense regulator enhances translation of RpoS%2C Hfq-dependent,31.0,87.0,1,0,0,0,0,0
2023546,+,b1955,putative mannosyl-3-phosphoglycerate phosphatase,,816.0,0,0,1,0,0,0
2024021,+,b1955,putative mannosyl-3-phosphoglycerate phosphatase,,816.0,0,0,1,0,0,0
2024039,-,b1955,putative mannosyl-3-phosphoglycerate phosphatase,,816.0,0,0,0,1,0,1
2025834,+,b1956,putative membrane-anchored diguanylate cyclase,,1695.0,0,0,0,1,0,1
2026106,-,b1956,putative membrane-anchored diguanylate cyclase,65.0,1695.0,1,0,0,0,0,0
2026115,-,b1956,putative membrane-anchored diguanylate cyclase,74.0,1695.0,0,1,0,0,0,0
2026130,+,b1956,putative membrane-anchored diguanylate cyclase,,1695.0,0,0,0,1,0,1
2026218,+,b1957,hypothetical protein,,183.0,0,0,0,1,0,1
2026247,-,b1956,putative membrane-anchored diguanylate cyclase,206.0,1695.0,0,1,0,0,0,0
2026350,-,b1957,hypothetical protein,,183.0,0,0,1,0,0,0
2026420,-,b1957,hypothetical protein,26.0,183.0,1,0,0,0,0,0
2026448,-,b1957,hypothetical protein,54.0,183.0,0,1,0,0,0,0
2027413,-,b1958,conserved inner membrane protein,23.0,918.0,1,0,0,0,0,0
2027536,+,b1959,amino acid exporter for phenylalanine%2C threonine,27.0,921.0,1,0,0,0,0,0
2028817,+,b1960,DNA mismatch endonuclease of very short patch repair,,471.0,0,0,0,1,0,1
2029921,-,b1961,DNA cytosine methyltransferase,,1419.0,0,0,1,0,0,0
2029941,+,b1961,DNA cytosine methyltransferase,,1419.0,0,0,0,1,0,1
2030098,+,b1961,DNA cytosine methyltransferase,,1419.0,0,0,0,1,0,1
2030364,-,b1961,DNA cytosine methyltransferase,23.0,1419.0,1,0,0,0,0,0
2030574,+,b1962,putative hydrolase%2C HD superfamily,,696.0,0,0,0,1,0,1
2030578,-,b1961,DNA cytosine methyltransferase,237.0,1419.0,0,1,0,0,0,0
2030731,-,b1962,putative hydrolase%2C HD superfamily,,696.0,0,0,1,0,0,0
2031123,-,b1962,putative hydrolase%2C HD superfamily,20.0,696.0,1,0,0,0,0,0
2031495,-,b1963,inner membrane protein,,366.0,0,0,1,0,0,0
2031702,+,b4603,sRNA antisense regulator of ompA and ompC translation%2C Hfq-dependent,,91.0,0,0,1,0,0,0
2032421,+,b4496,pseudo,,1193.0,0,0,1,0,0,0
2032865,+,b4496,pseudo,,1193.0,0,0,1,0,0,0
2033245,-,b4496,pseudo,,1193.0,0,0,0,1,0,1
2033655,+,b1967,glyoxalase III and Hsp31 molecular chaperone,204.0,852.0,1,0,0,0,0,0
2033804,+,b1967,glyoxalase III and Hsp31 molecular chaperone,55.0,852.0,0,1,0,0,0,0
2034680,+,b1967,glyoxalase III and Hsp31 molecular chaperone,,852.0,0,0,1,0,0,0
2036044,-,b1968,putative sensory kinase in two-component regulatory system with YedW,,1359.0,0,0,1,0,0,0
2036397,-,b1968,putative sensory kinase in two-component regulatory system with YedW,221.0,1359.0,1,0,0,0,0,0
2036847,-,b1969,putative DNA-binding response regulator in two-component system with YedV,0.0,672.0,1,0,0,0,0,0
2036858,-,b1969,putative DNA-binding response regulator in two-component system with YedV,11.0,672.0,0,1,0,0,0,0
2037306,-,b1970,hydroxyisourate hydrolase,,414.0,0,0,0,1,0,1
2037442,-,b1970,hydroxyisourate hydrolase,,414.0,0,0,0,1,0,1
2037773,+,b1971,membrane-anchored%2C periplasmic TMAO%2C DMSO reductase,,1005.0,0,0,1,0,0,0
2037895,+,b1971,membrane-anchored%2C periplasmic TMAO%2C DMSO reductase,,1005.0,0,0,1,0,0,0
2038507,+,b1972,inner membrane heme subunit for periplasmic YedYZ reductase,0.0,636.0,1,0,0,0,0,0
2038757,+,b1972,inner membrane heme subunit for periplasmic YedYZ reductase,,636.0,0,0,1,0,0,0
2038981,+,b1972,inner membrane heme subunit for periplasmic YedYZ reductase,,636.0,0,0,1,0,0,0
2039207,-,b1972,inner membrane heme subunit for periplasmic YedYZ reductase,,636.0,0,0,0,1,0,1
2039697,+,b1973,zinc and cadmium binding protein%2C periplasmic,,651.0,0,0,1,0,0,0
2040078,-,b1973,zinc and cadmium binding protein%2C periplasmic,,651.0,0,0,0,1,0,1
2040485,-,b1974,cytochrome b561 homolog,,531.0,0,0,0,1,0,1
2040839,+,b1974,cytochrome b561 homolog,,531.0,0,0,1,0,0,0
2041439,+,b1975,tRNA-Ser,,90.0,0,0,0,1,0,1
2041589,-,b1975,tRNA-Ser,8.0,90.0,1,0,0,0,0,1
2041612,-,b1975,tRNA-Ser,31.0,90.0,0,1,0,0,0,1
2041628,+,b1976,anti-repressor for DgsA%28Mlc%29,47.0,798.0,1,0,0,0,0,1
2041729,-,b1975,tRNA-Ser,148.0,90.0,0,1,0,0,0,1
2042562,+,b1977,tRNA-Asn,11.0,76.0,0,1,0,0,0,0
2042573,+,b1977,tRNA-Asn,0.0,76.0,1,0,0,0,0,0
2043541,-,b1978,putative adhesin,,7077.0,0,0,0,1,0,1
2043619,+,b1978,putative adhesin,,7077.0,0,0,1,0,0,0
2043649,-,b1978,putative adhesin,,7077.0,0,0,0,1,0,1
2044018,-,b1978,putative adhesin,,7077.0,0,0,0,1,0,1
2044917,-,b1978,putative adhesin,,7077.0,0,0,0,1,0,1
2045595,-,b1978,putative adhesin,,7077.0,0,0,0,1,0,1
2046340,-,b1978,putative adhesin,,7077.0,0,0,0,1,0,1
2046782,-,b1978,putative adhesin,,7077.0,0,0,0,1,0,1
2047193,-,b1978,putative adhesin,,7077.0,0,0,0,1,0,1
2047208,+,b1978,putative adhesin,,7077.0,0,0,1,0,0,0
2047458,+,b1978,putative adhesin,,7077.0,0,0,1,0,0,0
2048643,-,b1978,putative adhesin,,7077.0,0,0,0,1,0,1
2049325,+,b1978,putative adhesin,,7077.0,0,0,1,0,0,0
2049443,-,b1978,putative adhesin,,7077.0,0,0,0,1,0,1
2049556,+,b1978,putative adhesin,,7077.0,0,0,1,0,0,0
2049638,-,b1978,putative adhesin,,7077.0,0,0,0,1,0,1
2050012,-,b1978,putative adhesin,,7077.0,0,0,0,1,0,1
2050035,+,b1978,putative adhesin,,7077.0,0,0,1,0,0,0
2051195,+,b4497,pseudo,,1053.0,0,0,0,1,0,1
2051382,-,b4497,pseudo,30.0,1053.0,1,0,0,0,0,0
2051390,+,b1981,shikimate transporter,277.0,1317.0,0,1,0,0,0,1
2051590,+,b1981,shikimate transporter,77.0,1317.0,1,0,0,0,0,0
2051622,-,b4497,pseudo,270.0,1053.0,0,1,0,0,0,1
2051785,+,b1981,shikimate transporter,,1317.0,0,0,1,0,0,0
2052162,+,b1981,shikimate transporter,,1317.0,0,0,1,0,0,0
2052572,+,b1981,shikimate transporter,,1317.0,0,0,1,0,0,0
2052714,+,b1981,shikimate transporter,,1317.0,0,0,1,0,0,0
2053054,+,b1982,AMP nucleosidase,31.0,1455.0,1,0,0,0,0,0
2053180,-,b1982,AMP nucleosidase,,1455.0,0,0,0,1,0,1
2053463,+,b1982,AMP nucleosidase,,1455.0,0,0,1,0,0,0
2053640,-,b1982,AMP nucleosidase,,1455.0,0,0,0,1,0,1
2054822,+,b1983,conserved protein%2C UPF0082 family,60.0,717.0,1,0,0,0,0,0
2055587,+,b1983,conserved protein%2C UPF0082 family,,717.0,0,0,1,0,0,0
2056126,-,b1984,tRNA-Asn,0.0,76.0,1,0,0,0,0,0
2056137,-,b1984,tRNA-Asn,11.0,76.0,0,1,0,0,0,0
2056142,-,b1984,tRNA-Asn,16.0,76.0,0,1,0,0,0,0
2056397,-,b1984,tRNA-Asn,271.0,76.0,0,1,0,0,0,0
2056898,-,b1985,putative multdrug exporter%2C MATE family,,1488.0,0,0,1,0,0,0
2056928,+,b1985,putative multdrug exporter%2C MATE family,,1488.0,0,0,0,1,0,1
2057087,-,b1985,putative multdrug exporter%2C MATE family,,1488.0,0,0,1,0,0,0
2057460,+,b1985,putative multdrug exporter%2C MATE family,,1488.0,0,0,0,1,0,1
2057712,-,b1985,putative multdrug exporter%2C MATE family,,1488.0,0,0,1,0,0,0
2057866,+,b1986,tRNA-Asn,9.0,76.0,1,0,0,0,0,0
2058126,-,b1987,DNA-binding transcriptional activator for the ssuEADCB and tauABCD operons,,951.0,0,0,1,0,0,0
2058494,-,b1987,DNA-binding transcriptional activator for the ssuEADCB and tauABCD operons,,951.0,0,0,1,0,0,0
2058628,+,b1987,DNA-binding transcriptional activator for the ssuEADCB and tauABCD operons,,951.0,0,0,0,1,0,1
2058791,-,b1987,DNA-binding transcriptional activator for the ssuEADCB and tauABCD operons,,951.0,0,0,1,0,0,0
2059142,-,b1987,DNA-binding transcriptional activator for the ssuEADCB and tauABCD operons,204.0,951.0,1,0,0,0,0,0
2060273,+,b1989,tRNA-Asn,11.0,76.0,0,1,0,0,0,0
2060284,+,b1989,tRNA-Asn,0.0,76.0,1,0,0,0,0,0
2060563,-,b1990,L%2CD-transpeptidase linking Lpp to murein,,933.0,0,0,1,0,0,0
2060573,+,b1990,L%2CD-transpeptidase linking Lpp to murein,,933.0,0,0,0,1,0,1
2060631,-,b1990,L%2CD-transpeptidase linking Lpp to murein,,933.0,0,0,1,0,0,0
2060678,-,b1990,L%2CD-transpeptidase linking Lpp to murein,,933.0,0,0,1,0,0,0
2060696,+,b1990,L%2CD-transpeptidase linking Lpp to murein,,933.0,0,0,0,1,0,1
2060993,-,b1990,L%2CD-transpeptidase linking Lpp to murein,,933.0,0,0,1,0,0,0
2061222,-,b1990,L%2CD-transpeptidase linking Lpp to murein,,933.0,0,0,1,0,0,0
2061239,+,b1990,L%2CD-transpeptidase linking Lpp to murein,,933.0,0,0,0,1,0,1
2061270,-,b1990,L%2CD-transpeptidase linking Lpp to murein,,933.0,0,0,1,0,0,0
2061377,-,b1990,L%2CD-transpeptidase linking Lpp to murein,30.0,933.0,1,0,0,0,0,0
2061424,+,b1990,L%2CD-transpeptidase linking Lpp to murein,,933.0,0,0,0,1,0,1
2062762,-,b1991,nicotinate-nucleotide--dimethylbenzimidazole phosphoribosyltransferase,271.0,1080.0,1,0,0,0,0,0
2062863,-,b1992,cobalamin synthase,,744.0,0,0,1,0,0,0
2063136,-,b1992,cobalamin synthase,,744.0,0,0,1,0,0,0
2063512,-,b1992,cobalamin synthase,266.0,744.0,1,0,0,0,0,0
2063822,+,b1993,bifunctional cobinamide kinase%2F cobinamide phosphate guanylyltransferase,,546.0,0,0,0,1,0,1
2063871,-,b1993,bifunctional cobinamide kinase%2F cobinamide phosphate guanylyltransferase,83.0,546.0,1,0,0,0,0,0
2064020,-,b1993,bifunctional cobinamide kinase%2F cobinamide phosphate guanylyltransferase,232.0,546.0,0,1,0,0,0,0
2065336,-,b1994,IS5 transposase and trans-activator,,1017.0,0,0,1,0,0,0
2065372,-,b1994,IS5 transposase and trans-activator,27.0,1017.0,0,1,0,0,0,0
2065493,-,b1994,IS5 transposase and trans-activator,148.0,1017.0,1,0,0,0,0,0
2065617,+,b4640,pseudo,,533.0,0,0,0,1,0,1
2065942,-,b4640,pseudo,26.0,533.0,1,0,0,0,0,0
2065960,+,b4640,pseudo,,533.0,0,0,0,1,0,1
2065999,+,b4640,pseudo,,533.0,0,0,0,1,0,1
2066008,+,b4640,pseudo,,533.0,0,0,0,1,0,1
2066507,-,b4641,pseudo,64.0,159.0,1,0,0,0,0,0
2066699,-,b4641,pseudo,256.0,159.0,0,1,0,0,0,1
2067092,+,b1996,IS2 transposase TnpB,,906.0,0,0,0,1,0,1
2067734,-,b1996,IS2 transposase TnpB,,906.0,0,0,1,0,0,0
2067746,+,b1996,IS2 transposase TnpB,,906.0,0,0,0,1,0,1
2067920,-,b1996,IS2 transposase TnpB,39.0,906.0,1,0,0,0,0,0
2068232,-,b1997,IS2 repressor TnpA,28.0,366.0,1,0,0,0,0,1
2068245,+,b4582,pseudo,49.0,205.0,1,0,0,0,0,1
2068331,+,b4582,pseudo,,205.0,0,0,1,0,0,0
2068481,+,b1999,pseudo,203.0,552.0,0,1,0,0,0,0
2068595,+,b1999,pseudo,89.0,552.0,1,0,0,0,0,0
2068686,-,b1999,pseudo,,552.0,0,0,0,1,0,1
2069342,+,b2000,CP4-44 prophage%3B antigen 43 %28Ag43%29 phase-variable biofilm formation autotransporter,221.0,3120.0,1,0,0,0,0,0
2070763,-,b2000,CP4-44 prophage%3B antigen 43 %28Ag43%29 phase-variable biofilm formation autotransporter,,3120.0,0,0,0,1,0,1
2072079,-,b2000,CP4-44 prophage%3B antigen 43 %28Ag43%29 phase-variable biofilm formation autotransporter,,3120.0,0,0,0,1,0,1
2072259,-,b2000,CP4-44 prophage%3B antigen 43 %28Ag43%29 phase-variable biofilm formation autotransporter,,3120.0,0,0,0,1,0,1
2072764,-,b2000,CP4-44 prophage%3B antigen 43 %28Ag43%29 phase-variable biofilm formation autotransporter,,3120.0,0,0,0,1,0,1
2072773,-,b2000,CP4-44 prophage%3B antigen 43 %28Ag43%29 phase-variable biofilm formation autotransporter,,3120.0,0,0,0,1,0,1
2072789,+,b2001,CP4-44 prophage%3B predicted membrane protein,14.0,1533.0,1,0,0,0,0,0
2072795,-,b2001,CP4-44 prophage%3B predicted membrane protein,,1533.0,0,0,0,1,0,1
2072819,+,b2001,CP4-44 prophage%3B predicted membrane protein,,1533.0,0,0,1,0,0,0
2073423,-,b2001,CP4-44 prophage%3B predicted membrane protein,,1533.0,0,0,0,1,0,1
2073779,+,b2001,CP4-44 prophage%3B predicted membrane protein,,1533.0,0,0,1,0,0,0
2073854,-,b2001,CP4-44 prophage%3B predicted membrane protein,,1533.0,0,0,0,1,0,1
2074098,-,b2001,CP4-44 prophage%3B predicted membrane protein,,1533.0,0,0,0,1,0,1
2075491,-,b2004,CP4-44 prophage%3B cytoskeleton bundling-enhancing factor A%3B CbtA antitoxin,,369.0,0,0,0,1,0,1
2075552,-,b2004,CP4-44 prophage%3B cytoskeleton bundling-enhancing factor A%3B CbtA antitoxin,,369.0,0,0,0,1,0,1
2076002,+,b2006,pseudo,,168.0,0,0,1,0,0,0
2076101,-,b2006,pseudo,,168.0,0,0,0,1,0,1
2076644,-,b4642,pseudo,,129.0,0,0,1,0,0,0
2077491,-,b2007,conserved protein%2C UPF0265 family,106.0,330.0,1,0,0,0,0,0
2077533,-,b2007,conserved protein%2C UPF0265 family,148.0,330.0,0,1,0,0,0,0
2077698,-,b2008,inner membrane protein%2C FUSC family,,1059.0,0,0,1,0,0,0
2077853,-,b2008,inner membrane protein%2C FUSC family,,1059.0,0,0,1,0,0,0
2078595,-,b2008,inner membrane protein%2C FUSC family,,1059.0,0,0,1,0,0,0
2078743,-,b2008,inner membrane protein%2C FUSC family,128.0,1059.0,1,0,0,0,0,0
2078935,-,b2009,DNA gyrase inhibitor,,474.0,0,0,1,0,0,0
2079041,+,b2009,DNA gyrase inhibitor,,474.0,0,0,0,1,0,1
2079170,+,b2009,DNA gyrase inhibitor,,474.0,0,0,0,1,0,1
2079350,-,b2009,DNA gyrase inhibitor,64.0,474.0,1,0,0,0,0,0
2079857,-,b2010,D-alanyl-D-alanine carboxypeptidase %28penicillin-binding protein 6b%29,,1167.0,0,0,1,0,0,0
2079989,-,b2010,D-alanyl-D-alanine carboxypeptidase %28penicillin-binding protein 6b%29,,1167.0,0,0,1,0,0,0
2080016,-,b2010,D-alanyl-D-alanine carboxypeptidase %28penicillin-binding protein 6b%29,,1167.0,0,0,1,0,0,0
2080189,-,b2010,D-alanyl-D-alanine carboxypeptidase %28penicillin-binding protein 6b%29,,1167.0,0,0,1,0,0,0
2080756,+,b2011,exonuclease I,24.0,1428.0,1,0,0,0,0,0
2081048,-,b2011,exonuclease I,,1428.0,0,0,0,1,0,1
2081161,-,b2011,exonuclease I,,1428.0,0,0,0,1,0,1
2081176,+,b2011,exonuclease I,,1428.0,0,0,1,0,0,0
2081550,-,b2011,exonuclease I,,1428.0,0,0,0,1,0,1
2081806,+,b2011,exonuclease I,,1428.0,0,0,1,0,0,0
2083445,+,b2013,inner membrane protein%2C UPF0394 family,,1059.0,0,0,0,1,0,1
2083576,-,b2013,inner membrane protein%2C UPF0394 family,27.0,1059.0,1,0,0,0,0,0
2084499,+,b2014,putrescine importer%2C low affinity,,1359.0,0,0,0,1,0,1
2084951,-,b2014,putrescine importer%2C low affinity,,1359.0,0,0,1,0,0,0
2084960,-,b2014,putrescine importer%2C low affinity,,1359.0,0,0,1,0,0,0
2085083,+,b2014,putrescine importer%2C low affinity,,1359.0,0,0,0,1,0,1
2085192,+,b4678,hypothetical protein,,63.0,0,0,0,1,0,1
2085283,-,b4678,hypothetical protein,145.0,63.0,1,0,0,0,0,0
2085358,-,b4678,hypothetical protein,220.0,63.0,0,1,0,0,0,0
2085704,-,b2015,putative DNA-binding transcriptional regulator,,930.0,0,0,1,0,0,0
2086513,-,b2015,putative DNA-binding transcriptional regulator,231.0,930.0,1,0,0,0,0,0
2086587,-,b2016,putative epimerase%2C with NAD%28P%29-binding Rossmann-fold domain,,825.0,0,0,1,0,0,0
2086604,+,b2016,putative epimerase%2C with NAD%28P%29-binding Rossmann-fold domain,,825.0,0,0,0,1,0,1
2087176,-,b2016,putative epimerase%2C with NAD%28P%29-binding Rossmann-fold domain,24.0,825.0,1,0,0,0,0,0
2087187,-,b2016,putative epimerase%2C with NAD%28P%29-binding Rossmann-fold domain,35.0,825.0,0,1,0,0,0,0
2087199,+,b2016,putative epimerase%2C with NAD%28P%29-binding Rossmann-fold domain,,825.0,0,0,0,1,0,1
2087234,-,b2016,putative epimerase%2C with NAD%28P%29-binding Rossmann-fold domain,82.0,825.0,0,1,0,0,0,0
2087249,+,b2016,putative epimerase%2C with NAD%28P%29-binding Rossmann-fold domain,,825.0,0,0,0,1,0,1
2087412,+,b4539,toxin of the YoeB-YefM toxin-antitoxin system,,255.0,0,0,0,1,0,1
2087755,-,b2017,antitoxin of the YoeB-YefM toxin-antitoxin system,18.0,252.0,1,0,0,0,0,0
2087757,-,b2017,antitoxin of the YoeB-YefM toxin-antitoxin system,20.0,252.0,0,1,0,0,0,0
2087780,+,b2018,his operon leader peptide,240.0,51.0,0,1,0,0,0,1
2087830,+,b2018,his operon leader peptide,190.0,51.0,0,1,0,0,0,1
2087970,-,b2017,antitoxin of the YoeB-YefM toxin-antitoxin system,233.0,252.0,0,1,0,0,0,1
2087989,+,b2018,his operon leader peptide,31.0,51.0,1,0,0,0,0,0
2088009,-,b2017,antitoxin of the YoeB-YefM toxin-antitoxin system,272.0,252.0,0,1,0,0,0,1
2088317,+,b2019,ATP phosphoribosyltransferase,,900.0,0,0,1,0,0,0
2091388,+,b2022,fused histidinol-phosphatase%2Fimidazoleglycerol-phosphate dehydratase,104.0,1068.0,1,0,0,0,0,0
2091588,+,b2022,fused histidinol-phosphatase%2Fimidazoleglycerol-phosphate dehydratase,,1068.0,0,0,1,0,0,0
2094631,-,b2025,imidazole glycerol phosphate synthase%2C catalytic subunit with HisH,,777.0,0,0,0,1,0,1
2094649,+,b2026,fused phosphoribosyl-AMP cyclohydrolase%2Fphosphoribosyl-ATP pyrophosphatase,,612.0,0,0,1,0,0,0
2095482,-,b2027,regulator of length of O-antigen component of lipopolysaccharide chains,,981.0,0,0,1,0,0,0
2096076,-,b2027,regulator of length of O-antigen component of lipopolysaccharide chains,,981.0,0,0,1,0,0,0
2096101,+,b2027,regulator of length of O-antigen component of lipopolysaccharide chains,,981.0,0,0,0,1,0,1
2096223,-,b2027,regulator of length of O-antigen component of lipopolysaccharide chains,,981.0,0,0,1,0,0,0
2096355,-,b2027,regulator of length of O-antigen component of lipopolysaccharide chains,30.0,981.0,1,0,0,0,0,0
2096385,-,b2027,regulator of length of O-antigen component of lipopolysaccharide chains,60.0,981.0,0,1,0,0,0,0
2096414,+,b2027,regulator of length of O-antigen component of lipopolysaccharide chains,,981.0,0,0,0,1,0,1
2096665,-,b2028,UDP-glucose 6-dehydrogenase,,1167.0,0,0,1,0,0,0
2097467,+,b2028,UDP-glucose 6-dehydrogenase,,1167.0,0,0,0,1,0,1
2097565,-,b2028,UDP-glucose 6-dehydrogenase,,1167.0,0,0,1,0,0,0
2097696,-,b2028,UDP-glucose 6-dehydrogenase,59.0,1167.0,1,0,0,0,0,0
2097800,+,b2029,6-phosphogluconate dehydrogenase%2C decarboxylating,,1407.0,0,0,0,1,0,1
2098882,+,b2029,6-phosphogluconate dehydrogenase%2C decarboxylating,,1407.0,0,0,0,1,0,1
2099348,-,b2029,6-phosphogluconate dehydrogenase%2C decarboxylating,56.0,1407.0,1,0,0,0,0,0
2099691,-,b4571,pseudo,,349.0,0,0,1,0,0,0
2100926,-,b2030,IS5 transposase and trans-activator,,1017.0,0,0,1,0,0,0
2100962,-,b2030,IS5 transposase and trans-activator,27.0,1017.0,1,0,0,0,0,0
2100973,-,b2030,IS5 transposase and trans-activator,38.0,1017.0,0,1,0,0,0,0
2100989,+,b4571,pseudo,,446.0,0,0,0,1,0,1
2101212,-,b2030,IS5 transposase and trans-activator,277.0,1017.0,0,1,0,0,0,0
2101228,+,b4571,pseudo,,446.0,0,0,0,1,0,1
2101697,-,b4571,pseudo,284.0,446.0,1,0,0,0,0,0
2102541,-,b2032,lipopolysaccharide biosynthesis protein,8.0,1119.0,1,0,0,0,0,0
2102758,+,b2033,putative lipopolysaccharide biosynthesis O-acetyl transferase,,591.0,0,0,0,1,0,1
2102982,-,b2033,putative lipopolysaccharide biosynthesis O-acetyl transferase,,591.0,0,0,1,0,0,0
2103184,-,b2033,putative lipopolysaccharide biosynthesis O-acetyl transferase,76.0,591.0,0,1,0,0,0,0
2103253,-,b2033,putative lipopolysaccharide biosynthesis O-acetyl transferase,145.0,591.0,1,0,0,0,0,0
2103273,+,b2034,d-Galf:alpha-d-Glc beta-1%2C6-galactofuranosyltransferase,,993.0,0,0,0,1,0,1
2103278,+,b2034,d-Galf:alpha-d-Glc beta-1%2C6-galactofuranosyltransferase,,993.0,0,0,0,1,0,1
2104947,-,b2035,O-antigen polymerase,,1167.0,0,0,1,0,0,0
2105544,+,b2036,UDP-galactopyranose mutase%2C FAD%2FNAD%28P%29-binding,,1104.0,0,0,0,1,0,1
2106856,+,b2037,putative polisoprenol-linked O-antigen transporter,,1248.0,0,0,0,1,0,1
2106983,-,b2037,putative polisoprenol-linked O-antigen transporter,,1248.0,0,0,1,0,0,0
2107454,+,b2037,putative polisoprenol-linked O-antigen transporter,,1248.0,0,0,0,1,0,1
2107640,+,b2037,putative polisoprenol-linked O-antigen transporter,,1248.0,0,0,0,1,0,1
2108058,+,b2038,dTDP-4-deoxyrhamnose-3%2C5-epimerase,,558.0,0,0,0,1,0,1
2108698,-,b2039,glucose-1-phosphate thymidylyltransferase,,882.0,0,0,1,0,0,0
2108876,+,b2039,glucose-1-phosphate thymidylyltransferase,,882.0,0,0,0,1,0,1
2109124,+,b2039,glucose-1-phosphate thymidylyltransferase,,882.0,0,0,0,1,0,1
2109246,+,b2040,dTDP-4-dehydrorhamnose reductase subunit%2C NAD%28P%29-binding%2C of dTDP-L-rhamnose synthase,,900.0,0,0,0,1,0,1
2109319,-,b2039,glucose-1-phosphate thymidylyltransferase,276.0,882.0,1,0,0,0,0,0
2110344,-,b2041,dTDP-glucose 4%2C6 dehydratase%2C NAD%28P%29-binding,,1086.0,0,0,1,0,0,0
2111135,-,b2041,dTDP-glucose 4%2C6 dehydratase%2C NAD%28P%29-binding,50.0,1086.0,0,1,0,0,0,0
2111257,-,b2041,dTDP-glucose 4%2C6 dehydratase%2C NAD%28P%29-binding,172.0,1086.0,1,0,0,0,0,0
2111640,+,b2042,putative regulatory subunit for GalU,,894.0,0,0,0,1,0,1
2111930,+,b2042,putative regulatory subunit for GalU,,894.0,0,0,0,1,0,1
2112122,-,b2042,putative regulatory subunit for GalU,,894.0,0,0,1,0,0,0
2112375,-,b2042,putative regulatory subunit for GalU,24.0,894.0,1,0,0,0,0,0
2112440,-,b2042,putative regulatory subunit for GalU,89.0,894.0,0,1,0,0,0,0
2112483,-,b2042,putative regulatory subunit for GalU,132.0,894.0,0,1,0,0,0,0
2112609,-,b2042,putative regulatory subunit for GalU,258.0,894.0,0,1,0,0,0,0
2112882,-,b2043,colanic acid biosynthesis protein,,1395.0,0,0,1,0,0,0
2112895,+,b2043,colanic acid biosynthesis protein,,1395.0,0,0,0,1,0,1
2112903,+,b2043,colanic acid biosynthesis protein,,1395.0,0,0,0,1,0,1
2113224,+,b2043,colanic acid biosynthesis protein,,1395.0,0,0,0,1,0,1
2113297,-,b2043,colanic acid biosynthesis protein,,1395.0,0,0,1,0,0,0
2113402,+,b2043,colanic acid biosynthesis protein,,1395.0,0,0,0,1,0,1
2113783,+,b2043,colanic acid biosynthesis protein,,1395.0,0,0,0,1,0,1
2113994,+,b2043,colanic acid biosynthesis protein,,1395.0,0,0,0,1,0,1
2114850,-,b2044,putative glycosyl transferase,,1221.0,0,0,1,0,0,0
2116534,-,b2045,colanic acid biosynthesis protein,106.0,1281.0,1,0,0,0,0,0
2117308,+,b2046,putative colanic acid exporter,,1479.0,0,0,0,1,0,1
2117319,-,b2046,putative colanic acid exporter,,1479.0,0,0,1,0,0,0
2117848,+,b2046,putative colanic acid exporter,,1479.0,0,0,0,1,0,1
2119824,+,b2048,phosphomannomutase,,1371.0,0,0,0,1,0,1
2120704,+,b2048,phosphomannomutase,,1371.0,0,0,0,1,0,1
2121014,+,b2048,phosphomannomutase,,1371.0,0,0,0,1,0,1
2122949,+,b2050,putative glycosyl transferase,,1224.0,0,0,0,1,0,1
2123800,+,b2050,putative glycosyl transferase,,1224.0,0,0,0,1,0,1
2124816,+,b2052,bifunctional GDP-fucose synthetase: GDP-4-dehydro-6-deoxy-D-mannose epimerase%2F GDP-4-dehydro-6-L-deoxygalactose reductase,,966.0,0,0,0,1,0,1
2125828,+,b2053,GDP-D-mannose dehydratase%2C NAD%28P%29-binding,,1122.0,0,0,0,1,0,1
2126138,+,b2053,GDP-D-mannose dehydratase%2C NAD%28P%29-binding,,1122.0,0,0,0,1,0,1
2126603,+,b2054,putative acyl transferase,,549.0,0,0,0,1,0,1
2128282,-,b2056,putative colanic acid polymerase,,1218.0,0,0,1,0,0,0
2128623,-,b2056,putative colanic acid polymerase,,1218.0,0,0,1,0,0,0
2129456,+,b2057,putative glycosyl transferase,,1218.0,0,0,0,1,0,1
2131701,+,b2060,protein-tyrosine kinase,,2163.0,0,0,0,1,0,1
2133994,+,b2061,protein-tyrosine phosphatase,,444.0,0,0,0,1,0,1
2135887,+,b2063,inner membrane protein,39.0,1584.0,1,0,0,0,0,0
2138578,+,b2064,putative assembly protein,,1854.0,0,0,0,1,0,1
2139528,-,b2064,putative assembly protein,,1854.0,0,0,1,0,0,0
2139651,+,b2064,putative assembly protein,,1854.0,0,0,0,1,0,1
2140289,-,b2065,2%27-deoxycytidine 5%27-triphosphate deaminase,50.0,582.0,0,1,0,0,0,0
2140303,-,b2065,2%27-deoxycytidine 5%27-triphosphate deaminase,64.0,582.0,1,0,0,0,0,0
2140311,-,b2065,2%27-deoxycytidine 5%27-triphosphate deaminase,72.0,582.0,0,1,0,0,0,0
2140619,-,b2066,uridine%2Fcytidine kinase,,642.0,0,0,1,0,0,0
2141028,-,b2066,uridine%2Fcytidine kinase,56.0,642.0,1,0,0,0,0,0
2141228,+,b2067,putative diguanylate cyclase%2C GGDEF domain signaling protein,62.0,3318.0,0,1,0,0,0,0
2141233,-,b2066,uridine%2Fcytidine kinase,261.0,642.0,0,1,0,0,0,1
2141248,+,b2067,putative diguanylate cyclase%2C GGDEF domain signaling protein,42.0,3318.0,1,0,0,0,0,0
2142499,-,b2067,putative diguanylate cyclase%2C GGDEF domain signaling protein,,3318.0,0,0,0,1,0,1
2142915,-,b2067,putative diguanylate cyclase%2C GGDEF domain signaling protein,,3318.0,0,0,0,1,0,1
2144862,-,b2068,3-methyl-adenine DNA glycosylase II,,849.0,0,0,1,0,0,0
2145453,-,b2068,3-methyl-adenine DNA glycosylase II,,849.0,0,0,1,0,0,0
2145583,-,b2068,3-methyl-adenine DNA glycosylase II,19.0,849.0,1,0,0,0,0,0
2145672,+,b2069,putative chaperone,26.0,1353.0,1,0,0,0,0,0
2145983,-,b2069,putative chaperone,,1353.0,0,0,0,1,0,1
2146707,+,b2069,putative chaperone,,1353.0,0,0,1,0,0,0
2146742,+,b2069,putative chaperone,,1353.0,0,0,1,0,0,0
2147010,+,b2069,putative chaperone,,1353.0,0,0,1,0,0,1
2147643,-,b2070,hypothetical protein,,1947.0,0,0,1,0,0,0
2147749,-,b2070,hypothetical protein,,1947.0,0,0,1,0,0,0
2147766,+,b2070,hypothetical protein,,1947.0,0,0,0,1,0,1
2148011,+,b2070,hypothetical protein,,1947.0,0,0,0,1,0,1
2151201,+,b4436,sRNA antisense regulator of toxic IbsA protein,132.0,143.0,1,0,0,0,0,1
2151335,+,b4436,sRNA antisense regulator of toxic IbsA protein,,143.0,0,0,1,0,0,1
2151420,-,b2073,hypothetical protein,268.0,660.0,0,1,0,0,0,1
2151422,-,b2073,hypothetical protein,270.0,660.0,1,0,0,0,0,1
2151523,-,b4667,toxic membrane protein,91.0,60.0,1,0,0,0,0,1
2151648,+,b4437,sRNA antisense regulator of toxic IbsB protein,20.0,136.0,1,0,0,0,0,1
2151670,+,b4437,sRNA antisense regulator of toxic IbsB protein,,136.0,0,0,1,0,0,1
2151784,+,b2074,multidrug efflux system%2C subunit A,256.0,1248.0,1,0,0,0,0,1
2151851,-,b4668,toxic membrane protein,90.0,57.0,1,0,0,0,0,1
2151942,-,b4668,toxic membrane protein,181.0,57.0,0,1,0,0,0,1
2152003,+,b2074,multidrug efflux system%2C subunit A,37.0,1248.0,0,1,0,0,0,0
2154301,-,b2075,multidrug efflux system%2C subunit B,,3123.0,0,0,0,1,0,1
2155003,+,b2075,multidrug efflux system%2C subunit B,,3123.0,0,0,1,0,0,0
2156039,-,b2075,multidrug efflux system%2C subunit B,,3123.0,0,0,0,1,0,1
2156861,+,b2076,multidrug efflux system%2C subunit C,,3078.0,0,0,1,0,0,0
2157244,-,b2076,multidrug efflux system%2C subunit C,,3078.0,0,0,0,1,0,1
2158687,+,b2076,multidrug efflux system%2C subunit C,,3078.0,0,0,1,0,0,0
2158792,-,b2076,multidrug efflux system%2C subunit C,,3078.0,0,0,0,1,0,1
2159139,-,b2076,multidrug efflux system%2C subunit C,,3078.0,0,0,0,1,0,1
2160857,-,b2077,putative arabinose efflux transporter,,1416.0,0,0,0,1,0,1
2161049,+,b2078,sensory histidine kinase in two-component regulatory system with BaeR,,1404.0,0,0,1,0,0,0
2161578,-,b2078,sensory histidine kinase in two-component regulatory system with BaeR,,1404.0,0,0,0,1,0,1
2161769,+,b2078,sensory histidine kinase in two-component regulatory system with BaeR,,1404.0,0,0,1,0,0,0
2162220,+,b2079,DNA-binding response regulator in two-component regulatory system with BaeS,80.0,723.0,0,1,0,0,0,0
2162270,+,b2079,DNA-binding response regulator in two-component regulatory system with BaeS,30.0,723.0,1,0,0,0,0,0
2162289,-,b2078,sensory histidine kinase in two-component regulatory system with BaeR,,1404.0,0,0,0,1,0,1
2162780,+,b2079,DNA-binding response regulator in two-component regulatory system with BaeS,,723.0,0,0,1,0,0,0
2163156,+,b2080,conserved protein%2C UPF0339 family,57.0,333.0,1,0,0,0,0,0
2163203,-,b2080,conserved protein%2C UPF0339 family,,333.0,0,0,0,1,0,1
2163434,-,b2080,conserved protein%2C UPF0339 family,,333.0,0,0,0,1,0,1
2163617,+,b2081,putative peptidase,75.0,1362.0,1,0,0,0,0,0
2163964,-,b2081,putative peptidase,,1362.0,0,0,0,1,0,1
2164324,-,b2081,putative peptidase,,1362.0,0,0,0,1,0,1
2164964,+,b4438,sRNA antisense regulator of ompX mRNA instability%2C Hfq-dependent%2C cAMP-induced,174.0,87.0,0,1,0,0,0,0
2165114,-,b2081,putative peptidase,,1362.0,0,0,0,1,0,1
2165138,+,b4438,sRNA antisense regulator of ompX mRNA instability%2C Hfq-dependent%2C cAMP-induced,0.0,87.0,1,0,0,0,0,0
2165572,-,b2082,positive regulator of P2 growth %28insertion of P2 ogr gene into the chromosome%29,28.0,219.0,1,0,0,0,0,0
2166047,-,b2083,pseudo,209.0,213.0,1,0,0,0,0,0
2166371,-,b2085,hypothetical protein,41.0,318.0,1,0,0,0,0,0
2166709,+,b2086,phosphatidylglycerol kinase%2C metal-dependent,27.0,900.0,1,0,0,0,0,0
2166725,-,b2086,phosphatidylglycerol kinase%2C metal-dependent,,900.0,0,0,0,1,0,1
2167251,+,b2086,phosphatidylglycerol kinase%2C metal-dependent,,900.0,0,0,1,0,0,0
2167573,+,b2086,phosphatidylglycerol kinase%2C metal-dependent,,900.0,0,0,1,0,0,0
2167782,-,b4498,pseudo,,475.0,0,0,1,0,0,0
2168141,+,b2088,IS3 transposase A,119.0,300.0,1,0,0,0,0,1
2168385,-,b4498,pseudo,194.0,475.0,1,0,0,0,0,1
2168387,-,b4498,pseudo,196.0,475.0,0,1,0,0,0,1
2169284,-,b2089,IS3 transposase B,,867.0,0,0,0,1,0,1
2169361,+,b2089,IS3 transposase B,,867.0,0,0,1,0,0,1
2170201,-,b2091,galactitol-1-phosphate dehydrogenase%2C Zn-dependent and NAD%28P%29-binding,,1041.0,0,0,1,0,0,0
2170393,-,b2091,galactitol-1-phosphate dehydrogenase%2C Zn-dependent and NAD%28P%29-binding,,1041.0,0,0,1,0,0,0
2171205,-,b2092,galactitol-specific enzyme IIC component of PTS,,1356.0,0,0,1,0,0,0
2171517,-,b2092,galactitol-specific enzyme IIC component of PTS,,1356.0,0,0,1,0,0,0
2172495,-,b2092,galactitol-specific enzyme IIC component of PTS,195.0,1356.0,1,0,0,0,0,0
2172510,+,b2093,galactitol-specific enzyme IIB component of PTS,,285.0,0,0,0,1,0,1
2175245,+,b2096,D-tagatose 1%2C6-bisphosphate aldolase 2%2C catalytic subunit,,855.0,0,0,0,1,0,1
2175303,-,b2096,D-tagatose 1%2C6-bisphosphate aldolase 2%2C catalytic subunit,77.0,855.0,1,0,0,0,0,0
2176399,+,b2097,fructose-bisphosphate aldolase class I,,1053.0,0,0,0,1,0,1
2176599,+,b2098,nucleoside transporter%2C low affinity,244.0,1278.0,0,1,0,0,0,1
2176653,-,b2097,fructose-bisphosphate aldolase class I,67.0,1053.0,1,0,0,0,0,0
2176808,+,b2098,nucleoside transporter%2C low affinity,35.0,1278.0,1,0,0,0,0,0
2179995,+,b2100,putative kinase,,966.0,0,0,1,0,0,1
2180827,-,b2101,putative DNA-binding transcriptional regulator,24.0,747.0,1,0,0,0,0,0
2181396,-,b2102,putative hydrolase,,819.0,0,0,1,0,0,0
2181552,+,b2102,putative hydrolase,,819.0,0,0,0,1,0,1
2181639,+,b2102,putative hydrolase,,819.0,0,0,0,1,0,1
2181720,-,b2102,putative hydrolase,47.0,819.0,1,0,0,0,0,0
2181738,+,b2102,putative hydrolase,,819.0,0,0,0,1,0,1
2182289,+,b2103,bifunctional hydroxy-methylpyrimidine kinase%2F hydroxy-phosphomethylpyrimidine kinase,,801.0,0,0,0,1,0,1
2183473,-,b2104,hydoxyethylthiazole kinase,150.0,789.0,1,0,0,0,0,0
2183561,+,b2105,DNA-binding transcriptional repressor of rcnA,,273.0,0,0,0,1,0,1
2183843,-,b2105,DNA-binding transcriptional repressor of rcnA,25.0,273.0,1,0,0,0,0,1
2184813,+,b2107,periplasmic modulator of Ni and Co efflux,169.0,339.0,0,1,0,0,0,0
2184884,+,b2107,periplasmic modulator of Ni and Co efflux,98.0,339.0,0,1,0,0,0,0
2184952,+,b2107,periplasmic modulator of Ni and Co efflux,30.0,339.0,1,0,0,0,0,0
2185288,+,b2107,periplasmic modulator of Ni and Co efflux,,339.0,0,0,1,0,0,0
2186214,+,b2108,putative fimbrial-like adhesin protein,,1035.0,0,0,0,1,0,1
2186359,-,b2108,putative fimbrial-like adhesin protein,,1035.0,0,0,1,0,0,0
2187556,+,b2109,putative outer membrane protein,,2481.0,0,0,0,1,0,1
2188068,-,b2109,putative outer membrane protein,,2481.0,0,0,1,0,0,0
2190296,-,b2111,putative fimbrial-like adhesin protein,52.0,543.0,1,0,0,0,0,0
2190638,-,b2112,hypothetical protein,,282.0,0,0,1,0,0,0
2190747,-,b2112,hypothetical protein,,282.0,0,0,1,0,0,0
2190865,-,b2112,hypothetical protein,47.0,282.0,1,0,0,0,0,0
2190900,-,b2112,hypothetical protein,82.0,282.0,0,1,0,0,0,0
2191023,-,b2112,hypothetical protein,205.0,282.0,0,1,0,0,0,0
2192221,-,b2113,antiporter inner membrane protein,31.0,1110.0,1,0,0,0,0,0
2192291,+,b2114,methionyl-tRNA synthetase,31.0,2034.0,1,0,0,0,0,0
2193160,+,b2114,methionyl-tRNA synthetase,,2034.0,0,0,1,0,0,0
2193420,-,b2114,methionyl-tRNA synthetase,,2034.0,0,0,0,1,0,1
2194208,-,b2114,methionyl-tRNA synthetase,,2034.0,0,0,0,1,0,1
2195200,-,b4499,pseudo,,3796.0,0,0,0,1,0,1
2195261,+,b4499,pseudo,,3796.0,0,0,1,0,0,0
2195427,-,b4499,pseudo,,3796.0,0,0,0,1,0,1
2195553,-,b4499,pseudo,,3796.0,0,0,0,1,0,1
2195766,+,b4499,pseudo,,3796.0,0,0,1,0,0,0
2195874,-,b4499,pseudo,,3796.0,0,0,0,1,0,1
2196095,-,b4499,pseudo,,3796.0,0,0,0,1,0,1
2196232,-,b4499,pseudo,,3796.0,0,0,0,1,0,1
2196453,+,b4499,pseudo,,3796.0,0,0,1,0,0,0
2197733,-,b4499,pseudo,,3796.0,0,0,0,1,0,1
2198617,+,b2118,hypothetical protein,,3633.0,0,0,1,0,0,0
2199037,+,b2118,hypothetical protein,,3633.0,0,0,1,0,0,0
2199067,+,b2118,hypothetical protein,,3633.0,0,0,1,0,0,0
2199273,-,b2118,hypothetical protein,,3633.0,0,0,0,1,0,1
2199630,-,b2118,hypothetical protein,,3633.0,0,0,0,1,0,1
2199658,-,b2118,hypothetical protein,,3633.0,0,0,0,1,0,1
2200003,+,b2118,hypothetical protein,,3633.0,0,0,1,0,0,0
2200220,+,b2118,hypothetical protein,,3633.0,0,0,1,0,0,0
2200295,-,b2118,hypothetical protein,,3633.0,0,0,0,1,0,1
2200923,-,b2118,hypothetical protein,,3633.0,0,0,0,1,0,1
2201580,+,b2118,hypothetical protein,,3633.0,0,0,1,0,0,0
2201921,-,b2118,hypothetical protein,,3633.0,0,0,0,1,0,1
2202359,-,b4541,hypothetical protein,,318.0,0,0,0,1,0,1
2202424,+,b2119,putative transporter subunit: ATP-binding component of ABC superfamily,194.0,1089.0,1,0,0,0,0,0
2202584,+,b2119,putative transporter subunit: ATP-binding component of ABC superfamily,34.0,1089.0,0,1,0,0,0,0
2203586,-,b2119,putative transporter subunit: ATP-binding component of ABC superfamily,,1089.0,0,0,0,1,0,1
2204780,+,b2120,hypothetical protein,,2280.0,0,0,1,0,0,0
2205007,+,b2120,hypothetical protein,,2280.0,0,0,1,0,0,0
2205408,-,b2120,hypothetical protein,,2280.0,0,0,0,1,0,1
2205901,-,b2120,hypothetical protein,,2280.0,0,0,0,1,0,1
2206568,-,b2121,hypothetical protein,,1137.0,0,0,0,1,0,1
2207961,-,b2122,pseudo,,2001.0,0,0,0,1,0,1
2208963,+,b2123,lipoprotein%2C DUF1307 family,284.0,462.0,1,0,0,0,0,0
2209180,-,b2122,pseudo,,2001.0,0,0,0,1,0,1
2209289,+,b2123,lipoprotein%2C DUF1307 family,,462.0,0,0,1,0,0,0
2209889,-,b2124,conserved protein%2C DUF1456 family,,471.0,0,0,1,0,0,0
2210248,-,b2124,conserved protein%2C DUF1456 family,30.0,471.0,1,0,0,0,0,0
2210744,-,b2125,putative response regulator in two-component system withYehU,,720.0,0,0,1,0,0,0
2211790,-,b2126,putative sensory kinase in two-component system with YehT%2C inner membrane protein,,1686.0,0,0,1,0,0,0
2211826,-,b2126,putative sensory kinase in two-component system with YehT%2C inner membrane protein,,1686.0,0,0,1,0,0,0
2212694,-,b2126,putative sensory kinase in two-component system with YehT%2C inner membrane protein,28.0,1686.0,1,0,0,0,0,0
2212942,+,b2127,DNA-binding transcriptional regulator,,732.0,0,0,1,0,0,0
2213654,+,b4542,hypothetical protein,25.0,108.0,0,1,0,0,0,0
2213659,+,b4542,hypothetical protein,20.0,108.0,1,0,0,0,0,0
2213668,-,b2127,DNA-binding transcriptional regulator,,732.0,0,0,0,1,0,1
2214207,-,b2128,putative transporter subunit: membrane component of ABC superfamily,,732.0,0,0,1,0,0,0
2215089,+,b2129,putative transporter subunit: ATP-binding component of ABC superfamily,,927.0,0,0,0,1,0,1
2215604,-,b2129,putative transporter subunit: ATP-binding component of ABC superfamily,175.0,927.0,1,0,0,0,0,0
2216159,+,b2130,putative transporter subunit: membrane component of ABC superfamily,,1158.0,0,0,0,1,0,1
2217545,-,b2131,putative transporter subunit: periplasmic-binding component of ABC superfamily,42.0,918.0,1,0,0,0,0,0
2217774,+,b2132,beta-D-glucoside glucohydrolase%2C periplasmic,,2298.0,0,0,0,1,0,1
2217843,+,b2132,beta-D-glucoside glucohydrolase%2C periplasmic,,2298.0,0,0,0,1,0,1
2218145,-,b2132,beta-D-glucoside glucohydrolase%2C periplasmic,,2298.0,0,0,1,0,0,0
2218637,-,b2132,beta-D-glucoside glucohydrolase%2C periplasmic,,2298.0,0,0,1,0,0,0
2219315,+,b2132,beta-D-glucoside glucohydrolase%2C periplasmic,,2298.0,0,0,0,1,0,1
2220065,-,b2132,beta-D-glucoside glucohydrolase%2C periplasmic,54.0,2298.0,1,0,0,0,0,0
2220176,+,b2133,D-lactate dehydrogenase%2C FAD-binding%2C NADH independent,31.0,1716.0,1,0,0,0,0,0
2220190,+,b2133,D-lactate dehydrogenase%2C FAD-binding%2C NADH independent,17.0,1716.0,0,1,0,0,0,0
2220220,-,b2132,beta-D-glucoside glucohydrolase%2C periplasmic,209.0,2298.0,0,1,0,0,0,1
2220223,-,b2132,beta-D-glucoside glucohydrolase%2C periplasmic,212.0,2298.0,0,1,0,0,0,1
2220510,+,b2133,D-lactate dehydrogenase%2C FAD-binding%2C NADH independent,,1716.0,0,0,1,0,0,0
2220945,+,b2133,D-lactate dehydrogenase%2C FAD-binding%2C NADH independent,,1716.0,0,0,1,0,0,0
2221665,-,b2133,D-lactate dehydrogenase%2C FAD-binding%2C NADH independent,,1716.0,0,0,0,1,0,1
2221883,-,b2133,D-lactate dehydrogenase%2C FAD-binding%2C NADH independent,,1716.0,0,0,0,1,0,1
2222040,-,b2134,D-alanyl-D-alanine endopeptidase,,933.0,0,0,1,0,0,0
2222156,+,b2134,D-alanyl-D-alanine endopeptidase,,933.0,0,0,0,1,0,1
2222276,-,b2134,D-alanyl-D-alanine endopeptidase,,933.0,0,0,1,0,0,0
2222720,-,b2134,D-alanyl-D-alanine endopeptidase,,933.0,0,0,1,0,0,0
2222963,-,b2134,D-alanyl-D-alanine endopeptidase,71.0,933.0,1,0,0,0,0,0
2223087,-,b2134,D-alanyl-D-alanine endopeptidase,195.0,933.0,0,1,0,0,0,0
2223200,-,b2135,inner membrane protein%2C Yip1 family,,588.0,0,0,1,0,0,0
2223465,-,b2135,inner membrane protein%2C Yip1 family,,588.0,0,0,1,0,0,0
2223686,-,b2135,inner membrane protein%2C Yip1 family,33.0,588.0,1,0,0,0,0,0
2223799,+,b2136,inner membrane protein%2C DedA family,24.0,579.0,1,0,0,0,0,0
2225025,-,b2137,putative oxidoreductase with NAD%28P%29-binding Rossmann-fold domain,,762.0,0,0,1,0,0,0
2225318,-,b2137,putative oxidoreductase with NAD%28P%29-binding Rossmann-fold domain,26.0,762.0,1,0,0,0,0,0
2225335,+,b2137,putative oxidoreductase with NAD%28P%29-binding Rossmann-fold domain,,762.0,0,0,0,1,0,1
2225803,-,b2139,pseudo,,1436.0,0,0,1,0,0,0
2226884,-,b2139,pseudo,104.0,1436.0,1,0,0,0,0,0
2226980,+,b4679,hypothetical protein,24.0,84.0,1,0,0,0,0,0
2227547,-,b2140,tRNA-dihydrouridine synthase C,,948.0,0,0,1,0,0,0
2227686,-,b2140,tRNA-dihydrouridine synthase C,,948.0,0,0,1,0,0,0
2228429,-,b2140,tRNA-dihydrouridine synthase C,22.0,948.0,1,0,0,0,0,0
2228507,-,b2140,tRNA-dihydrouridine synthase C,100.0,948.0,0,1,0,0,0,0
2228517,+,b2141,inner membrane protein%2C UPF0299 family,129.0,399.0,1,0,0,0,0,0
2228625,+,b2141,inner membrane protein%2C UPF0299 family,21.0,399.0,0,1,0,0,0,0
2229215,+,b2142,inner membrane protein%2C LrgB family,,696.0,0,0,1,0,0,0
2229688,+,b2143,cytidine%2Fdeoxycytidine deaminase,178.0,885.0,0,1,0,0,0,0
2229842,+,b2143,cytidine%2Fdeoxycytidine deaminase,24.0,885.0,1,0,0,0,0,0
2230492,+,b2143,cytidine%2Fdeoxycytidine deaminase,,885.0,0,0,1,0,0,0
2231057,-,b2144,vancomycin high temperature exclusion protein%3B mutants have a defective envelope more permeable to vancomycin at 42 degrees,,720.0,0,0,0,1,0,1
2231105,+,b2144,vancomycin high temperature exclusion protein%3B mutants have a defective envelope more permeable to vancomycin at 42 degrees,,720.0,0,0,1,0,0,0
2231157,+,b2144,vancomycin high temperature exclusion protein%3B mutants have a defective envelope more permeable to vancomycin at 42 degrees,,720.0,0,0,1,0,0,0
2231319,-,b2144,vancomycin high temperature exclusion protein%3B mutants have a defective envelope more permeable to vancomycin at 42 degrees,,720.0,0,0,0,1,0,1
2231996,+,b2146,dihydropyrimidine dehydrogenase%2C NADH-dependent%2C subunit N,59.0,1239.0,1,0,0,0,0,0
2232146,+,b2146,dihydropyrimidine dehydrogenase%2C NADH-dependent%2C subunit N,,1239.0,0,0,1,0,0,0
2233110,+,b2147,dihydropyrimidine dehydrogenase%2C NADH-dependent%2C subunit C,177.0,1236.0,1,0,0,0,0,0
2233134,-,b2146,dihydropyrimidine dehydrogenase%2C NADH-dependent%2C subunit N,,1239.0,0,0,0,1,0,1
2233149,-,b2146,dihydropyrimidine dehydrogenase%2C NADH-dependent%2C subunit N,,1239.0,0,0,0,1,0,1
2234143,-,b2147,dihydropyrimidine dehydrogenase%2C NADH-dependent%2C subunit C,,1236.0,0,0,0,1,0,1
2234350,+,b2147,dihydropyrimidine dehydrogenase%2C NADH-dependent%2C subunit C,,1236.0,0,0,1,0,0,0
2234806,-,b2148,methyl-galactoside transporter subunit,,1011.0,0,0,1,0,0,0
2235440,-,b2148,methyl-galactoside transporter subunit,,1011.0,0,0,1,0,0,0
2236365,+,b2149,fused methyl-galactoside transporter subunits of ABC superfamily: ATP-binding components,,1521.0,0,0,0,1,0,1
2238588,-,b2150,methyl-galactoside transporter subunit,218.0,999.0,1,0,0,0,0,0
2238626,+,b2151,DNA-binding transcriptional repressor,,1041.0,0,0,0,1,0,1
2239012,+,b2151,DNA-binding transcriptional repressor,,1041.0,0,0,0,1,0,1
2239732,-,b2151,DNA-binding transcriptional repressor,42.0,1041.0,1,0,0,0,0,0
2239843,+,b2152,putative inner membrane protein,,1158.0,0,0,0,1,0,1
2241040,-,b2152,putative inner membrane protein,51.0,1158.0,1,0,0,0,0,0
2241435,+,b2153,GTP cyclohydrolase I,,669.0,0,0,0,1,0,1
2241458,-,b2153,GTP cyclohydrolase I,,669.0,0,0,1,0,0,0
2241744,-,b2153,GTP cyclohydrolase I,70.0,669.0,0,1,0,0,0,0
2241803,+,b2154,S-formylglutathione hydrolase,129.0,837.0,1,0,0,0,0,0
2241807,+,b2154,S-formylglutathione hydrolase,125.0,837.0,0,1,0,0,0,0
2241821,-,b2153,GTP cyclohydrolase I,147.0,669.0,1,0,0,0,0,0
2242589,-,b2154,S-formylglutathione hydrolase,,837.0,0,0,0,1,0,1
2243011,-,b2155,catecholate siderophore receptor CirA,,1992.0,0,0,1,0,0,0
2243462,-,b2155,catecholate siderophore receptor CirA,,1992.0,0,0,1,0,0,0
2243576,-,b2155,catecholate siderophore receptor CirA,,1992.0,0,0,1,0,0,0
2244656,-,b2155,catecholate siderophore receptor CirA,,1992.0,0,0,1,0,0,0
2244953,-,b2155,catecholate siderophore receptor CirA,162.0,1992.0,1,0,0,0,0,0
2244964,-,b2155,catecholate siderophore receptor CirA,173.0,1992.0,0,1,0,0,0,0
2245235,+,b2156,lysine transporter,,1470.0,0,0,0,1,0,1
2246579,+,b2156,lysine transporter,,1470.0,0,0,0,1,0,1
2246582,-,b2156,lysine transporter,28.0,1470.0,1,0,0,0,0,0
2246660,-,b2156,lysine transporter,106.0,1470.0,0,1,0,0,0,0
2247202,-,b2157,putative DNA-binding transcriptional regulator,,882.0,0,0,1,0,0,0
2247328,-,b2157,putative DNA-binding transcriptional regulator,,882.0,0,0,1,0,0,0
2247664,-,b2157,putative DNA-binding transcriptional regulator,24.0,882.0,1,0,0,0,0,1
2247723,+,b2158,inner membrane protein%2C UPF0324 family,16.0,1050.0,1,0,0,0,0,1
2247783,+,b2158,inner membrane protein%2C UPF0324 family,,1050.0,0,0,1,0,0,0
2247990,-,b2158,inner membrane protein%2C UPF0324 family,,1050.0,0,0,0,1,0,1
2248001,+,b2158,inner membrane protein%2C UPF0324 family,,1050.0,0,0,1,0,0,0
2248545,-,b2158,inner membrane protein%2C UPF0324 family,,1050.0,0,0,0,1,0,1
2248829,+,b2159,endonuclease IV with intrinsic 3%27-5%27 exonuclease activity,33.0,858.0,1,0,0,0,0,0
2249125,-,b2159,endonuclease IV with intrinsic 3%27-5%27 exonuclease activity,,858.0,0,0,0,1,0,1
2249363,+,b2159,endonuclease IV with intrinsic 3%27-5%27 exonuclease activity,,858.0,0,0,1,0,0,0
2249545,-,b2159,endonuclease IV with intrinsic 3%27-5%27 exonuclease activity,,858.0,0,0,0,1,0,1
2249992,+,b2160,putative kinase,,1089.0,0,0,1,0,0,0
2250700,+,b2160,putative kinase,,1089.0,0,0,1,0,0,0
2251054,-,b2161,nucleoside permease,,1251.0,0,0,1,0,0,0
2251321,-,b2161,nucleoside permease,,1251.0,0,0,1,0,0,0
2251809,+,b2161,nucleoside permease,,1251.0,0,0,0,1,0,1
2252900,+,b2162,ribonucleoside hydrolase 2,,942.0,0,0,0,1,0,1
2253110,+,b2163,DNA-binding transcriptional activator of stationary phase nitrogen survival,267.0,660.0,0,1,0,0,0,1
2253312,+,b2163,DNA-binding transcriptional activator of stationary phase nitrogen survival,65.0,660.0,1,0,0,0,0,0
2254253,-,b2164,putative nucleoside transporter,,1251.0,0,0,1,0,0,0
2254887,-,b2164,putative nucleoside transporter,,1251.0,0,0,1,0,0,0
2254997,-,b2164,putative nucleoside transporter,,1251.0,0,0,1,0,0,0
2255213,-,b2164,putative nucleoside transporter,,1251.0,0,0,1,0,0,0
2255339,-,b2164,putative nucleoside transporter,,1251.0,0,0,1,0,0,0
2255420,+,b2164,putative nucleoside transporter,,1251.0,0,0,0,1,0,1
2257412,-,b2166,pseudouridine kinase,94.0,942.0,1,0,0,0,0,0
2258464,-,b2167,fused fructose-specific PTS enzymes: IIBcomponent%2FIIC components,,1692.0,0,0,1,0,0,0
2258880,-,b2167,fused fructose-specific PTS enzymes: IIBcomponent%2FIIC components,,1692.0,0,0,1,0,0,0
2259424,-,b2167,fused fructose-specific PTS enzymes: IIBcomponent%2FIIC components,,1692.0,0,0,1,0,0,0
2259883,-,b2168,fructose-1-phosphate kinase,,939.0,0,0,1,0,0,0
2259905,+,b2168,fructose-1-phosphate kinase,,939.0,0,0,0,1,0,1
2260357,-,b2168,fructose-1-phosphate kinase,,939.0,0,0,1,0,0,0
2260462,-,b2168,fructose-1-phosphate kinase,75.0,939.0,1,0,0,0,0,0
2261425,+,b2169,fused fructose-specific PTS enzymes: IIA component%2FHPr component,,1131.0,0,0,0,1,0,1
2261616,-,b2169,fused fructose-specific PTS enzymes: IIA component%2FHPr component,99.0,1131.0,1,0,0,0,0,0
2261861,+,b2170,lactose%2Fglucose efflux system,24.0,1182.0,1,0,0,0,0,0
2262845,+,b2170,lactose%2Fglucose efflux system,,1182.0,0,0,1,0,0,0
2263353,-,b4502,UPF0153 cysteine cluster protein%2C function unknown,36.0,255.0,1,0,0,0,0,0
2263482,-,b4502,UPF0153 cysteine cluster protein%2C function unknown,165.0,255.0,0,1,0,0,0,1
2263729,-,b2171,elongation factor P-like protein,,573.0,0,0,0,1,0,1
2263983,+,b2172,putative D-mannonate oxidoreductase%2C NAD-dependent,284.0,1467.0,0,1,0,0,0,0
2264236,+,b2172,putative D-mannonate oxidoreductase%2C NAD-dependent,31.0,1467.0,1,0,0,0,0,0
2264672,+,b2172,putative D-mannonate oxidoreductase%2C NAD-dependent,,1467.0,0,0,1,0,0,0
2264834,+,b2172,putative D-mannonate oxidoreductase%2C NAD-dependent,,1467.0,0,0,1,0,0,0
2265639,+,b2173,Zn-stimulated GTPase involved in zinc homeostasis%3B mutants are cadmium and EDTA sensitive%3B Zn%282%2B%29 binding protein,212.0,987.0,0,1,0,0,0,0
2265818,+,b2173,Zn-stimulated GTPase involved in zinc homeostasis%3B mutants are cadmium and EDTA sensitive%3B Zn%282%2B%29 binding protein,33.0,987.0,1,0,0,0,0,0
2265826,-,b2172,putative D-mannonate oxidoreductase%2C NAD-dependent,,1467.0,0,0,0,1,0,1
2266549,-,b2173,Zn-stimulated GTPase involved in zinc homeostasis%3B mutants are cadmium and EDTA sensitive%3B Zn%282%2B%29 binding protein,,987.0,0,0,0,1,0,1
2266848,+,b2174,lipid A 1-diphosphate synthase%3B undecaprenyl pyrophosphate:lipid A 1-phosphate phosphotransferase,28.0,714.0,1,0,0,0,0,0
2267470,+,b2174,lipid A 1-diphosphate synthase%3B undecaprenyl pyrophosphate:lipid A 1-phosphate phosphotransferase,,714.0,0,0,1,0,0,0
2267591,-,b2174,lipid A 1-diphosphate synthase%3B undecaprenyl pyrophosphate:lipid A 1-phosphate phosphotransferase,,714.0,0,0,0,1,0,1
2267833,+,b2175,mutational suppressor of prc thermosensitivity%2C outer membrane lipoprotein,168.0,567.0,1,0,0,0,0,0
2267942,+,b2175,mutational suppressor of prc thermosensitivity%2C outer membrane lipoprotein,59.0,567.0,0,1,0,0,0,0
2268095,+,b2175,mutational suppressor of prc thermosensitivity%2C outer membrane lipoprotein,,567.0,0,0,1,0,0,0
2268435,-,b2175,mutational suppressor of prc thermosensitivity%2C outer membrane lipoprotein,,567.0,0,0,0,1,0,1
2268700,+,b2176,resistance protein for phages lambda and N4%2C when overexpressed%2C predicted membrane-anchored cyclic-di-GMP phosphodiesterase,48.0,1557.0,1,0,0,0,0,0
2269158,-,b2176,resistance protein for phages lambda and N4%2C when overexpressed%2C predicted membrane-anchored cyclic-di-GMP phosphodiesterase,,1557.0,0,0,0,1,0,1
2269818,+,b2176,resistance protein for phages lambda and N4%2C when overexpressed%2C predicted membrane-anchored cyclic-di-GMP phosphodiesterase,,1557.0,0,0,1,0,0,0
2271062,+,b2177,microcin C transporter YejABEF%2C periplasmic binding protein%3B ABC family,,1815.0,0,0,1,0,0,0
2271145,-,b2177,microcin C transporter YejABEF%2C periplasmic binding protein%3B ABC family,,1815.0,0,0,0,1,0,1
2271536,-,b2177,microcin C transporter YejABEF%2C periplasmic binding protein%3B ABC family,,1815.0,0,0,0,1,0,1
2272694,+,b2178,microcin C transporter YejABEF%2C permease subunit%3B ABC family,,1095.0,0,0,1,0,0,0
2273207,+,b2179,microcin C transporter YejABEF%2C permease subunit%3B ABC family,88.0,1026.0,1,0,0,0,0,0
2274602,+,b2180,microcin C transporter%2C ATP-binding subunit%3B ABC family,,1590.0,0,0,1,0,0,0
2275225,+,b2180,microcin C transporter%2C ATP-binding subunit%3B ABC family,,1590.0,0,0,1,0,0,0
2275768,+,b2180,microcin C transporter%2C ATP-binding subunit%3B ABC family,,1590.0,0,0,1,0,0,0
2275798,-,b2180,microcin C transporter%2C ATP-binding subunit%3B ABC family,,1590.0,0,0,0,1,0,1
2275803,-,b2180,microcin C transporter%2C ATP-binding subunit%3B ABC family,,1590.0,0,0,0,1,0,1
2276072,-,b2181,hypothetical protein,,345.0,0,0,1,0,0,0
2276419,-,b2181,hypothetical protein,160.0,345.0,1,0,0,0,0,0
2277740,-,b2182,bicyclomycin%2Fcysteine%2Fsulfonamide efflux transporter,,1191.0,0,0,1,0,0,0
2278566,-,b2183,16S rRNA pseudouridine%28516%29 synthase,61.0,696.0,1,0,0,0,0,1
2278615,-,b2183,16S rRNA pseudouridine%28516%29 synthase,110.0,696.0,0,1,0,0,0,1
2278630,+,b2184,putative ATP-dependent DNA or RNA helicase,24.0,1761.0,1,0,0,0,0,0
2279015,+,b2184,putative ATP-dependent DNA or RNA helicase,,1761.0,0,0,1,0,0,0
2279605,-,b2184,putative ATP-dependent DNA or RNA helicase,,1761.0,0,0,0,1,0,1
2280463,+,b2185,50S ribosomal subunit protein L25,76.0,285.0,1,0,0,0,0,0
2280532,-,b2185,50S ribosomal subunit protein L25,,285.0,0,0,0,1,0,1
2280670,+,b2185,50S ribosomal subunit protein L25,,285.0,0,0,1,0,0,0
2280767,+,b2185,50S ribosomal subunit protein L25,,285.0,0,0,1,0,0,0
2281985,+,b2187,conserved protein%2C UPF0352 family,166.0,228.0,1,0,0,0,0,1
2281990,-,b2186,spermidine nucleoid-associated protein,21.0,1008.0,1,0,0,0,0,0
2282034,-,b2186,spermidine nucleoid-associated protein,65.0,1008.0,0,1,0,0,0,0
2282063,-,b2186,spermidine nucleoid-associated protein,94.0,1008.0,0,1,0,0,0,1
2282125,+,b2187,conserved protein%2C UPF0352 family,26.0,228.0,0,1,0,0,0,0
2282392,-,b2187,conserved protein%2C UPF0352 family,,228.0,0,0,0,1,0,1
2282822,-,b2188,putative hydrolase%2C inner membrane,,1761.0,0,0,0,1,0,1
2283591,-,b2188,putative hydrolase%2C inner membrane,,1761.0,0,0,0,1,0,1
2283724,+,b2188,putative hydrolase%2C inner membrane,,1761.0,0,0,1,0,0,0
2284155,-,b2188,putative hydrolase%2C inner membrane,,1761.0,0,0,0,1,0,1
2284227,+,b2189,tRNA-Pro,6.0,77.0,1,0,0,0,0,0
2284514,-,b2190,pseudo,,2525.0,0,0,1,0,0,0
2284689,+,b2190,pseudo,,2525.0,0,0,0,1,0,1
2284858,-,b2190,pseudo,,2525.0,0,0,1,0,0,0
2284998,-,b2190,pseudo,,2525.0,0,0,1,0,0,0
2285390,+,b2190,pseudo,,2525.0,0,0,0,1,0,1
2285670,-,b2190,pseudo,,2525.0,0,0,1,0,0,0
2285896,-,b2190,pseudo,,2525.0,0,0,1,0,0,0
2285932,-,b2190,pseudo,,2525.0,0,0,1,0,0,0
2286112,-,b2190,pseudo,,2525.0,0,0,1,0,0,0
2286215,+,b2190,pseudo,,2525.0,0,0,0,1,0,1
2286635,+,b2190,pseudo,,2525.0,0,0,0,1,0,1
2286817,+,b2190,pseudo,,2525.0,0,0,0,1,0,1
2286892,-,b2190,pseudo,,2525.0,0,0,1,0,0,0
2288094,-,b2192,IS5 transposase and trans-activator,,1017.0,0,0,1,0,0,0
2288130,-,b2192,IS5 transposase and trans-activator,27.0,1017.0,1,0,0,0,0,0
2288372,+,b2193,DNA-binding response regulator in two-component regulatory system with NarQ or NarX,150.0,648.0,0,1,0,0,0,0
2288386,+,b2193,DNA-binding response regulator in two-component regulatory system with NarQ or NarX,136.0,648.0,0,1,0,0,0,0
2288457,+,b2193,DNA-binding response regulator in two-component regulatory system with NarQ or NarX,65.0,648.0,1,0,0,0,0,0
2288488,-,b2190,pseudo,286.0,67.0,1,0,0,0,0,1
2288777,+,b2193,DNA-binding response regulator in two-component regulatory system with NarQ or NarX,,648.0,0,0,1,0,0,0
2289088,+,b2193,DNA-binding response regulator in two-component regulatory system with NarQ or NarX,,648.0,0,0,1,0,0,0
2289434,+,b2194,heme lyase%2C CcmH subunit,,1053.0,0,0,0,1,0,1
2290180,-,b2194,heme lyase%2C CcmH subunit,,1053.0,0,0,1,0,0,0
2290246,+,b2194,heme lyase%2C CcmH subunit,,1053.0,0,0,0,1,0,1
2294471,+,b2200,heme exporter subunit,,663.0,0,0,0,1,0,1
2295419,-,b2201,heme exporter subunit,,624.0,0,0,1,0,0,0
2295933,-,b2201,heme exporter subunit,267.0,624.0,1,0,0,0,0,0
2295992,+,b2202,quinol dehydrogenase%2C electron source for NapAB,,603.0,0,0,0,1,0,1
2296274,-,b2202,quinol dehydrogenase%2C electron source for NapAB,,603.0,0,0,1,0,0,0
2297709,+,b2205,ferredoxin-type protein essential for electron transfer from ubiquinol to periplasmic nitrate reductase %28NapAB%29,,696.0,0,0,0,1,0,1
2298274,-,b2205,ferredoxin-type protein essential for electron transfer from ubiquinol to periplasmic nitrate reductase %28NapAB%29,,696.0,0,0,1,0,0,0
2299656,+,b2206,nitrate reductase%2C periplasmic%2C large subunit,,2487.0,0,0,0,1,0,1
2299780,+,b2206,nitrate reductase%2C periplasmic%2C large subunit,,2487.0,0,0,0,1,0,1
2299803,+,b2206,nitrate reductase%2C periplasmic%2C large subunit,,2487.0,0,0,0,1,0,1
2299966,+,b2206,nitrate reductase%2C periplasmic%2C large subunit,,2487.0,0,0,0,1,0,1
2300489,-,b2206,nitrate reductase%2C periplasmic%2C large subunit,,2487.0,0,0,1,0,0,0
2301596,-,b2208,ferredoxin-type protein%2C role in electron transfer to periplasmic nitrate reductase NapA,77.0,495.0,0,1,0,0,0,1
2301599,-,b2208,ferredoxin-type protein%2C role in electron transfer to periplasmic nitrate reductase NapA,80.0,495.0,1,0,0,0,0,1
2301779,-,b2208,ferredoxin-type protein%2C role in electron transfer to periplasmic nitrate reductase NapA,260.0,495.0,0,1,0,0,0,1
2302323,+,b2209,ecotin%2C a serine protease inhibitor,,489.0,0,0,1,0,0,0
2302342,-,b2209,ecotin%2C a serine protease inhibitor,,489.0,0,0,0,1,0,1
2303137,+,b2210,malate dehydrogenase%2C FAD%2FNAD%28P%29-binding domain,,1647.0,0,0,0,1,0,1
2303205,+,b2210,malate dehydrogenase%2C FAD%2FNAD%28P%29-binding domain,,1647.0,0,0,0,1,0,1
2303715,+,b2210,malate dehydrogenase%2C FAD%2FNAD%28P%29-binding domain,,1647.0,0,0,0,1,0,1
2303991,+,b2210,malate dehydrogenase%2C FAD%2FNAD%28P%29-binding domain,,1647.0,0,0,0,1,0,1
2304065,+,b2210,malate dehydrogenase%2C FAD%2FNAD%28P%29-binding domain,,1647.0,0,0,0,1,0,1
2304785,-,b2210,malate dehydrogenase%2C FAD%2FNAD%28P%29-binding domain,9.0,1647.0,1,0,0,0,0,0
2304825,-,b2210,malate dehydrogenase%2C FAD%2FNAD%28P%29-binding domain,49.0,1647.0,0,1,0,0,0,0
2305218,-,b2211,microcin J25 efflux pump%2C TolC-dependent%3B fused ABC transporter permease and ATP-binding components,,1644.0,0,0,1,0,0,0
2305648,+,b2211,microcin J25 efflux pump%2C TolC-dependent%3B fused ABC transporter permease and ATP-binding components,,1644.0,0,0,0,1,0,1
2306662,-,b2211,microcin J25 efflux pump%2C TolC-dependent%3B fused ABC transporter permease and ATP-binding components,25.0,1644.0,1,0,0,0,0,0
2306690,-,b2211,microcin J25 efflux pump%2C TolC-dependent%3B fused ABC transporter permease and ATP-binding components,53.0,1644.0,0,1,0,0,0,0
2306976,+,b2212,oxidative demethylase of N1-methyladenine or N3-methylcytosine DNA lesions,,651.0,0,0,0,1,0,1
2308160,-,b2213,fused DNA-binding transcriptional dual regulator%2FO6-methylguanine-DNA methyltransferase,,1065.0,0,0,1,0,0,0
2308438,-,b2213,fused DNA-binding transcriptional dual regulator%2FO6-methylguanine-DNA methyltransferase,11.0,1065.0,1,0,0,0,0,0
2308752,+,b2214,putative thiamine biosynthesis lipoprotein,,1056.0,0,0,0,1,0,1
2309578,-,b2214,putative thiamine biosynthesis lipoprotein,22.0,1056.0,1,0,0,0,0,0
2309710,+,b2215,outer membrane porin protein C,,1104.0,0,0,0,1,0,1
2309880,+,b2215,outer membrane porin protein C,,1104.0,0,0,0,1,0,1
2310850,-,b2215,outer membrane porin protein C,79.0,1104.0,1,0,0,0,0,0
2310870,-,b2215,outer membrane porin protein C,99.0,1104.0,0,1,0,0,0,0
2311088,+,b4439,sRNA antisense regulator affecting ompF expression%2C Hfq-dependent,18.0,93.0,0,1,0,0,0,0
2311106,+,b4439,sRNA antisense regulator affecting ompF expression%2C Hfq-dependent,0.0,93.0,1,0,0,0,0,0
2311235,+,b2216,phosphotransfer intermediate protein in two-component regulatory system with RcsBC,275.0,2673.0,0,1,0,0,0,0
2311282,-,b4439,sRNA antisense regulator affecting ompF expression%2C Hfq-dependent,,93.0,0,0,0,1,0,1
2311289,+,b2216,phosphotransfer intermediate protein in two-component regulatory system with RcsBC,221.0,2673.0,1,0,0,0,0,0
2311402,+,b2216,phosphotransfer intermediate protein in two-component regulatory system with RcsBC,108.0,2673.0,0,1,0,0,0,0
2311474,+,b2216,phosphotransfer intermediate protein in two-component regulatory system with RcsBC,36.0,2673.0,0,1,0,0,0,0
2312136,-,b2216,phosphotransfer intermediate protein in two-component regulatory system with RcsBC,,2673.0,0,0,0,1,0,1
2312640,-,b2216,phosphotransfer intermediate protein in two-component regulatory system with RcsBC,,2673.0,0,0,0,1,0,1
2313052,-,b2216,phosphotransfer intermediate protein in two-component regulatory system with RcsBC,,2673.0,0,0,0,1,0,1
2313348,-,b2216,phosphotransfer intermediate protein in two-component regulatory system with RcsBC,,2673.0,0,0,0,1,0,1
2313663,-,b2216,phosphotransfer intermediate protein in two-component regulatory system with RcsBC,,2673.0,0,0,0,1,0,1
2313675,+,b2216,phosphotransfer intermediate protein in two-component regulatory system with RcsBC,,2673.0,0,0,1,0,0,0
2313697,-,b2216,phosphotransfer intermediate protein in two-component regulatory system with RcsBC,,2673.0,0,0,0,1,0,1
2313712,+,b2216,phosphotransfer intermediate protein in two-component regulatory system with RcsBC,,2673.0,0,0,1,0,0,0
2313997,+,b2217,DNA-binding response regulator in two-component regulatory system with RcsC and YojN,202.0,651.0,1,0,0,0,0,0
2314198,-,b2216,phosphotransfer intermediate protein in two-component regulatory system with RcsBC,,2673.0,0,0,0,1,0,1
2314209,-,b2216,phosphotransfer intermediate protein in two-component regulatory system with RcsBC,,2673.0,0,0,0,1,0,1
2314777,+,b2217,DNA-binding response regulator in two-component regulatory system with RcsC and YojN,,651.0,0,0,1,0,0,0
2314942,-,b2217,DNA-binding response regulator in two-component regulatory system with RcsC and YojN,,651.0,0,0,0,1,0,1
2315623,-,b2218,hybrid sensory kinase in two-component regulatory system with RcsB and YojN,,2850.0,0,0,1,0,0,0
2316346,+,b2218,hybrid sensory kinase in two-component regulatory system with RcsB and YojN,,2850.0,0,0,0,1,0,1
2317453,-,b2218,hybrid sensory kinase in two-component regulatory system with RcsB and YojN,,2850.0,0,0,1,0,0,0
2317933,-,b2218,hybrid sensory kinase in two-component regulatory system with RcsB and YojN,35.0,2850.0,1,0,0,0,0,0
2317982,-,b2218,hybrid sensory kinase in two-component regulatory system with RcsB and YojN,84.0,2850.0,0,1,0,0,0,1
2318037,+,b2219,sensory histidine kinase in two-component regulatory system with AtoC,28.0,1827.0,1,0,0,0,0,0
2318151,-,b2218,hybrid sensory kinase in two-component regulatory system with RcsB and YojN,253.0,2850.0,0,1,0,0,0,1
2318489,-,b2219,sensory histidine kinase in two-component regulatory system with AtoC,,1827.0,0,0,0,1,0,1
2320380,+,b2220,fused response regulator of ato operon%2C in two-component system with AtoS: response regulator%2Fsigma54 interaction protein,,1386.0,0,0,1,0,0,0
2321246,+,b2221,acetyl-CoA:acetoacetyl-CoA transferase%2C alpha subunit,223.0,663.0,1,0,0,0,0,0
2321617,-,b2221,acetyl-CoA:acetoacetyl-CoA transferase%2C alpha subunit,,663.0,0,0,0,1,0,1
2324480,-,b2224,acetyl-CoA acetyltransferase,,1185.0,0,0,0,1,0,1
2324518,-,b2224,acetyl-CoA acetyltransferase,,1185.0,0,0,0,1,0,1
2324608,+,b2224,acetyl-CoA acetyltransferase,,1185.0,0,0,1,0,0,0
2325106,+,b2224,acetyl-CoA acetyltransferase,,1185.0,0,0,1,0,0,0
2325525,-,b2225,DUF2135 family protein%2C function unknown,,777.0,0,0,1,0,0,0
2325986,+,b2225,DUF2135 family protein%2C function unknown,,777.0,0,0,0,1,0,1
2325991,+,b2225,DUF2135 family protein%2C function unknown,,777.0,0,0,0,1,0,1
2326414,+,b2226,tandem DUF2300 domain protein%2C function unknown,,1650.0,0,0,0,1,0,1
2328777,+,b4500,pseudo,,4605.0,0,0,0,1,0,1
2329291,+,b4500,pseudo,,4605.0,0,0,0,1,0,1
2329418,+,b4500,pseudo,,4605.0,0,0,0,1,0,1
2329470,+,b4500,pseudo,,4605.0,0,0,0,1,0,1
2330277,+,b4500,pseudo,,4605.0,0,0,0,1,0,1
2330285,+,b4500,pseudo,,4605.0,0,0,0,1,0,1
2331327,-,b4500,pseudo,,4605.0,0,0,1,0,0,0
2331393,+,b4500,pseudo,,4605.0,0,0,0,1,0,1
2331924,+,b4500,pseudo,,4605.0,0,0,0,1,0,1
2334081,-,b2230,DUF2138 family protein%2C function unknown,,1689.0,0,0,1,0,0,0
2334334,-,b2230,DUF2138 family protein%2C function unknown,,1689.0,0,0,1,0,0,0
2334708,-,b2230,DUF2138 family protein%2C function unknown,42.0,1689.0,0,1,0,0,0,0
2334805,-,b2230,DUF2138 family protein%2C function unknown,139.0,1689.0,1,0,0,0,0,0
2336671,+,b2231,DNA gyrase %28type II topoisomerase%29%2C subunit A,,2628.0,0,0,0,1,0,1
2336757,+,b2231,DNA gyrase %28type II topoisomerase%29%2C subunit A,,2628.0,0,0,0,1,0,1
2337480,-,b2231,DNA gyrase %28type II topoisomerase%29%2C subunit A,38.0,2628.0,1,0,0,0,0,0
2337562,+,b2232,bifunctional 3-demethylubiquinone-9 3-methyltransferase%2F 2-octaprenyl-6-hydroxy phenol methylase,27.0,723.0,1,0,0,0,0,0
2337967,+,b2232,bifunctional 3-demethylubiquinone-9 3-methyltransferase%2F 2-octaprenyl-6-hydroxy phenol methylase,,723.0,0,0,1,0,0,0
2338118,-,b2232,bifunctional 3-demethylubiquinone-9 3-methyltransferase%2F 2-octaprenyl-6-hydroxy phenol methylase,,723.0,0,0,0,1,0,1
2338633,-,b2233,adhesin,,3753.0,0,0,1,0,0,0
2338654,+,b2233,adhesin,,3753.0,0,0,0,1,0,1
2339208,+,b2233,adhesin,,3753.0,0,0,0,1,0,1
2339264,-,b2233,adhesin,,3753.0,0,0,1,0,0,0
2339299,-,b2233,adhesin,,3753.0,0,0,1,0,0,0
2339746,+,b2233,adhesin,,3753.0,0,0,0,1,0,1
2340093,-,b2233,adhesin,,3753.0,0,0,1,0,0,0
2340424,+,b2233,adhesin,,3753.0,0,0,0,1,0,1
2340506,+,b2233,adhesin,,3753.0,0,0,0,1,0,1
2340931,-,b2233,adhesin,,3753.0,0,0,1,0,0,0
2342780,+,b2234,ribonucleoside-diphosphate reductase 1%2C alpha subunit,107.0,2286.0,1,0,0,0,0,0
2343398,-,b2234,ribonucleoside-diphosphate reductase 1%2C alpha subunit,,2286.0,0,0,0,1,0,1
2344832,-,b2234,ribonucleoside-diphosphate reductase 1%2C alpha subunit,,2286.0,0,0,0,1,0,1
2345086,+,b2234,ribonucleoside-diphosphate reductase 1%2C alpha subunit,,2286.0,0,0,1,0,0,0
2345581,-,b2235,ribonucleoside-diphosphate reductase 1%2C beta subunit%2C ferritin-like protein,,1131.0,0,0,0,1,0,1
2347049,-,b2237,conserved protein%2C acid-induced,,651.0,0,0,1,0,0,0
2347110,-,b2237,conserved protein%2C acid-induced,,651.0,0,0,1,0,0,0
2347521,-,b2237,conserved protein%2C acid-induced,27.0,651.0,1,0,0,0,0,0
2347963,+,b2239,periplasmic glycerophosphodiester phosphodiesterase,,1077.0,0,0,0,1,0,1
2348068,-,b2239,periplasmic glycerophosphodiester phosphodiesterase,,1077.0,0,0,1,0,0,0
2348760,-,b2239,periplasmic glycerophosphodiester phosphodiesterase,,1077.0,0,0,1,0,0,0
2349938,-,b2240,sn-glycerol-3-phosphate transporter,,1359.0,0,0,1,0,0,0
2350473,-,b2240,sn-glycerol-3-phosphate transporter,77.0,1359.0,1,0,0,0,0,0
2350573,+,b2241,sn-glycerol-3-phosphate dehydrogenase %28anaerobic%29%2C large subunit%2C FAD%2FNAD%28P%29-binding,96.0,1629.0,1,0,0,0,0,0
2350578,-,b2240,sn-glycerol-3-phosphate transporter,182.0,1359.0,0,1,0,0,0,1
2351386,+,b2241,sn-glycerol-3-phosphate dehydrogenase %28anaerobic%29%2C large subunit%2C FAD%2FNAD%28P%29-binding,,1629.0,0,0,1,0,0,0
2351518,+,b2241,sn-glycerol-3-phosphate dehydrogenase %28anaerobic%29%2C large subunit%2C FAD%2FNAD%28P%29-binding,,1629.0,0,0,1,0,0,0
2353310,-,b2242,sn-glycerol-3-phosphate dehydrogenase %28anaerobic%29%2C membrane anchor subunit,,1260.0,0,0,0,1,0,1
2353697,-,b2243,anaerobic sn-glycerol-3-phosphate dehydrogenase%2C C subunit%2C 4Fe-4S iron-sulfur cluster,,1191.0,0,0,0,1,0,1
2354008,-,b2243,anaerobic sn-glycerol-3-phosphate dehydrogenase%2C C subunit%2C 4Fe-4S iron-sulfur cluster,,1191.0,0,0,0,1,0,1
2355399,-,b2244,hypothetical protein,,900.0,0,0,0,1,0,1
2355574,+,b4543,hypothetical protein,264.0,186.0,0,1,0,0,0,0
2355576,+,b4543,hypothetical protein,262.0,186.0,1,0,0,0,0,0
2356848,-,b2245,2-keto-3-deoxy-L-rhamnonate aldolase,,804.0,0,0,1,0,0,0
2359440,+,b2247,L-rhamnonate dehydratase,,1206.0,0,0,0,1,0,1
2361677,-,b2249,hypothetical protein,22.0,1203.0,1,0,0,0,0,0
2361940,-,b2249,hypothetical protein,285.0,1203.0,0,1,0,0,0,0
2362338,-,b2250,outer membrane protein%2C possible porin,41.0,543.0,1,0,0,0,0,0
2362549,+,b2251,nucleoside triphosphatase,27.0,426.0,1,0,0,0,0,0
2362585,-,b2250,outer membrane protein%2C possible porin,288.0,543.0,0,1,0,0,0,1
2363589,-,b2252,putative LPS core heptose%28II%29-phosphate phosphatase,,603.0,0,0,1,0,0,0
2363612,+,b2252,putative LPS core heptose%28II%29-phosphate phosphatase,,603.0,0,0,0,1,0,1
2363738,+,b2253,uridine 5%27-%28beta-1-threo-pentapyranosyl-4-ulose diphosphate%29 aminotransferase%2C PLP-dependent,212.0,1140.0,1,0,0,0,0,1
2363745,-,b2252,putative LPS core heptose%28II%29-phosphate phosphatase,103.0,603.0,1,0,0,0,0,0
2364394,+,b2253,uridine 5%27-%28beta-1-threo-pentapyranosyl-4-ulose diphosphate%29 aminotransferase%2C PLP-dependent,,1140.0,0,0,1,0,0,0
2365149,-,b2253,uridine 5%27-%28beta-1-threo-pentapyranosyl-4-ulose diphosphate%29 aminotransferase%2C PLP-dependent,,1140.0,0,0,0,1,0,1
2366166,+,b2255,fused UDP-L-Ara4N formyltransferase%2FUDP-GlcA C-4%27-decarboxylase,,1983.0,0,0,1,0,0,0
2366308,+,b2255,fused UDP-L-Ara4N formyltransferase%2FUDP-GlcA C-4%27-decarboxylase,,1983.0,0,0,1,0,0,0
2367202,+,b2255,fused UDP-L-Ara4N formyltransferase%2FUDP-GlcA C-4%27-decarboxylase,,1983.0,0,0,1,0,0,0
2367395,-,b2255,fused UDP-L-Ara4N formyltransferase%2FUDP-GlcA C-4%27-decarboxylase,,1983.0,0,0,0,1,0,1
2367682,+,b2255,fused UDP-L-Ara4N formyltransferase%2FUDP-GlcA C-4%27-decarboxylase,,1983.0,0,0,1,0,0,0
2367691,-,b2255,fused UDP-L-Ara4N formyltransferase%2FUDP-GlcA C-4%27-decarboxylase,,1983.0,0,0,0,1,0,1
2368546,-,b2256,undecaprenyl phosphate-alpha-L-ara4FN deformylase,,891.0,0,0,0,1,0,1
2370204,+,b2257,4-amino-4-deoxy-L-arabinose transferase,,1653.0,0,0,1,0,0,0
2370292,+,b4544,undecaprenyl phosphate-alpha-L-ara4N exporter%3B flippase ArnEF subunit,287.0,336.0,1,0,0,0,0,0
2371119,+,b2258,undecaprenyl phosphate-alpha-L-ara4N exporter%3B flippase ArnEF subunit,,387.0,0,0,1,0,0,0
2371579,+,b2259,inactive two-component system connector protein,,267.0,0,0,0,1,0,1
2371593,-,b2259,inactive two-component system connector protein,33.0,267.0,1,0,0,0,0,0
2371625,+,b2259,inactive two-component system connector protein,,267.0,0,0,0,1,0,1
2371993,-,b2260,O-succinylbenzoate-CoA ligase,,1356.0,0,0,1,0,0,0
2374823,-,b2262,dihydroxynaphthoic acid synthetase,,858.0,0,0,1,0,0,0
2375019,+,b2263,2-succinyl-6-hydroxy-2%2C4-cyclohexadiene-1-carboxylate synthase,,759.0,0,0,0,1,0,1
2375024,-,b2262,dihydroxynaphthoic acid synthetase,183.0,858.0,1,0,0,0,0,0
2377325,-,b2264,bifunctional 2-oxoglutarate decarboxylase%2F SHCHC synthase,44.0,1671.0,0,1,0,0,0,0
2377397,+,b2265,isochorismate synthase 2,,1296.0,0,0,0,1,0,1
2377464,-,b2264,bifunctional 2-oxoglutarate decarboxylase%2F SHCHC synthase,183.0,1671.0,1,0,0,0,0,0
2377990,-,b2265,isochorismate synthase 2,,1296.0,0,0,1,0,0,0
2378005,+,b2265,isochorismate synthase 2,,1296.0,0,0,0,1,0,1
2378518,+,b2265,isochorismate synthase 2,,1296.0,0,0,0,1,0,1
2378687,-,b2265,isochorismate synthase 2,22.0,1296.0,1,0,0,0,0,0
2379158,+,b2267,putative acyltransferase with acyl-CoA N-acyltransferase domain,,462.0,0,0,0,1,0,1
2379554,-,b2267,putative acyltransferase with acyl-CoA N-acyltransferase domain,,462.0,0,0,1,0,0,1
2379587,-,b2267,putative acyltransferase with acyl-CoA N-acyltransferase domain,22.0,462.0,1,0,0,0,0,1
2379604,+,b2268,RNase BN%2C tRNA processing enzyme,26.0,918.0,1,0,0,0,0,1
2380079,-,b2268,RNase BN%2C tRNA processing enzyme,,918.0,0,0,0,1,0,1
2380387,-,b2268,RNase BN%2C tRNA processing enzyme,,918.0,0,0,0,1,0,1
2381311,+,b2269,protease%2C capable of cleaving an AMC-ubiquitin model substrate,,1212.0,0,0,1,0,0,0
2382979,-,b2270,hypothetical protein,,1728.0,0,0,1,0,0,0
2383278,+,b2270,hypothetical protein,,1728.0,0,0,0,1,0,1
2383332,-,b2270,hypothetical protein,,1728.0,0,0,1,0,0,0
2383426,+,b2270,hypothetical protein,,1728.0,0,0,0,1,0,1
2384444,-,b2271,putative peptidase,,972.0,0,0,0,1,0,1
2384568,-,b2271,putative peptidase,,972.0,0,0,0,1,0,1
2386794,+,b2274,hypothetical protein,,423.0,0,0,1,0,0,0
2387143,+,b2275,TPR-like repeats-containing protein,,849.0,0,0,1,0,0,0
2387233,-,b2275,TPR-like repeats-containing protein,,849.0,0,0,0,1,0,1
2387861,+,b2275,TPR-like repeats-containing protein,,849.0,0,0,1,0,0,0
2389248,+,b2276,NADH:ubiquinone oxidoreductase%2C membrane subunit N,,1458.0,0,0,0,1,0,1
2392129,-,b2278,NADH:ubiquinone oxidoreductase%2C membrane subunit L,,1842.0,0,0,1,0,0,0
2393052,+,b2278,NADH:ubiquinone oxidoreductase%2C membrane subunit L,,1842.0,0,0,0,1,0,1
2394135,+,b2281,NADH:ubiquinone oxidoreductase%2C chain I,,543.0,0,0,0,1,0,1
2399811,+,b2285,NADH:ubiquinone oxidoreductase%2C chain E,,501.0,0,0,0,1,0,1
2400084,+,b2285,NADH:ubiquinone oxidoreductase%2C chain E,,501.0,0,0,0,1,0,1
2401057,-,b2286,NADH:ubiquinone oxidoreductase%2C fused CD subunit,,1791.0,0,0,1,0,0,0
2402550,+,b2287,NADH:ubiquinone oxidoreductase%2C chain B,,663.0,0,0,0,1,0,1
2402639,+,b2287,NADH:ubiquinone oxidoreductase%2C chain B,,663.0,0,0,0,1,0,1
2403219,-,b2288,NADH:ubiquinone oxidoreductase%2C membrane subunit A,125.0,444.0,1,0,0,0,0,0
2403222,-,b2288,NADH:ubiquinone oxidoreductase%2C membrane subunit A,128.0,444.0,0,1,0,0,0,0
2403835,-,b2289,DNA-binding transcriptional repressor of flagellar%2C motility and chemotaxis genes,,939.0,0,0,1,0,0,0
2403849,-,b2289,DNA-binding transcriptional repressor of flagellar%2C motility and chemotaxis genes,,939.0,0,0,1,0,0,0
2404402,-,b2289,DNA-binding transcriptional repressor of flagellar%2C motility and chemotaxis genes,,939.0,0,0,1,0,0,0
2404657,-,b2289,DNA-binding transcriptional repressor of flagellar%2C motility and chemotaxis genes,,939.0,0,0,1,0,0,0
2404669,+,b2289,DNA-binding transcriptional repressor of flagellar%2C motility and chemotaxis genes,,939.0,0,0,0,1,0,1
2404821,-,b2289,DNA-binding transcriptional repressor of flagellar%2C motility and chemotaxis genes,158.0,939.0,0,1,0,0,0,0
2404842,-,b2289,DNA-binding transcriptional repressor of flagellar%2C motility and chemotaxis genes,179.0,939.0,1,0,0,0,0,0
2404872,-,b2289,DNA-binding transcriptional repressor of flagellar%2C motility and chemotaxis genes,209.0,939.0,0,1,0,0,0,0
2405531,+,b2290,valine-pyruvate aminotransferase 2,52.0,1218.0,1,0,0,0,0,0
2406085,+,b2290,valine-pyruvate aminotransferase 2,,1218.0,0,0,1,0,0,0
2406095,-,b2290,valine-pyruvate aminotransferase 2,,1218.0,0,0,0,1,0,1
2406182,-,b2290,valine-pyruvate aminotransferase 2,,1218.0,0,0,0,1,0,1
2406228,+,b2290,valine-pyruvate aminotransferase 2,,1218.0,0,0,1,0,0,0
2406428,+,b2290,valine-pyruvate aminotransferase 2,,1218.0,0,0,1,0,0,0
2406858,+,b2291,5%27-nucleotidase,26.0,600.0,1,0,0,0,0,0
2406859,-,b2290,valine-pyruvate aminotransferase 2,,1218.0,0,0,0,1,0,1
2406874,-,b2290,valine-pyruvate aminotransferase 2,,1218.0,0,0,0,1,0,1
2407156,-,b2291,5%27-nucleotidase,,600.0,0,0,0,1,0,1
2407451,-,b2291,5%27-nucleotidase,,600.0,0,0,0,1,0,1
2407801,-,b2292,putative transporter,,1833.0,0,0,1,0,0,0
2408789,-,b2292,putative transporter,,1833.0,0,0,1,0,0,0
2408796,-,b2292,putative transporter,,1833.0,0,0,1,0,0,0
2408853,+,b2292,putative transporter,,1833.0,0,0,0,1,0,1
2409014,-,b2292,putative transporter,,1833.0,0,0,1,0,0,0
2409263,-,b2292,putative transporter,,1833.0,0,0,1,0,0,0
2409401,-,b2292,putative transporter,27.0,1833.0,1,0,0,0,0,0
2409920,+,b2293,sugar phosphatas,,651.0,0,0,0,1,0,1
2410399,-,b2293,sugar phosphatas,288.0,651.0,1,0,0,0,0,0
2410633,+,b2294,conserved protein%2C UPF0304 family,,495.0,0,0,0,1,0,1
2410667,-,b2294,conserved protein%2C UPF0304 family,51.0,495.0,1,0,0,0,0,0
2410810,-,b2294,conserved protein%2C UPF0304 family,194.0,495.0,0,1,0,0,0,0
2411269,+,b2296,acetate kinase A and propionate kinase 2,223.0,1203.0,1,0,0,0,0,0
2411366,+,b2296,acetate kinase A and propionate kinase 2,126.0,1203.0,0,1,0,0,0,0
2411401,-,b2295,inner membrane protein%2C UPF0208 family,247.0,456.0,1,0,0,0,0,1
2411449,+,b2296,acetate kinase A and propionate kinase 2,43.0,1203.0,0,1,0,0,0,0
2411470,-,b2296,acetate kinase A and propionate kinase 2,,1203.0,0,0,0,1,0,1
2411776,-,b2296,acetate kinase A and propionate kinase 2,,1203.0,0,0,0,1,0,1
2411815,-,b2296,acetate kinase A and propionate kinase 2,,1203.0,0,0,0,1,0,1
2412509,+,b2297,phosphate acetyltransferase,260.0,2145.0,1,0,0,0,0,0
2413000,+,b2297,phosphate acetyltransferase,,2145.0,0,0,1,0,0,0
2413048,-,b2297,phosphate acetyltransferase,,2145.0,0,0,0,1,0,1
2414540,+,b2297,phosphate acetyltransferase,,2145.0,0,0,1,0,0,0
2414886,-,b2297,phosphate acetyltransferase,,2145.0,0,0,0,1,0,1
2415057,-,b2298,putative inner membrane protein,,1521.0,0,0,0,1,0,1
2415074,+,b2298,putative inner membrane protein,29.0,1521.0,1,0,0,0,0,0
2415193,+,b2298,putative inner membrane protein,,1521.0,0,0,1,0,0,0
2415448,+,b2298,putative inner membrane protein,,1521.0,0,0,1,0,0,0
2417246,-,b2299,putative NUDIX hydrolase,48.0,543.0,1,0,0,0,0,0
2417319,+,b2300,phosphodiesterase activity on bis-pNPP,,555.0,0,0,0,1,0,1
2417321,-,b2299,putative NUDIX hydrolase,123.0,543.0,0,1,0,0,0,0
2417416,-,b2299,putative NUDIX hydrolase,218.0,543.0,0,1,0,0,0,0
2417830,-,b2300,phosphodiesterase activity on bis-pNPP,20.0,555.0,1,0,0,0,0,0
2417844,+,b2300,phosphodiesterase activity on bis-pNPP,,555.0,0,0,0,1,0,1
2417849,+,b2300,phosphodiesterase activity on bis-pNPP,,555.0,0,0,0,1,0,1
2417935,+,b2301,glutathione S-transferase,,645.0,0,0,0,1,0,1
2418614,+,b2302,GSH-dependent disulfide bond oxidoreductase,29.0,648.0,1,0,0,0,0,0
2418709,-,b2301,glutathione S-transferase,202.0,645.0,1,0,0,0,0,1
2419311,-,b2302,GSH-dependent disulfide bond oxidoreductase,,648.0,0,0,0,1,0,1
2419321,+,b2303,D-erythro-7%2C8-dihydroneopterin triphosphate 2%27-epimerase and dihydroneopterin aldolase,26.0,363.0,1,0,0,0,0,0
2419545,-,b2303,D-erythro-7%2C8-dihydroneopterin triphosphate 2%27-epimerase and dihydroneopterin aldolase,,363.0,0,0,0,1,0,1
2419641,+,b2304,conserved protein with NAD%28P%29-binding Rossmann-fold domain,89.0,894.0,1,0,0,0,0,0
2419859,-,b2304,conserved protein with NAD%28P%29-binding Rossmann-fold domain,,894.0,0,0,0,1,0,1
2419948,-,b2304,conserved protein with NAD%28P%29-binding Rossmann-fold domain,,894.0,0,0,0,1,0,1
2420090,+,b2304,conserved protein with NAD%28P%29-binding Rossmann-fold domain,,894.0,0,0,1,0,0,0
2420351,+,b2304,conserved protein with NAD%28P%29-binding Rossmann-fold domain,,894.0,0,0,1,0,0,0
2420700,+,b2305,hypothetical protein,,891.0,0,0,0,1,0,1
2420711,-,b2305,hypothetical protein,,891.0,0,0,1,0,0,1
2421324,-,b2305,hypothetical protein,,891.0,0,0,1,0,0,0
2421960,+,b2306,histidine%2Flysine%2Farginine%2Fornithine transporter subunit,,774.0,0,0,0,1,0,1
2422546,+,b2306,histidine%2Flysine%2Farginine%2Fornithine transporter subunit,,774.0,0,0,0,1,0,1
2422797,-,b2306,histidine%2Flysine%2Farginine%2Fornithine transporter subunit,266.0,774.0,1,0,0,0,0,0
2422955,+,b2307,histidine%2Flysine%2Farginine%2Fornithine transporter subunit,,717.0,0,0,0,1,0,1
2423922,+,b2308,histidine%2Flysine%2Farginine%2Fornithine transporter permease subunit,,687.0,0,0,0,1,0,1
2424294,-,b2309,histidine%2Flysine%2Farginine%2Fornithine transporter subunit,,783.0,0,0,1,0,0,0
2424535,-,b2309,histidine%2Flysine%2Farginine%2Fornithine transporter subunit,,783.0,0,0,1,0,0,0
2425959,-,b2310,lysine%2Farginine%2Fornithine transporter subunit,146.0,783.0,1,0,0,0,0,0
2425968,-,b2310,lysine%2Farginine%2Fornithine transporter subunit,155.0,783.0,0,1,0,0,0,0
2426342,-,b2311,3-octaprenyl-4-hydroxybenzoate carboxy-lyase,,570.0,0,0,1,0,0,0
2426353,-,b2311,3-octaprenyl-4-hydroxybenzoate carboxy-lyase,,570.0,0,0,1,0,0,0
2426406,+,b2311,3-octaprenyl-4-hydroxybenzoate carboxy-lyase,,570.0,0,0,0,1,0,1
2426642,+,b2311,3-octaprenyl-4-hydroxybenzoate carboxy-lyase,,570.0,0,0,0,1,0,1
2426672,-,b2311,3-octaprenyl-4-hydroxybenzoate carboxy-lyase,24.0,570.0,1,0,0,0,0,0
2426962,+,b2312,amidophosphoribosyltransferase,,1518.0,0,0,0,1,0,1
2427033,-,b2312,amidophosphoribosyltransferase,,1518.0,0,0,1,0,0,0
2427098,+,b2312,amidophosphoribosyltransferase,,1518.0,0,0,0,1,0,1
2428051,-,b2312,amidophosphoribosyltransferase,,1518.0,0,0,1,0,0,0
2428089,-,b2312,amidophosphoribosyltransferase,,1518.0,0,0,1,0,0,0
2428197,-,b2312,amidophosphoribosyltransferase,,1518.0,0,0,1,0,0,0
2428346,-,b2312,amidophosphoribosyltransferase,86.0,1518.0,1,0,0,0,0,0
2428821,-,b2313,membrane protein required for colicin V production,36.0,489.0,1,0,0,0,0,0
2429151,-,b2314,membrane-anchored periplasmic protein involved in septation,,663.0,0,0,1,0,0,0
2429208,-,b2314,membrane-anchored periplasmic protein involved in septation,,663.0,0,0,1,0,0,0
2429896,-,b2314,membrane-anchored periplasmic protein involved in septation,190.0,663.0,0,1,0,0,0,0
2429959,-,b2314,membrane-anchored periplasmic protein involved in septation,253.0,663.0,0,1,0,0,0,0
2429961,-,b2314,membrane-anchored periplasmic protein involved in septation,255.0,663.0,1,0,0,0,0,0
2429963,+,b2315,bifunctional folylpolyglutamate synthase%2F dihydrofolate synthase,,1269.0,0,0,0,1,0,1
2430508,-,b2315,bifunctional folylpolyglutamate synthase%2F dihydrofolate synthase,,1269.0,0,0,1,0,0,0
2431201,-,b2315,bifunctional folylpolyglutamate synthase%2F dihydrofolate synthase,237.0,1269.0,1,0,0,0,0,0
2432036,-,b2316,acetyl-CoA carboxylase%2C beta %28carboxyltransferase%29 subunit,88.0,915.0,1,0,0,0,0,0
2432174,+,b2317,conserved inner membrane protein,,660.0,0,0,0,1,0,1
2432194,-,b2316,acetyl-CoA carboxylase%2C beta %28carboxyltransferase%29 subunit,246.0,915.0,0,1,0,0,0,0
2432214,-,b2316,acetyl-CoA carboxylase%2C beta %28carboxyltransferase%29 subunit,266.0,915.0,0,1,0,0,0,0
2432295,-,b2317,conserved inner membrane protein,,660.0,0,0,1,0,0,0
2433280,-,b2318,tRNA pseudouridine%2838-40%29 synthase,,813.0,0,0,1,0,0,0
2433346,-,b2318,tRNA pseudouridine%2838-40%29 synthase,,813.0,0,0,1,0,0,0
2433941,-,b2318,tRNA pseudouridine%2838-40%29 synthase,283.0,813.0,1,0,0,0,0,0
2434763,-,b2319,putative semialdehyde dehydrogenase,92.0,1014.0,0,1,0,0,0,0
2434913,-,b2319,putative semialdehyde dehydrogenase,242.0,1014.0,1,0,0,0,0,0
2435065,+,b2320,erythronate-4-phosphate dehydrogenase,,1137.0,0,0,0,1,0,1
2435199,+,b2320,erythronate-4-phosphate dehydrogenase,,1137.0,0,0,0,1,0,1
2435575,-,b2320,erythronate-4-phosphate dehydrogenase,,1137.0,0,0,1,0,0,0
2435894,+,b2321,putative flagella assembly protein,78.0,996.0,0,1,0,0,0,1
2435905,-,b2320,erythronate-4-phosphate dehydrogenase,32.0,1137.0,1,0,0,0,0,1
2435931,+,b2321,putative flagella assembly protein,41.0,996.0,1,0,0,0,0,1
2436902,+,b2321,putative flagella assembly protein,,996.0,0,0,1,0,0,1
2438165,+,b2322,putative arabinose efflux transporter,,1179.0,0,0,0,1,0,1
2438262,-,b2322,putative arabinose efflux transporter,120.0,1179.0,1,0,0,0,0,0
2438268,-,b2322,putative arabinose efflux transporter,126.0,1179.0,0,1,0,0,0,0
2439355,+,b2323,3-oxoacyl-%5Bacyl-carrier-protein%5D synthase I,,1221.0,0,0,0,1,0,1
2439361,+,b2323,3-oxoacyl-%5Bacyl-carrier-protein%5D synthase I,,1221.0,0,0,0,1,0,1
2439761,+,b2324,fused 5-methylaminomethyl-2-thiouridine-forming enzyme methyltransferase and FAD-dependent demodification enzyme,25.0,2007.0,1,0,0,0,0,0
2439783,-,b2323,3-oxoacyl-%5Bacyl-carrier-protein%5D synthase I,156.0,1221.0,1,0,0,0,0,1
2440023,-,b2324,fused 5-methylaminomethyl-2-thiouridine-forming enzyme methyltransferase and FAD-dependent demodification enzyme,,2007.0,0,0,0,1,0,1
2441288,-,b2324,fused 5-methylaminomethyl-2-thiouridine-forming enzyme methyltransferase and FAD-dependent demodification enzyme,,2007.0,0,0,0,1,0,1
2441522,-,b2324,fused 5-methylaminomethyl-2-thiouridine-forming enzyme methyltransferase and FAD-dependent demodification enzyme,,2007.0,0,0,0,1,0,1
2442290,+,b2325,hypothetical protein,,279.0,0,0,0,1,0,1
2442632,-,b2326,Elongation Factor P Lys34 hydroxylase,,549.0,0,0,1,0,0,0
2443355,+,b2327,inner membrane protein%2C UPF0721 family,,810.0,0,0,0,1,0,1
2443366,-,b2327,inner membrane protein%2C UPF0721 family,,810.0,0,0,1,0,0,0
2443739,-,b2327,inner membrane protein%2C UPF0721 family,157.0,810.0,1,0,0,0,0,0
2444237,-,b2328,murein DD-endopeptidase,,825.0,0,0,1,0,0,0
2444244,+,b2328,murein DD-endopeptidase,,825.0,0,0,0,1,0,1
2445650,-,b2329,chorismate synthase,155.0,1086.0,1,0,0,0,0,0
2445655,-,b2329,chorismate synthase,160.0,1086.0,0,1,0,0,0,0
2446243,+,b2330,N5-glutamine methyltransferase,,933.0,0,0,0,1,0,1
2447170,+,b2331,putative DNA endonuclease,,552.0,0,0,1,0,0,1
2447313,+,b2332,hypothetical protein,,822.0,0,0,0,1,0,1
2447738,-,b2332,hypothetical protein,,822.0,0,0,1,0,0,0
2447756,+,b2332,hypothetical protein,,822.0,0,0,0,1,0,1
2447811,-,b2332,hypothetical protein,,822.0,0,0,1,0,0,0
2447860,-,b2332,hypothetical protein,,822.0,0,0,1,0,0,0
2448049,-,b2332,hypothetical protein,,822.0,0,0,1,0,0,0
2448071,+,b2332,hypothetical protein,,822.0,0,0,0,1,0,1
2448181,+,b2333,putative fimbrial-like adhesin protein,,540.0,0,0,0,1,0,1
2451977,+,b4661,pseudo,,2646.0,0,0,0,1,0,1
2452248,+,b4661,pseudo,,2646.0,0,0,0,1,0,1
2452732,-,b4661,pseudo,,2646.0,0,0,1,0,0,0
2452762,-,b4661,pseudo,,2646.0,0,0,1,0,0,0
2454938,-,b2340,phosphohistidine phosphatase,104.0,486.0,1,0,0,0,0,0
2455021,-,b2340,phosphohistidine phosphatase,187.0,486.0,0,1,0,0,0,0
2455397,-,b2341,fused enoyl-CoA hydratase and epimerase and isomerase%2F3-hydroxyacyl-CoA dehydrogenase,,2145.0,0,0,1,0,0,0
2455534,-,b2341,fused enoyl-CoA hydratase and epimerase and isomerase%2F3-hydroxyacyl-CoA dehydrogenase,,2145.0,0,0,1,0,0,0
2455815,+,b2341,fused enoyl-CoA hydratase and epimerase and isomerase%2F3-hydroxyacyl-CoA dehydrogenase,,2145.0,0,0,0,1,0,1
2456027,-,b2341,fused enoyl-CoA hydratase and epimerase and isomerase%2F3-hydroxyacyl-CoA dehydrogenase,,2145.0,0,0,1,0,0,0
2457091,-,b2341,fused enoyl-CoA hydratase and epimerase and isomerase%2F3-hydroxyacyl-CoA dehydrogenase,,2145.0,0,0,1,0,0,0
2457408,-,b2341,fused enoyl-CoA hydratase and epimerase and isomerase%2F3-hydroxyacyl-CoA dehydrogenase,227.0,2145.0,1,0,0,0,0,0
2457802,+,b2342,beta-ketoacyl-CoA thiolase%2C anaerobic%2C subunit,,1311.0,0,0,0,1,0,1
2458084,+,b2342,beta-ketoacyl-CoA thiolase%2C anaerobic%2C subunit,,1311.0,0,0,0,1,0,1
2458531,-,b2342,beta-ketoacyl-CoA thiolase%2C anaerobic%2C subunit,40.0,1311.0,1,0,0,0,0,0
2458690,-,b2342,beta-ketoacyl-CoA thiolase%2C anaerobic%2C subunit,199.0,1311.0,0,1,0,0,0,0
2459167,-,b2343,conserved protein%2C UPF0381 family,211.0,285.0,1,0,0,0,0,0
2459227,+,b2344,long-chain fatty acid outer membrane transporter,101.0,1341.0,0,1,0,0,0,0
2459272,+,b2344,long-chain fatty acid outer membrane transporter,56.0,1341.0,1,0,0,0,0,0
2460265,-,b2344,long-chain fatty acid outer membrane transporter,,1341.0,0,0,0,1,0,1
2461372,-,b2345,hypothetical protein,,1059.0,0,0,0,1,0,1
2461468,-,b2345,hypothetical protein,,1059.0,0,0,0,1,0,1
2461624,+,b2345,hypothetical protein,,1059.0,0,0,1,0,0,0
2462387,-,b2346,ABC transporter maintaining OM lipid asymmetry%2C OM lipoprotein component,,756.0,0,0,1,0,0,0
2462396,-,b2346,ABC transporter maintaining OM lipid asymmetry%2C OM lipoprotein component,,756.0,0,0,1,0,0,0
2463106,-,b2346,ABC transporter maintaining OM lipid asymmetry%2C OM lipoprotein component,77.0,756.0,1,0,0,0,0,0
2463157,-,b2346,ABC transporter maintaining OM lipid asymmetry%2C OM lipoprotein component,128.0,756.0,0,1,0,0,0,0
2463194,-,b2346,ABC transporter maintaining OM lipid asymmetry%2C OM lipoprotein component,165.0,756.0,0,1,0,0,0,0
2463239,-,b2346,ABC transporter maintaining OM lipid asymmetry%2C OM lipoprotein component,210.0,756.0,0,1,0,0,0,1
2463296,+,b2347,putative inner membrane protein,27.0,933.0,1,0,0,0,0,0
2463468,+,b2347,putative inner membrane protein,,933.0,0,0,1,0,0,0
2463677,+,b2347,putative inner membrane protein,,933.0,0,0,1,0,0,0
2464092,-,b2347,putative inner membrane protein,,933.0,0,0,0,1,0,1
2464326,+,b2348,tRNA-Arg,5.0,75.0,1,0,0,0,0,0
2464607,-,b2349,CPS-53 %28KpLE1%29 prophage%3B predicted prophage CPS-53 integrase,,1158.0,0,0,0,1,0,1
2464929,-,b2349,CPS-53 %28KpLE1%29 prophage%3B predicted prophage CPS-53 integrase,,1158.0,0,0,0,1,0,1
2465091,+,b2349,CPS-53 %28KpLE1%29 prophage%3B predicted prophage CPS-53 integrase,,1158.0,0,0,1,0,0,0
2465280,-,b2349,CPS-53 %28KpLE1%29 prophage%3B predicted prophage CPS-53 integrase,,1158.0,0,0,0,1,0,1
2465329,+,b2349,CPS-53 %28KpLE1%29 prophage%3B predicted prophage CPS-53 integrase,,1158.0,0,0,1,0,0,0
2465849,+,b2350,CPS-53 %28KpLE1%29 prophage%3B bactoprenol-linked glucose translocase %28flippase%29,28.0,363.0,1,0,0,0,0,0
2465849,-,b2350,CPS-53 %28KpLE1%29 prophage%3B bactoprenol-linked glucose translocase %28flippase%29,,363.0,0,0,0,1,0,1
2466232,-,b2350,CPS-53 %28KpLE1%29 prophage%3B bactoprenol-linked glucose translocase %28flippase%29,,363.0,0,0,0,1,0,1
2466649,-,b2351,CPS-53 %28KpLE1%29 prophage%3B bactoprenol glucosyl transferase,,921.0,0,0,0,1,0,1
2466939,-,b2351,CPS-53 %28KpLE1%29 prophage%3B bactoprenol glucosyl transferase,,921.0,0,0,0,1,0,1
2468111,-,b2352,serotype-specific glucosyl transferase%2C CPS-53 %28KpLE1%29 prophage,,1332.0,0,0,0,1,0,1
2468770,+,b2353,pseudo,67.0,291.0,1,0,0,0,0,0
2469065,+,b2353,pseudo,,291.0,0,0,1,0,0,1
2469413,-,b2354,CPS-53 %28KpLE1%29 prophage%3B conserved protein,,441.0,0,0,1,0,0,0
2471618,+,b2359,CPS-53 %28KpLE1%29 prophage%3B putative protein,8.0,363.0,1,0,0,0,0,1
2473134,-,b2361,CPS-53 %28KpLE1%29 prophage%3B conserved protein,,537.0,0,0,0,1,0,1
2473672,-,b2362,CPS-53 %28KpLE1%29 prophage%3B putative protein,,363.0,0,0,0,1,0,1
2474167,-,b2363,CPS-53 %28KpLE1%29 prophage%3B putative protein,,306.0,0,0,0,1,0,1
2474208,+,b4501,response regulator inhibitor for tor operon,124.0,201.0,1,0,0,0,0,0
2474398,+,b4643,pseudo,208.0,15.0,1,0,0,0,0,0
2476644,+,b2365,D-serine permease,,1338.0,0,0,1,0,0,0
2476657,+,b2365,D-serine permease,,1338.0,0,0,1,0,0,0
2476719,+,b2365,D-serine permease,,1338.0,0,0,1,0,0,0
2477124,-,b2365,D-serine permease,,1338.0,0,0,0,1,0,1
2477317,+,b2366,D-serine dehydratase,,1329.0,0,0,1,0,0,0
2477495,-,b2366,D-serine dehydratase,,1329.0,0,0,0,1,0,1
2478644,-,b2366,D-serine dehydratase,,1329.0,0,0,0,1,0,1
2479275,-,b2367,putative multidrug efflux system,,1539.0,0,0,1,0,0,0
2480203,-,b2367,putative multidrug efflux system,5.0,1539.0,1,0,0,0,0,0
2481164,+,b2368,EmrKY-TolC multidrug resistance efflux pump%2C membrane fusion protein component,,1164.0,0,0,0,1,0,1
2481542,+,b2369,DNA-binding response regulator in two-component regulatory system with EvgS,235.0,615.0,0,1,0,0,0,0
2481652,+,b2369,DNA-binding response regulator in two-component regulatory system with EvgS,125.0,615.0,1,0,0,0,0,0
2481663,+,b2369,DNA-binding response regulator in two-component regulatory system with EvgS,114.0,615.0,0,1,0,0,0,0
2481848,-,b2369,DNA-binding response regulator in two-component regulatory system with EvgS,,615.0,0,0,0,1,0,1
2481995,-,b2369,DNA-binding response regulator in two-component regulatory system with EvgS,,615.0,0,0,0,1,0,1
2482217,-,b2369,DNA-binding response regulator in two-component regulatory system with EvgS,,615.0,0,0,0,1,0,1
2482518,+,b2370,hybrid sensory histidine kinase in two-component regulatory system with EvgA,,3594.0,0,0,1,0,0,0
2483500,+,b2370,hybrid sensory histidine kinase in two-component regulatory system with EvgA,,3594.0,0,0,1,0,0,0
2483875,-,b2370,hybrid sensory histidine kinase in two-component regulatory system with EvgA,,3594.0,0,0,0,1,0,1
2484189,-,b2370,hybrid sensory histidine kinase in two-component regulatory system with EvgA,,3594.0,0,0,0,1,0,1
2484765,+,b2370,hybrid sensory histidine kinase in two-component regulatory system with EvgA,,3594.0,0,0,1,0,0,0
2484904,-,b2370,hybrid sensory histidine kinase in two-component regulatory system with EvgA,,3594.0,0,0,0,1,0,1
2485351,+,b2370,hybrid sensory histidine kinase in two-component regulatory system with EvgA,,3594.0,0,0,1,0,0,0
2485414,+,b2370,hybrid sensory histidine kinase in two-component regulatory system with EvgA,,3594.0,0,0,1,0,0,0
2485428,-,b2370,hybrid sensory histidine kinase in two-component regulatory system with EvgA,,3594.0,0,0,0,1,0,1
2486058,+,b2371,putative CoA-transferase%2C NAD%28P%29-binding,,1146.0,0,0,0,1,0,1
2486273,+,b2371,putative CoA-transferase%2C NAD%28P%29-binding,,1146.0,0,0,0,1,0,1
2486315,-,b2371,putative CoA-transferase%2C NAD%28P%29-binding,,1146.0,0,0,1,0,0,0
2488163,-,b2372,putative transporter,,945.0,0,0,1,0,0,0
2488215,+,b2372,putative transporter,,945.0,0,0,0,1,0,1
2488317,+,b2373,oxalyl CoA decarboxylase%2C ThDP-dependent,,1695.0,0,0,0,1,0,1
2488325,+,b2373,oxalyl CoA decarboxylase%2C ThDP-dependent,,1695.0,0,0,0,1,0,1
2488574,-,b2373,oxalyl CoA decarboxylase%2C ThDP-dependent,,1695.0,0,0,1,0,0,0
2491010,+,b2374,formyl-CoA transferase%2C NAD%28P%29-binding,,1251.0,0,0,0,1,0,1
2491306,+,b2374,formyl-CoA transferase%2C NAD%28P%29-binding,,1251.0,0,0,0,1,0,1
2493303,-,b2377,putative inner membrane protein,,243.0,0,0,1,0,0,0
2493356,-,b2377,putative inner membrane protein,42.0,243.0,1,0,0,0,0,0
2493515,+,b2378,palmitoleoyl-acyl carrier protein %28ACP%29-dependent acyltransferase,152.0,921.0,1,0,0,0,0,0
2493659,-,b2378,palmitoleoyl-acyl carrier protein %28ACP%29-dependent acyltransferase,,921.0,0,0,0,1,0,1
2494578,+,b2378,palmitoleoyl-acyl carrier protein %28ACP%29-dependent acyltransferase,,921.0,0,0,1,0,0,0
2494797,+,b4680,expressed protein%2C membrane-associated,146.0,72.0,1,0,0,0,0,0
2494984,+,b4680,expressed protein%2C membrane-associated,,72.0,0,0,1,0,0,1
2496378,-,b2379,valine-pyruvate aminotransferase 3,61.0,1239.0,1,0,0,0,0,0
2496651,-,b2380,putative sensory kinase in two-component system with YpdB,,1698.0,0,0,0,1,0,1
2496669,+,b2380,putative sensory kinase in two-component system with YpdB,24.0,1698.0,1,0,0,0,0,0
2497597,-,b2380,putative sensory kinase in two-component system with YpdB,,1698.0,0,0,0,1,0,1
2497633,-,b2380,putative sensory kinase in two-component system with YpdB,,1698.0,0,0,0,1,0,1
2497916,+,b2380,putative sensory kinase in two-component system with YpdB,,1698.0,0,0,1,0,0,0
2498414,+,b2381,putative response regulator in two-component system with YpdA,,735.0,0,0,1,0,0,0
2498645,+,b2381,putative response regulator in two-component system with YpdA,,735.0,0,0,1,0,0,0
2499010,-,b2381,putative response regulator in two-component system with YpdA,,735.0,0,0,0,1,0,1
2499054,+,b2382,putative DNA-binding protein,98.0,858.0,1,0,0,0,0,0
2499145,-,b2381,putative response regulator in two-component system with YpdA,,735.0,0,0,0,1,0,1
2499470,-,b2382,putative DNA-binding protein,,858.0,0,0,0,1,0,1
2499950,+,b2382,putative DNA-binding protein,,858.0,0,0,1,0,0,1
2500036,-,b2383,fused predicted PTS enzymes: Hpr component%2Fenzyme I component%2Fenzyme IIA component,,2496.0,0,0,1,0,0,1
2500426,+,b2383,fused predicted PTS enzymes: Hpr component%2Fenzyme I component%2Fenzyme IIA component,,2496.0,0,0,0,1,0,1
2500875,+,b2383,fused predicted PTS enzymes: Hpr component%2Fenzyme I component%2Fenzyme IIA component,,2496.0,0,0,0,1,0,1
2501635,-,b2383,fused predicted PTS enzymes: Hpr component%2Fenzyme I component%2Fenzyme IIA component,,2496.0,0,0,1,0,0,0
2503561,-,b2384,aminopeptidase,,1038.0,0,0,1,0,0,0
2504385,-,b2385,Xaa-Pro aminopeptidase,,1086.0,0,0,1,0,0,0
2504418,+,b2385,Xaa-Pro aminopeptidase,,1086.0,0,0,0,1,0,1
2504424,+,b2385,Xaa-Pro aminopeptidase,,1086.0,0,0,0,1,0,1
2506443,+,b2388,glucokinase,,966.0,0,0,0,1,0,1
2506581,+,b2388,glucokinase,,966.0,0,0,0,1,0,1
2507477,+,b2389,putative ion channel protein,175.0,1257.0,1,0,0,0,0,1
2507677,-,b2388,glucokinase,229.0,966.0,1,0,0,0,0,1
2507954,-,b2389,putative ion channel protein,,1257.0,0,0,0,1,0,1
2508090,-,b2389,putative ion channel protein,,1257.0,0,0,0,1,0,1
2508983,+,b2390,hypothetical protein,40.0,327.0,1,0,0,0,0,0
2509240,+,b2390,hypothetical protein,,327.0,0,0,1,0,0,0
2509961,-,b2392,manganese%2Fdivalent cation transporter,,1239.0,0,0,1,0,0,0
2510716,+,b2392,manganese%2Fdivalent cation transporter,,1239.0,0,0,0,1,0,1
2510844,+,b2393,nucleoside %28except guanosine%29 transporter,220.0,1203.0,1,0,0,0,0,0
2510875,-,b2392,manganese%2Fdivalent cation transporter,147.0,1239.0,1,0,0,0,0,0
2510914,-,b2392,manganese%2Fdivalent cation transporter,186.0,1239.0,0,1,0,0,0,0
2510967,-,b2392,manganese%2Fdivalent cation transporter,239.0,1239.0,0,1,0,0,0,1
2510969,-,b2392,manganese%2Fdivalent cation transporter,241.0,1239.0,0,1,0,0,0,1
2511553,+,b2393,nucleoside %28except guanosine%29 transporter,,1203.0,0,0,1,0,0,0
2512349,+,b2394,IS186 transposase,4.0,1113.0,1,0,0,0,0,0
2512911,-,b2394,IS186 transposase,,1113.0,0,0,0,1,0,1
2513204,-,b2394,IS186 transposase,,1113.0,0,0,0,1,0,1
2513368,-,b2394,IS186 transposase,,1113.0,0,0,0,1,0,1
2513812,-,b2395,putative diguanylate cyclase,,2190.0,0,0,1,0,0,0
2513868,-,b2395,putative diguanylate cyclase,,2190.0,0,0,1,0,0,0
2514232,+,b2395,putative diguanylate cyclase,,2190.0,0,0,0,1,0,1
2514288,-,b2395,putative diguanylate cyclase,,2190.0,0,0,1,0,0,0
2515720,-,b2395,putative diguanylate cyclase,,2190.0,0,0,1,0,0,0
2515870,+,b2395,putative diguanylate cyclase,,2190.0,0,0,0,1,0,1
2515889,-,b2395,putative diguanylate cyclase,35.0,2190.0,0,1,0,0,0,0
2515989,-,b2395,putative diguanylate cyclase,135.0,2190.0,0,1,0,0,0,0
2516123,-,b2395,putative diguanylate cyclase,269.0,2190.0,1,0,0,0,0,0
2516138,-,b2396,tRNA-Ala,0.0,76.0,1,0,0,0,0,0
2516278,-,b2397,tRNA-Ala,25.0,76.0,1,0,0,0,0,0
2516429,+,b2398,putative DNA-binding protein%2C DUF1323 family,60.0,345.0,0,1,0,0,0,0
2516441,+,b2398,putative DNA-binding protein%2C DUF1323 family,48.0,345.0,1,0,0,0,0,0
2517119,-,b2399,conserved protein%2C DUF1323 family%3B N-terminal HTH domain of the MerR superfamily,,393.0,0,0,0,1,0,1
2517141,+,b2399,conserved protein%2C DUF1323 family%3B N-terminal HTH domain of the MerR superfamily,,393.0,0,0,1,0,0,0
2517239,-,b2399,conserved protein%2C DUF1323 family%3B N-terminal HTH domain of the MerR superfamily,,393.0,0,0,0,1,0,1
2518191,+,b2400,glutamyl-tRNA synthetase,,1416.0,0,0,0,1,0,1
2518752,-,b2400,glutamyl-tRNA synthetase,58.0,1416.0,1,0,0,0,0,0
2518797,-,b2400,glutamyl-tRNA synthetase,103.0,1416.0,0,1,0,0,0,0
2518805,-,b2400,glutamyl-tRNA synthetase,111.0,1416.0,0,1,0,0,0,0
2518944,+,b2401,tRNA-Val,9.0,76.0,1,0,0,0,0,0
2519067,+,b2402,tRNA-Val,6.0,76.0,1,0,0,0,0,0
2519079,+,b2403,tRNA-Val,116.0,76.0,1,0,0,0,0,0
2519187,+,b2403,tRNA-Val,8.0,76.0,0,1,0,0,0,0
2519201,+,b2404,tRNA-Lys,74.0,76.0,1,0,0,0,0,0
2519282,+,b2404,tRNA-Lys,,76.0,0,0,1,0,0,0
2519890,-,b2405,DNA-binding transcriptional activator for for xapAB,,885.0,0,0,1,0,0,0
2520244,-,b2405,DNA-binding transcriptional activator for for xapAB,,885.0,0,0,1,0,0,0
2520527,-,b2405,DNA-binding transcriptional activator for for xapAB,28.0,885.0,1,0,0,0,0,0
2520585,-,b2405,DNA-binding transcriptional activator for for xapAB,86.0,885.0,0,1,0,0,0,0
2521579,-,b2406,xanthosine transporter,,1257.0,0,0,1,0,0,0
2521716,-,b2406,xanthosine transporter,,1257.0,0,0,1,0,0,0
2521828,-,b2406,xanthosine transporter,,1257.0,0,0,1,0,0,0
2521838,+,b2406,xanthosine transporter,,1257.0,0,0,0,1,0,1
2521912,-,b2406,xanthosine transporter,,1257.0,0,0,1,0,0,0
2523196,+,b2408,putative outer membrane protein,,765.0,0,0,1,0,0,0
2523896,+,b2408,putative outer membrane protein,,765.0,0,0,1,0,0,1
2523949,+,b2409,putative DNA-binding transcriptional regulator,,927.0,0,0,0,1,0,1
2524904,-,b2409,putative DNA-binding transcriptional regulator,26.0,927.0,1,0,0,0,0,1
2524948,+,b2410,putative inner membrane protein,20.0,999.0,1,0,0,0,0,1
2525589,+,b2410,putative inner membrane protein,,999.0,0,0,1,0,0,0
2526103,-,b4546,hypothetical protein,,219.0,0,0,1,0,0,0
2527120,-,b2411,DNA ligase%2C NAD%28%2B%29-dependent,,2016.0,0,0,1,0,0,0
2528147,+,b2411,DNA ligase%2C NAD%28%2B%29-dependent,,2016.0,0,0,0,1,0,1
2528235,-,b2411,DNA ligase%2C NAD%28%2B%29-dependent,37.0,2016.0,1,0,0,0,0,0
2529302,-,b2412,FtsZ stabilizer,47.0,987.0,1,0,0,0,0,0
2529356,-,b2412,FtsZ stabilizer,101.0,987.0,0,1,0,0,0,0
2529446,+,b2413,putative inner membrane protein,39.0,762.0,1,0,0,0,0,0
2529574,-,b2413,putative inner membrane protein,,762.0,0,0,0,1,0,1
2530112,+,b2413,putative inner membrane protein,,762.0,0,0,1,0,0,0
2530366,+,b2414,cysteine synthase A%2C O-acetylserine sulfhydrolase A subunit,65.0,972.0,0,1,0,0,0,0
2530388,-,b2414,cysteine synthase A%2C O-acetylserine sulfhydrolase A subunit,,972.0,0,0,0,1,0,1
2530399,+,b2414,cysteine synthase A%2C O-acetylserine sulfhydrolase A subunit,32.0,972.0,1,0,0,0,0,0
2531333,+,b2414,cysteine synthase A%2C O-acetylserine sulfhydrolase A subunit,,972.0,0,0,1,0,0,0
2531389,-,b2414,cysteine synthase A%2C O-acetylserine sulfhydrolase A subunit,,972.0,0,0,0,1,0,1
2531400,-,b2414,cysteine synthase A%2C O-acetylserine sulfhydrolase A subunit,,972.0,0,0,0,1,0,1
2531523,+,b2415,phosphohistidinoprotein-hexose phosphotransferase component of PTS system %28Hpr%29,263.0,258.0,1,0,0,0,0,0
2531623,+,b2415,phosphohistidinoprotein-hexose phosphotransferase component of PTS system %28Hpr%29,163.0,258.0,0,1,0,0,0,0
2531750,-,b2415,phosphohistidinoprotein-hexose phosphotransferase component of PTS system %28Hpr%29,,258.0,0,0,0,1,0,1
2531752,+,b2415,phosphohistidinoprotein-hexose phosphotransferase component of PTS system %28Hpr%29,34.0,258.0,0,1,0,0,0,0
2531972,+,b2416,PEP-protein phosphotransferase of PTS system %28enzyme I%29,116.0,1728.0,1,0,0,0,0,0
2532263,-,b2416,PEP-protein phosphotransferase of PTS system %28enzyme I%29,,1728.0,0,0,0,1,0,1
2532786,-,b2416,PEP-protein phosphotransferase of PTS system %28enzyme I%29,,1728.0,0,0,0,1,0,1
2532811,+,b2416,PEP-protein phosphotransferase of PTS system %28enzyme I%29,,1728.0,0,0,1,0,0,0
2533252,+,b2416,PEP-protein phosphotransferase of PTS system %28enzyme I%29,,1728.0,0,0,1,0,0,0
2533474,+,b2416,PEP-protein phosphotransferase of PTS system %28enzyme I%29,,1728.0,0,0,1,0,0,0
2533504,+,b2416,PEP-protein phosphotransferase of PTS system %28enzyme I%29,,1728.0,0,0,1,0,0,0
2533632,+,b2417,glucose-specific enzyme IIA component of PTS,224.0,510.0,1,0,0,0,0,0
2534073,+,b2417,glucose-specific enzyme IIA component of PTS,,510.0,0,0,1,0,0,0
2535092,+,b2419,hypothetical protein,272.0,375.0,0,1,0,0,0,1
2535337,+,b2419,hypothetical protein,27.0,375.0,1,0,0,0,0,1
2535341,-,b2418,pyridoxal-pyridoxamine kinase%2Fhydroxymethylpyrimidine kinase,82.0,852.0,1,0,0,0,0,1
2535524,+,b2420,hypothetical protein,247.0,735.0,1,0,0,0,0,0
2535649,+,b2420,hypothetical protein,122.0,735.0,0,1,0,0,0,0
2535779,+,b2420,hypothetical protein,,735.0,0,0,1,0,0,0
2535817,-,b2419,hypothetical protein,,375.0,0,0,0,1,0,1
2535881,+,b2420,hypothetical protein,,735.0,0,0,1,0,0,0
2535975,+,b2420,hypothetical protein,,735.0,0,0,1,0,0,0
2536022,-,b2420,hypothetical protein,,735.0,0,0,0,1,0,1
2536259,+,b2420,hypothetical protein,,735.0,0,0,1,0,0,0
2536401,-,b2420,hypothetical protein,,735.0,0,0,0,1,0,1
2536726,+,b2421,cysteine synthase B %28O-acetylserine sulfhydrolase B%29,,912.0,0,0,0,1,0,1
2537726,-,b2421,cysteine synthase B %28O-acetylserine sulfhydrolase B%29,121.0,912.0,1,0,0,0,0,0
2541581,-,b2425,thiosulfate-binding protein,31.0,1017.0,0,1,0,0,0,0
2541722,-,b2425,thiosulfate-binding protein,172.0,1017.0,1,0,0,0,0,0
2541796,+,b2426,furfural resistance protein%2C predicted short-chain oxidoreductase,,792.0,0,0,0,1,0,1
2542199,-,b2426,furfural resistance protein%2C predicted short-chain oxidoreductase,,792.0,0,0,1,0,0,0
2542694,-,b2426,furfural resistance protein%2C predicted short-chain oxidoreductase,49.0,792.0,1,0,0,0,0,0
2543697,-,b2427,repressor for murPQ%2C MurNAc 6-P inducible,66.0,858.0,1,0,0,0,0,1
2543755,+,b2428,N-acetylmuramic acid 6-phosphate %28MurNAc-6-P%29 etherase,40.0,897.0,1,0,0,0,0,0
2545147,-,b2429,N-acetylmuramic acid permease%2C EIIBC component%2C PTS system,,1425.0,0,0,0,1,0,1
2545388,+,b2429,N-acetylmuramic acid permease%2C EIIBC component%2C PTS system,,1425.0,0,0,1,0,0,0
2545510,-,b2429,N-acetylmuramic acid permease%2C EIIBC component%2C PTS system,,1425.0,0,0,0,1,0,1
2546132,+,b2430,penicillin binding protein PBP4B%3B weak DD-carboxypeptidase activity,,1305.0,0,0,1,0,0,0
2546146,+,b2430,penicillin binding protein PBP4B%3B weak DD-carboxypeptidase activity,,1305.0,0,0,1,0,0,0
2546735,-,b2430,penicillin binding protein PBP4B%3B weak DD-carboxypeptidase activity,,1305.0,0,0,0,1,0,1
2547357,+,b2430,penicillin binding protein PBP4B%3B weak DD-carboxypeptidase activity,,1305.0,0,0,1,0,0,0
2547698,-,b2431,porphyrinogen oxidase%2C cytoplasmic,,900.0,0,0,1,0,0,0
2548475,+,b2431,porphyrinogen oxidase%2C cytoplasmic,,900.0,0,0,0,1,0,1
2548554,+,b2431,porphyrinogen oxidase%2C cytoplasmic,,900.0,0,0,0,1,0,1
2548612,-,b2431,porphyrinogen oxidase%2C cytoplasmic,45.0,900.0,1,0,0,0,0,0
2548760,-,b2431,porphyrinogen oxidase%2C cytoplasmic,193.0,900.0,0,1,0,0,0,0
2548867,-,b2431,porphyrinogen oxidase%2C cytoplasmic,300.0,900.0,0,1,0,0,0,0
2549264,-,b2432,RpoE-regulated lipoprotein,26.0,576.0,1,0,0,0,0,0
2549296,-,b2432,RpoE-regulated lipoprotein,58.0,576.0,0,1,0,0,0,0
2549467,-,b2432,RpoE-regulated lipoprotein,229.0,576.0,0,1,0,0,0,0
2549941,-,b2433,inner membrane protein,193.0,450.0,1,0,0,0,0,0
2550192,-,b2434,putative acyltransferase with acyl-CoA N-acyltransferase domain,32.0,426.0,1,0,0,0,0,0
2550264,+,b2435,N-acetylmuramoyl-l-alanine amidase I,110.0,870.0,1,0,0,0,0,0
2550324,-,b2434,putative acyltransferase with acyl-CoA N-acyltransferase domain,164.0,426.0,0,1,0,0,0,1
2550974,+,b2436,coproporphyrinogen III oxidase,273.0,900.0,1,0,0,0,0,0
2551309,+,b2436,coproporphyrinogen III oxidase,,900.0,0,0,1,0,0,0
2551540,-,b2436,coproporphyrinogen III oxidase,,900.0,0,0,0,1,0,1
2552069,-,b2436,coproporphyrinogen III oxidase,,900.0,0,0,0,1,0,1
2552111,-,b2436,coproporphyrinogen III oxidase,,900.0,0,0,0,1,0,1
2552979,-,b2437,eut operon transcriptional activator%2C AraC family,,1053.0,0,0,1,0,0,0
2553030,+,b2437,eut operon transcriptional activator%2C AraC family,,1053.0,0,0,0,1,0,1
2553105,+,b2437,eut operon transcriptional activator%2C AraC family,,1053.0,0,0,0,1,0,1
2553386,-,b2437,eut operon transcriptional activator%2C AraC family,182.0,1053.0,1,0,0,0,0,0
2553866,+,b2439,putative carboxysome structural protein with predicted role in ethanolamine utilization,,660.0,0,0,0,1,0,1
2555019,+,b2440,ethanolamine ammonia-lyase%2C small subunit %28light chain%29,,888.0,0,0,0,1,0,1
2555316,-,b2440,ethanolamine ammonia-lyase%2C small subunit %28light chain%29,,888.0,0,0,1,0,0,0
2555328,+,b2440,ethanolamine ammonia-lyase%2C small subunit %28light chain%29,,888.0,0,0,0,1,0,1
2555334,+,b2440,ethanolamine ammonia-lyase%2C small subunit %28light chain%29,,888.0,0,0,0,1,0,1
2555569,+,b2441,ethanolamine ammonia-lyase%2C large subunit%2C heavy chain,,1362.0,0,0,0,1,0,1
2556797,+,b2442,CPZ-55 prophage%3B predicted integrase,83.0,1209.0,1,0,0,0,0,1
2556832,-,b2441,ethanolamine ammonia-lyase%2C large subunit%2C heavy chain,131.0,1362.0,1,0,0,0,0,1
2557587,-,b2442,CPZ-55 prophage%3B predicted integrase,,1209.0,0,0,0,1,0,1
2557972,-,b2442,CPZ-55 prophage%3B predicted integrase,,1209.0,0,0,0,1,0,1
2558318,+,b2443,CPZ-55 prophage%3B putative protein,,642.0,0,0,1,0,0,0
2558394,-,b2443,CPZ-55 prophage%3B putative protein,,642.0,0,0,0,1,0,1
2558590,-,b2443,CPZ-55 prophage%3B putative protein,,642.0,0,0,0,1,0,1
2559094,+,b2444,CPZ-55 prophage%3B putative protein,296.0,246.0,1,0,0,0,0,0
2559757,-,b2445,CPZ-55 prophage%3B putative protein,,369.0,0,0,0,1,0,1
2560868,-,b2447,CPZ-55 prophage%3B putative protein,,594.0,0,0,0,1,0,1
2562028,+,b2449,CPZ-55 prophage%3B putative protein,,393.0,0,0,1,0,0,0
2562223,+,b2449,CPZ-55 prophage%3B putative protein,,393.0,0,0,1,0,0,0
2562518,+,b2450,CPZ-55 prophage%3B putative protein,27.0,810.0,1,0,0,0,0,0
2562890,+,b2450,CPZ-55 prophage%3B putative protein,,810.0,0,0,1,0,0,0
2565755,-,b2452,ethanolamine transporter,,1227.0,0,0,1,0,0,0
2566075,-,b2452,ethanolamine transporter,,1227.0,0,0,1,0,0,0
2568879,+,b2455,aldehyde oxidoreductase%2C ethanolamine utilization protein,,1404.0,0,0,0,1,0,1
2570140,+,b2456,Ethanolamine catabolic microcompartment shell protein,,288.0,0,0,0,1,0,1
2571594,+,b2458,phosphate acetyltransferase,,1017.0,0,0,0,1,0,1
2572782,+,b2460,hypothetical protein,,702.0,0,0,0,1,0,1
2575113,-,b2463,fused malic enzyme predicted oxidoreductase%2Fpredicted phosphotransacetylase,,2280.0,0,0,1,0,0,0
2576387,+,b2463,fused malic enzyme predicted oxidoreductase%2Fpredicted phosphotransacetylase,,2280.0,0,0,0,1,0,1
2576520,-,b2463,fused malic enzyme predicted oxidoreductase%2Fpredicted phosphotransacetylase,121.0,2280.0,0,1,0,0,0,0
2576553,-,b2463,fused malic enzyme predicted oxidoreductase%2Fpredicted phosphotransacetylase,154.0,2280.0,1,0,0,0,0,0
2576612,+,b2464,transaldolase A,76.0,951.0,1,0,0,0,0,0
2576815,-,b2464,transaldolase A,,951.0,0,0,0,1,0,1
2576939,-,b2464,transaldolase A,,951.0,0,0,0,1,0,1
2577625,-,b2464,transaldolase A,,951.0,0,0,0,1,0,1
2579623,+,b2465,transketolase 2%2C thiamin-binding,,2004.0,0,0,1,0,0,0
2580175,-,b2466,hypothetical protein,,1044.0,0,0,1,0,0,0
2580808,-,b2466,hypothetical protein,9.0,1044.0,0,1,0,0,0,0
2580835,-,b2466,hypothetical protein,36.0,1044.0,1,0,0,0,0,0
2580902,-,b2466,hypothetical protein,103.0,1044.0,0,1,0,0,0,0
2581387,+,b2467,GDP-mannose pyrophosphatase,,576.0,0,0,0,1,0,1
2581486,+,b2467,GDP-mannose pyrophosphatase,,576.0,0,0,0,1,0,1
2581523,-,b2467,GDP-mannose pyrophosphatase,23.0,576.0,1,0,0,0,0,0
2581569,-,b2467,GDP-mannose pyrophosphatase,69.0,576.0,0,1,0,0,0,0
2582042,+,b2468,fused predicted oxidoreductase: FeS binding subunit%2FNAD%2FFAD-binding subunit,,1980.0,0,0,0,1,0,1
2582047,+,b2468,fused predicted oxidoreductase: FeS binding subunit%2FNAD%2FFAD-binding subunit,,1980.0,0,0,0,1,0,1
2583235,-,b2468,fused predicted oxidoreductase: FeS binding subunit%2FNAD%2FFAD-binding subunit,,1980.0,0,0,1,0,0,0
2583589,-,b2468,fused predicted oxidoreductase: FeS binding subunit%2FNAD%2FFAD-binding subunit,42.0,1980.0,1,0,0,0,0,0
2583590,+,b2469,sensory histidine kinase in two-component regulatory system with NarP %28NarL%29,163.0,1701.0,1,0,0,0,0,1
2584691,+,b2469,sensory histidine kinase in two-component regulatory system with NarP %28NarL%29,,1701.0,0,0,1,0,0,0
2585485,-,b2469,sensory histidine kinase in two-component regulatory system with NarP %28NarL%29,,1701.0,0,0,0,1,0,1
2587110,+,b2470,aminoglycoside%2Fmultidrug efflux system,,3114.0,0,0,1,0,0,0
2587390,-,b2470,aminoglycoside%2Fmultidrug efflux system,,3114.0,0,0,0,1,0,1
2588914,+,b4606,hypothetical protein,,60.0,0,0,0,1,0,1
2589072,-,b4606,hypothetical protein,184.0,60.0,1,0,0,0,0,0
2589154,+,b2471,putative reductase%2C function unknown%2C ArsC family%3B low abundance protein,115.0,357.0,1,0,0,0,0,0
2589392,-,b2471,putative reductase%2C function unknown%2C ArsC family%3B low abundance protein,,357.0,0,0,0,1,0,1
2589583,+,b2472,N-succinyl-diaminopimelate deacylase,46.0,1128.0,1,0,0,0,0,0
2590171,-,b2472,N-succinyl-diaminopimelate deacylase,,1128.0,0,0,0,1,0,1
2590535,+,b4547,putative membrane protein%2C UPF0370 family,249.0,201.0,0,1,0,0,0,0
2590571,+,b4547,putative membrane protein%2C UPF0370 family,213.0,201.0,1,0,0,0,0,0
2590720,-,b2472,N-succinyl-diaminopimelate deacylase,,1128.0,0,0,0,1,0,1
2591160,-,b2473,putative hydrolase,,699.0,0,0,1,0,0,0
2591221,-,b2473,putative hydrolase,,699.0,0,0,1,0,0,0
2591811,-,b2473,putative hydrolase,19.0,699.0,0,1,0,0,0,0
2591864,+,b2473,putative hydrolase,,699.0,0,0,0,1,0,1
2591991,-,b2473,putative hydrolase,199.0,699.0,1,0,0,0,0,0
2592568,-,b2474,elongator methionine tRNA %28ac4C34%29 acetyltransferase,,2016.0,0,0,1,0,0,0
2594806,-,b2475,hypothetical protein,47.0,864.0,1,0,0,0,0,0
2595461,-,b2476,phosphoribosylaminoimidazole-succinocarboxamide synthetase,,714.0,0,0,1,0,0,0
2595559,+,b2476,phosphoribosylaminoimidazole-succinocarboxamide synthetase,,714.0,0,0,0,1,0,1
2595686,+,b2476,phosphoribosylaminoimidazole-succinocarboxamide synthetase,,714.0,0,0,0,1,0,1
2595803,-,b2476,phosphoribosylaminoimidazole-succinocarboxamide synthetase,163.0,714.0,1,0,0,0,0,0
2596439,-,b2477,lipoprotein required for OM biogenesis%2C in BamABCDE complex,,1035.0,0,0,1,0,0,0
2597324,+,b2478,dihydrodipicolinate synthase,,879.0,0,0,0,1,0,1
2597375,-,b2478,dihydrodipicolinate synthase,,879.0,0,0,1,0,0,0
2597806,-,b2478,dihydrodipicolinate synthase,24.0,879.0,1,0,0,0,0,0
2597830,+,b2479,DNA-binding transcriptional repressor%2C regulatory protein accessory to GcvA,98.0,573.0,0,1,0,0,0,1
2597901,+,b2479,DNA-binding transcriptional repressor%2C regulatory protein accessory to GcvA,27.0,573.0,1,0,0,0,0,0
2597938,-,b2478,dihydrodipicolinate synthase,156.0,879.0,0,1,0,0,0,1
2598042,+,b2479,DNA-binding transcriptional repressor%2C regulatory protein accessory to GcvA,,573.0,0,0,1,0,0,0
2598088,+,b2479,DNA-binding transcriptional repressor%2C regulatory protein accessory to GcvA,,573.0,0,0,1,0,0,0
2598459,+,b2480,peroxiredoxin%3B thiol peroxidase%2C thioredoxin-dependent,41.0,471.0,1,0,0,0,0,0
2599147,-,b2481,hydrogenase 4%2C 4Fe-4S subunit,,618.0,0,0,0,1,0,1
2599902,+,b2482,hydrogenase 4%2C membrane subunit,,2019.0,0,0,1,0,0,0
2600382,+,b2482,hydrogenase 4%2C membrane subunit,,2019.0,0,0,1,0,0,0
2600724,-,b2482,hydrogenase 4%2C membrane subunit,,2019.0,0,0,0,1,0,1
2601053,-,b2482,hydrogenase 4%2C membrane subunit,,2019.0,0,0,0,1,0,1
2601201,+,b2482,hydrogenase 4%2C membrane subunit,,2019.0,0,0,1,0,0,0
2604699,-,b2485,hydrogenase 4%2C membrane subunit,,651.0,0,0,0,1,0,1
2604951,+,b2486,hydrogenase 4%2C membrane subunit,,1581.0,0,0,1,0,0,0
2605552,+,b2486,hydrogenase 4%2C membrane subunit,,1581.0,0,0,1,0,0,0
2605746,-,b2486,hydrogenase 4%2C membrane subunit,,1581.0,0,0,0,1,0,1
2606672,+,b2487,hydrogenase 4%2C subunit,,1668.0,0,0,1,0,0,0
2606733,-,b2487,hydrogenase 4%2C subunit,,1668.0,0,0,0,1,0,1
2608199,-,b2487,hydrogenase 4%2C subunit,,1668.0,0,0,0,1,0,1
2608451,-,b2488,hydrogenase 4%2C Fe-S subunit,,546.0,0,0,0,1,0,1
2608937,+,b2489,hydrogenase 4%2C Fe-S subunit,,759.0,0,0,1,0,0,0
2609430,-,b2489,hydrogenase 4%2C Fe-S subunit,,759.0,0,0,0,1,0,1
2609827,+,b2491,DNA-binding transcriptional activator%2C formate sensing,95.0,2013.0,1,0,0,0,0,0
2610430,+,b2491,DNA-binding transcriptional activator%2C formate sensing,,2013.0,0,0,1,0,0,0
2610950,-,b2491,DNA-binding transcriptional activator%2C formate sensing,,2013.0,0,0,0,1,0,1
2611493,-,b2491,DNA-binding transcriptional activator%2C formate sensing,,2013.0,0,0,0,1,0,1
2611944,+,b2492,putative formate transporter,12.0,849.0,1,0,0,0,0,0
2612113,+,b2492,putative formate transporter,,849.0,0,0,1,0,0,0
2612325,+,b2492,putative formate transporter,,849.0,0,0,1,0,0,0
2612356,+,b2492,putative formate transporter,,849.0,0,0,1,0,0,0
2612469,+,b2492,putative formate transporter,,849.0,0,0,1,0,0,0
2612731,-,b2492,putative formate transporter,,849.0,0,0,0,1,0,1
2613655,-,b2493,putative inner membrane permease%2C UPF0118 family,,1062.0,0,0,1,0,0,0
2613842,+,b2494,periplasmic predicted metalloprotease%2C required for LoiP localization%3B TPR repeats,274.0,1464.0,0,1,0,0,0,1
2613939,-,b2493,putative inner membrane permease%2C UPF0118 family,36.0,1062.0,1,0,0,0,0,0
2614009,+,b2494,periplasmic predicted metalloprotease%2C required for LoiP localization%3B TPR repeats,107.0,1464.0,1,0,0,0,0,0
2614097,-,b2493,putative inner membrane permease%2C UPF0118 family,194.0,1062.0,0,1,0,0,0,1
2614981,+,b2494,periplasmic predicted metalloprotease%2C required for LoiP localization%3B TPR repeats,,1464.0,0,0,1,0,0,0
2615609,-,b2494,periplasmic predicted metalloprotease%2C required for LoiP localization%3B TPR repeats,,1464.0,0,0,0,1,0,1
2615877,+,b2495,putative oxidoreductase,,360.0,0,0,1,0,0,0
2616047,+,b2496,ATPase regulatory factor involved in DnaA inactivation,,702.0,0,0,0,1,0,1
2616827,-,b2496,ATPase regulatory factor involved in DnaA inactivation,29.0,702.0,1,0,0,0,0,0
2616966,-,b2496,ATPase regulatory factor involved in DnaA inactivation,168.0,702.0,0,1,0,0,0,0
2617071,+,b2497,uracil permease,,1290.0,0,0,0,1,0,1
2617232,-,b2497,uracil permease,,1290.0,0,0,1,0,0,0
2617888,-,b2497,uracil permease,,1290.0,0,0,1,0,0,0
2618071,+,b2497,uracil permease,,1290.0,0,0,0,1,0,1
2618179,-,b2497,uracil permease,,1290.0,0,0,1,0,0,0
2618275,+,b2497,uracil permease,,1290.0,0,0,0,1,0,1
2618931,-,b2498,uracil phosphoribosyltransferase,37.0,627.0,1,0,0,0,0,0
2618941,-,b2498,uracil phosphoribosyltransferase,47.0,627.0,0,1,0,0,0,0
2619031,+,b2499,phosphoribosylaminoimidazole synthetase,188.0,1038.0,1,0,0,0,0,0
2620222,+,b2500,phosphoribosylglycinamide formyltransferase 1,34.0,639.0,1,0,0,0,0,0
2620285,-,b2499,phosphoribosylaminoimidazole synthetase,,1038.0,0,0,0,1,0,1
2620999,+,b2501,polyphosphate kinase%2C component of RNA degradosome,67.0,2067.0,0,1,0,0,0,0
2621030,+,b2501,polyphosphate kinase%2C component of RNA degradosome,36.0,2067.0,1,0,0,0,0,0
2621945,-,b2501,polyphosphate kinase%2C component of RNA degradosome,,2067.0,0,0,0,1,0,1
2622108,+,b2501,polyphosphate kinase%2C component of RNA degradosome,,2067.0,0,0,1,0,0,0
2622184,+,b2501,polyphosphate kinase%2C component of RNA degradosome,,2067.0,0,0,1,0,0,0
2622433,-,b2501,polyphosphate kinase%2C component of RNA degradosome,,2067.0,0,0,0,1,0,1
2622864,+,b2502,exopolyphosphatase,273.0,1542.0,1,0,0,0,0,0
2623903,-,b2502,exopolyphosphatase,,1542.0,0,0,0,1,0,1
2623995,+,b2502,exopolyphosphatase,,1542.0,0,0,1,0,0,0
2624776,-,b2503,cyclic-di-GMP phosphodiesterase%2C anaerobic,,2244.0,0,0,1,0,0,1
2624923,-,b2503,cyclic-di-GMP phosphodiesterase%2C anaerobic,,2244.0,0,0,1,0,0,0
2625200,-,b2503,cyclic-di-GMP phosphodiesterase%2C anaerobic,,2244.0,0,0,1,0,0,0
2625610,+,b2503,cyclic-di-GMP phosphodiesterase%2C anaerobic,,2244.0,0,0,0,1,0,1
2626036,-,b2503,cyclic-di-GMP phosphodiesterase%2C anaerobic,,2244.0,0,0,1,0,0,0
2626046,+,b2503,cyclic-di-GMP phosphodiesterase%2C anaerobic,,2244.0,0,0,0,1,0,1
2626390,+,b2503,cyclic-di-GMP phosphodiesterase%2C anaerobic,,2244.0,0,0,0,1,0,1
2626669,-,b2503,cyclic-di-GMP phosphodiesterase%2C anaerobic,,2244.0,0,0,1,0,0,0
2627053,-,b2503,cyclic-di-GMP phosphodiesterase%2C anaerobic,93.0,2244.0,1,0,0,0,0,0
2627155,+,b2504,hypothetical protein,157.0,192.0,0,1,0,0,0,0
2627159,-,b2503,cyclic-di-GMP phosphodiesterase%2C anaerobic,199.0,2244.0,0,1,0,0,0,0
2627274,+,b2504,hypothetical protein,38.0,192.0,1,0,0,0,0,0
2627963,-,b2505,outer membrane integrity lipoprotein,,519.0,0,0,0,1,0,1
2628239,-,b2505,outer membrane integrity lipoprotein,,519.0,0,0,0,1,0,1
2628343,+,b2506,hypothetical protein,5.0,540.0,1,0,0,0,0,0
2629696,-,b2507,GMP synthetase %28glutamine aminotransferase%29,,1578.0,0,0,1,0,0,0
2630737,-,b2507,GMP synthetase %28glutamine aminotransferase%29,180.0,1578.0,1,0,0,0,0,0
2630741,-,b2507,GMP synthetase %28glutamine aminotransferase%29,184.0,1578.0,0,1,0,0,0,0
2631151,+,b2508,IMP dehydrogenase,,1467.0,0,0,0,1,0,1
2632127,-,b2508,IMP dehydrogenase,35.0,1467.0,0,1,0,0,0,0
2632129,-,b2508,IMP dehydrogenase,37.0,1467.0,1,0,0,0,0,0
2632138,-,b2508,IMP dehydrogenase,46.0,1467.0,0,1,0,0,0,0
2632219,+,b2509,exonuclease VII%2C large subunit,35.0,1371.0,1,0,0,0,0,0
2633767,+,b2510,conserved protein%2C DUF1407 family,,216.0,0,0,0,1,0,1
2633987,+,b2511,GTPase%3B multicopy suppressor of ftsJ,,1473.0,0,0,0,1,0,1
2635500,-,b2511,GTPase%3B multicopy suppressor of ftsJ,122.0,1473.0,0,1,0,0,0,0
2635665,-,b2511,GTPase%3B multicopy suppressor of ftsJ,287.0,1473.0,1,0,0,0,0,0
2635874,-,b2512,lipoprotein required for OM biogenesis%2C in BamABCDE complex,,1179.0,0,0,1,0,0,0
2635892,+,b2512,lipoprotein required for OM biogenesis%2C in BamABCDE complex,,1179.0,0,0,0,1,0,1
2636029,-,b2512,lipoprotein required for OM biogenesis%2C in BamABCDE complex,,1179.0,0,0,1,0,0,0
2636573,-,b2512,lipoprotein required for OM biogenesis%2C in BamABCDE complex,,1179.0,0,0,1,0,0,0
2636997,-,b2513,conserved protein%2C UPF0070 family,,621.0,0,0,1,0,0,0
2637038,-,b2513,conserved protein%2C UPF0070 family,,621.0,0,0,1,0,0,0
2637648,-,b2514,histidyl tRNA synthetase,,1275.0,0,0,1,0,0,0
2638663,-,b2514,histidyl tRNA synthetase,66.0,1275.0,1,0,0,0,0,0
2638718,+,b2515,1-hydroxy-2-methyl-2-%28E%29-butenyl 4-diphosphate synthase,,1119.0,0,0,0,1,0,1
2638974,-,b2515,1-hydroxy-2-methyl-2-%28E%29-butenyl 4-diphosphate synthase,,1119.0,0,0,1,0,0,0
2640003,-,b2515,1-hydroxy-2-methyl-2-%28E%29-butenyl 4-diphosphate synthase,177.0,1119.0,1,0,0,0,0,0
2640320,+,b2516,cytoskeletal protein required for MreB assembly,,1014.0,0,0,0,1,0,1
2640729,+,b2516,cytoskeletal protein required for MreB assembly,,1014.0,0,0,0,1,0,1
2640965,+,b2516,cytoskeletal protein required for MreB assembly,,1014.0,0,0,0,1,0,1
2641026,-,b2516,cytoskeletal protein required for MreB assembly,160.0,1014.0,1,0,0,0,0,0
2641093,-,b2516,cytoskeletal protein required for MreB assembly,227.0,1014.0,0,1,0,0,0,0
2641261,-,b2517,dual specificity 23S rRNA m%282%29A2503%2C tRNA m%282%29A37 methyltransferase%2C SAM-dependent,,1155.0,0,0,1,0,0,0
2641382,-,b2517,dual specificity 23S rRNA m%282%29A2503%2C tRNA m%282%29A37 methyltransferase%2C SAM-dependent,,1155.0,0,0,1,0,0,0
2641540,-,b2517,dual specificity 23S rRNA m%282%29A2503%2C tRNA m%282%29A37 methyltransferase%2C SAM-dependent,,1155.0,0,0,1,0,0,0
2641635,-,b2517,dual specificity 23S rRNA m%282%29A2503%2C tRNA m%282%29A37 methyltransferase%2C SAM-dependent,,1155.0,0,0,1,0,0,0
2641790,+,b2517,dual specificity 23S rRNA m%282%29A2503%2C tRNA m%282%29A37 methyltransferase%2C SAM-dependent,,1155.0,0,0,0,1,0,1
2641872,+,b2517,dual specificity 23S rRNA m%282%29A2503%2C tRNA m%282%29A37 methyltransferase%2C SAM-dependent,,1155.0,0,0,0,1,0,1
2642393,-,b2517,dual specificity 23S rRNA m%282%29A2503%2C tRNA m%282%29A37 methyltransferase%2C SAM-dependent,88.0,1155.0,1,0,0,0,0,0
2642935,-,b2518,multifunctional nucleoside diphosphate kinase and apyrimidinic endonuclease and 3%27-phosphodiesterase,49.0,432.0,1,0,0,0,0,0
2642970,-,b2518,multifunctional nucleoside diphosphate kinase and apyrimidinic endonuclease and 3%27-phosphodiesterase,84.0,432.0,0,1,0,0,0,0
2643011,+,b2519,penicillin-binding protein PBP1C murein transglycosylase%3B inactive transpeptidase domain,,2313.0,0,0,0,1,0,1
2643234,-,b2519,penicillin-binding protein PBP1C murein transglycosylase%3B inactive transpeptidase domain,,2313.0,0,0,1,0,0,0
2643251,+,b2519,penicillin-binding protein PBP1C murein transglycosylase%3B inactive transpeptidase domain,,2313.0,0,0,0,1,0,1
2643673,+,b2519,penicillin-binding protein PBP1C murein transglycosylase%3B inactive transpeptidase domain,,2313.0,0,0,0,1,0,1
2644005,+,b2519,penicillin-binding protein PBP1C murein transglycosylase%3B inactive transpeptidase domain,,2313.0,0,0,0,1,0,1
2644065,-,b2519,penicillin-binding protein PBP1C murein transglycosylase%3B inactive transpeptidase domain,,2313.0,0,0,1,0,0,0
2645265,+,b2519,penicillin-binding protein PBP1C murein transglycosylase%3B inactive transpeptidase domain,,2313.0,0,0,0,1,0,1
2646187,-,b2520,hypothetical protein,,4962.0,0,0,1,0,0,0
2646425,-,b2520,hypothetical protein,,4962.0,0,0,1,0,0,0
2647184,+,b2520,hypothetical protein,,4962.0,0,0,0,1,0,1
2647258,-,b2520,hypothetical protein,,4962.0,0,0,1,0,0,0
2648413,-,b2520,hypothetical protein,,4962.0,0,0,1,0,0,0
2648419,-,b2520,hypothetical protein,,4962.0,0,0,1,0,0,0
2648893,-,b2520,hypothetical protein,,4962.0,0,0,1,0,0,0
2648914,-,b2520,hypothetical protein,,4962.0,0,0,1,0,0,0
2649194,+,b2520,hypothetical protein,,4962.0,0,0,0,1,0,1
2649466,-,b2520,hypothetical protein,,4962.0,0,0,1,0,0,0
2649731,+,b2520,hypothetical protein,,4962.0,0,0,0,1,0,1
2649858,+,b2520,hypothetical protein,,4962.0,0,0,0,1,0,1
2650347,-,b2520,hypothetical protein,38.0,4962.0,1,0,0,0,0,0
2650397,+,b2521,3-mercaptopyruvate sulfurtransferase,119.0,846.0,0,1,0,0,0,1
2650409,+,b2521,3-mercaptopyruvate sulfurtransferase,107.0,846.0,0,1,0,0,0,1
2650473,-,b2520,hypothetical protein,164.0,4962.0,0,1,0,0,0,1
2650486,+,b2521,3-mercaptopyruvate sulfurtransferase,30.0,846.0,0,1,0,0,0,0
2650490,+,b2521,3-mercaptopyruvate sulfurtransferase,26.0,846.0,1,0,0,0,0,0
2651006,+,b2521,3-mercaptopyruvate sulfurtransferase,,846.0,0,0,1,0,0,0
2651798,-,b4440,novel sRNA%2C function unknown,,304.0,0,0,0,1,0,1
2651859,+,b4440,novel sRNA%2C function unknown,18.0,304.0,1,0,0,0,0,0
2651874,+,b4440,novel sRNA%2C function unknown,3.0,304.0,0,1,0,0,0,0
2651879,+,b4440,novel sRNA%2C function unknown,,304.0,0,0,1,0,0,0
2651986,+,b4440,novel sRNA%2C function unknown,,304.0,0,0,1,0,0,0
2653805,+,b2523,aminopeptidase B,,1284.0,0,0,0,1,0,1
2653827,+,b2523,aminopeptidase B,,1284.0,0,0,0,1,0,1
2654322,+,b2523,aminopeptidase B,,1284.0,0,0,0,1,0,1
2654400,+,b2523,aminopeptidase B,,1284.0,0,0,0,1,0,1
2654450,+,b2523,aminopeptidase B,,1284.0,0,0,0,1,0,1
2655116,+,b2525,%5B2Fe-2S%5D ferredoxin,,336.0,0,0,0,1,0,1
2655820,-,b2526,DnaK-like molecular chaperone specific for IscU,,1851.0,0,0,1,0,0,0
2656196,+,b2526,DnaK-like molecular chaperone specific for IscU,,1851.0,0,0,0,1,0,1
2657012,-,b2526,DnaK-like molecular chaperone specific for IscU,55.0,1851.0,1,0,0,0,0,0
2657568,-,b2527,DnaJ-like molecular chaperone specific for IscU,79.0,516.0,1,0,0,0,0,0
2657887,-,b2528,FeS cluster assembly protein,,324.0,0,0,1,0,0,0
2658146,-,b2528,FeS cluster assembly protein,238.0,324.0,1,0,0,0,0,0
2658171,+,b2529,iron-sulfur cluster assembly scaffold protein,,387.0,0,0,0,1,0,1
2658397,+,b2529,iron-sulfur cluster assembly scaffold protein,,387.0,0,0,0,1,0,1
2658983,-,b2530,cysteine desulfurase %28tRNA sulfurtransferase%29%2C PLP-dependent,,1215.0,0,0,1,0,0,0
2659019,-,b2530,cysteine desulfurase %28tRNA sulfurtransferase%29%2C PLP-dependent,,1215.0,0,0,1,0,0,0
2659788,+,b2531,DNA-binding transcriptional repressor,,489.0,0,0,0,1,0,1
2660212,+,b2531,DNA-binding transcriptional repressor,,489.0,0,0,0,1,0,1
2660221,-,b2531,DNA-binding transcriptional repressor,68.0,489.0,1,0,0,0,0,0
2660793,+,b2532,tRNA mC32%2CmU32 2%27-O-methyltransferase%2C SAM-dependent,,741.0,0,0,0,1,0,1
2660946,-,b2532,tRNA mC32%2CmU32 2%27-O-methyltransferase%2C SAM-dependent,,741.0,0,0,1,0,0,0
2661372,+,b2533,inositol monophosphatase,92.0,804.0,0,1,0,0,0,1
2661411,-,b2532,tRNA mC32%2CmU32 2%27-O-methyltransferase%2C SAM-dependent,66.0,741.0,1,0,0,0,0,1
2661428,+,b2533,inositol monophosphatase,36.0,804.0,1,0,0,0,0,1
2661554,+,b2533,inositol monophosphatase,,804.0,0,0,1,0,0,0
2661727,-,b2533,inositol monophosphatase,,804.0,0,0,0,1,0,1
2662196,+,b2534,S9 peptidase family protein%2C function unknown,216.0,855.0,1,0,0,0,0,0
2662376,+,b2534,S9 peptidase family protein%2C function unknown,36.0,855.0,0,1,0,0,0,0
2663423,+,b2535,stationary phase inducible protein,34.0,1281.0,0,1,0,0,0,0
2663433,+,b2535,stationary phase inducible protein,24.0,1281.0,1,0,0,0,0,0
2663579,-,b2535,stationary phase inducible protein,,1281.0,0,0,0,1,0,1
2663649,+,b2535,stationary phase inducible protein,,1281.0,0,0,1,0,0,0
2663957,-,b2535,stationary phase inducible protein,,1281.0,0,0,0,1,0,1
2664156,-,b2535,stationary phase inducible protein,,1281.0,0,0,0,1,0,1
2664623,-,b2535,stationary phase inducible protein,,1281.0,0,0,0,1,0,1
2664855,+,b2536,putative 3-phenylpropionic transporter,,1140.0,0,0,0,1,0,1
2664916,-,b2536,putative 3-phenylpropionic transporter,,1140.0,0,0,1,0,0,0
2665053,-,b2536,putative 3-phenylpropionic transporter,,1140.0,0,0,1,0,0,0
2665886,-,b2536,putative 3-phenylpropionic transporter,18.0,1140.0,1,0,0,0,0,0
2666070,+,b2537,DNA-binding transcriptional activator of 3-phenylpropionic acid catabolism,,891.0,0,0,0,1,0,1
2666187,+,b2537,DNA-binding transcriptional activator of 3-phenylpropionic acid catabolism,,891.0,0,0,0,1,0,1
2666404,-,b2537,DNA-binding transcriptional activator of 3-phenylpropionic acid catabolism,,891.0,0,0,1,0,0,0
2666639,-,b2537,DNA-binding transcriptional activator of 3-phenylpropionic acid catabolism,,891.0,0,0,1,0,0,0
2666989,-,b2537,DNA-binding transcriptional activator of 3-phenylpropionic acid catabolism,71.0,891.0,1,0,0,0,0,1
2666993,-,b2537,DNA-binding transcriptional activator of 3-phenylpropionic acid catabolism,75.0,891.0,0,1,0,0,0,1
2667517,+,b2538,3-phenylpropionate dioxygenase%2C large %28alpha%29 subunit,,1362.0,0,0,1,0,0,0
2668773,+,b2540,3-phenylpropionate dioxygenase%2C predicted ferredoxin subunit,157.0,321.0,1,0,0,0,0,0
2669922,-,b2541,2%2C3-dihydroxy-2%2C3-dihydrophenylpropionate dehydrogenase,,813.0,0,0,0,1,0,1
2670678,-,b2542,phenylpropionate dioxygenase%2C ferredoxin reductase subunit,,1203.0,0,0,0,1,0,1
2671040,-,b2542,phenylpropionate dioxygenase%2C ferredoxin reductase subunit,,1203.0,0,0,0,1,0,1
2671385,+,b2543,putative inner membrane protein,,423.0,0,0,1,0,0,0
2671725,+,b2543,putative inner membrane protein,,423.0,0,0,1,0,0,0
2671973,-,b2544,hypothetical protein,,873.0,0,0,1,0,0,0
2672065,+,b2544,hypothetical protein,,873.0,0,0,0,1,0,1
2672726,-,b2544,hypothetical protein,16.0,873.0,1,0,0,0,0,0
2673813,+,b2545,putative oxidoreductase%2C Zn-dependent and NAD%28P%29-binding,,1062.0,0,0,0,1,0,1
2674877,+,b2546,putative sugar transporter subunit: membrane component of ABC superfamily,,999.0,0,0,0,1,0,1
2675555,+,b2547,fused predicted sugar transporter subunits of ABC superfamily: ATP-binding components,,1512.0,0,0,0,1,0,1
2677242,+,b2548,putative sugar transporter subunit: periplasmic-binding component of ABC superfamily,,984.0,0,0,0,1,0,1
2678008,+,b2549,hypothetical protein,,3282.0,0,0,0,1,0,1
2679802,+,b2549,hypothetical protein,,3282.0,0,0,0,1,0,1
2680770,-,b2549,hypothetical protein,3.0,3282.0,1,0,0,0,0,0
2681859,-,b2550,putative DNA-binding transcriptional regulator,,1194.0,0,0,0,1,0,1
2681932,+,b2550,putative DNA-binding transcriptional regulator,,1194.0,0,0,1,0,0,0
2683106,-,b2551,serine hydroxymethyltransferase,,1254.0,0,0,1,0,0,0
2683593,-,b2551,serine hydroxymethyltransferase,64.0,1254.0,1,0,0,0,0,0
2684067,+,b2552,fused nitric oxide dioxygenase%2Fdihydropteridine reductase 2,,1191.0,0,0,1,0,0,0
2684907,+,b2552,fused nitric oxide dioxygenase%2Fdihydropteridine reductase 2,,1191.0,0,0,1,0,0,0
2684955,-,b2552,fused nitric oxide dioxygenase%2Fdihydropteridine reductase 2,,1191.0,0,0,0,1,0,1
2685463,-,b2553,regulatory protein P-II for glutamine synthetase,33.0,339.0,1,0,0,0,0,0
2685525,-,b2553,regulatory protein P-II for glutamine synthetase,95.0,339.0,0,1,0,0,0,0
2687232,+,b2555,hypothetical protein,,714.0,0,0,0,1,0,1
2687547,+,b2555,hypothetical protein,,714.0,0,0,0,1,0,1
2687955,-,b2556,sensor protein kinase regulating glmY sRNA in two-component system with response regulator GlrR,,1428.0,0,0,1,0,0,0
2688076,-,b2556,sensor protein kinase regulating glmY sRNA in two-component system with response regulator GlrR,,1428.0,0,0,1,0,0,0
2688547,-,b2556,sensor protein kinase regulating glmY sRNA in two-component system with response regulator GlrR,,1428.0,0,0,1,0,0,0
2688563,+,b2556,sensor protein kinase regulating glmY sRNA in two-component system with response regulator GlrR,,1428.0,0,0,0,1,0,1
2688958,-,b2556,sensor protein kinase regulating glmY sRNA in two-component system with response regulator GlrR,,1428.0,0,0,1,0,0,0
2689145,-,b2556,sensor protein kinase regulating glmY sRNA in two-component system with response regulator GlrR,25.0,1428.0,1,0,0,0,0,0
2689362,-,b4441,sRNA activator of glmS mRNA%2C glmZ processing antagonist,0.0,184.0,1,0,0,0,0,0
2689411,-,b4441,sRNA activator of glmS mRNA%2C glmZ processing antagonist,49.0,184.0,0,1,0,0,0,0
2689421,+,b4441,sRNA activator of glmS mRNA%2C glmZ processing antagonist,,184.0,0,0,0,1,0,1
2689611,-,b4441,sRNA activator of glmS mRNA%2C glmZ processing antagonist,249.0,184.0,0,1,0,0,0,0
2690217,+,b2557,phosphoribosylformyl-glycineamide synthetase,,3888.0,0,0,0,1,0,1
2692810,+,b2557,phosphoribosylformyl-glycineamide synthetase,,3888.0,0,0,0,1,0,1
2692849,+,b2557,phosphoribosylformyl-glycineamide synthetase,,3888.0,0,0,0,1,0,1
2693593,+,b2558,membrane-bound lytic transglycosylase F%2C murein hydrolase,230.0,1557.0,0,1,0,0,0,1
2693611,-,b2557,phosphoribosylformyl-glycineamide synthetase,46.0,3888.0,1,0,0,0,0,0
2693750,+,b2558,membrane-bound lytic transglycosylase F%2C murein hydrolase,73.0,1557.0,1,0,0,0,0,0
2694546,+,b2558,membrane-bound lytic transglycosylase F%2C murein hydrolase,,1557.0,0,0,1,0,0,0
2695607,-,b2559,tRNA-specific adenosine deaminase,,504.0,0,0,1,0,0,0
2695903,-,b2559,tRNA-specific adenosine deaminase,24.0,504.0,1,0,0,0,0,0
2695939,+,b2559,tRNA-specific adenosine deaminase,,504.0,0,0,0,1,0,1
2696566,-,b2560,hypothetical protein,,636.0,0,0,1,0,0,0
2696614,-,b2560,hypothetical protein,42.0,636.0,1,0,0,0,0,0
2696729,+,b2561,putative DNA-binding transcriptional regulator,52.0,849.0,1,0,0,0,0,0
2697456,-,b2561,putative DNA-binding transcriptional regulator,,849.0,0,0,0,1,0,1
2697521,-,b2561,putative DNA-binding transcriptional regulator,,849.0,0,0,0,1,0,1
2698053,+,b4687,toxic membrane protein,,81.0,0,0,0,1,0,1
2698358,-,b4687,toxic membrane protein,139.0,81.0,0,1,0,0,0,0
2698398,-,b4687,toxic membrane protein,179.0,81.0,1,0,0,0,0,0
2698542,+,b4608,sRNA antisense regulator of shoB toxin,0.0,77.0,1,0,0,0,0,1
2698647,+,b2563,holo-%5Bacyl-carrier-protein%5D synthase 1,,381.0,0,0,0,1,0,1
2698771,-,b2563,holo-%5Bacyl-carrier-protein%5D synthase 1,,381.0,0,0,1,0,0,0
2699780,+,b2564,pyridoxine 5%27-phosphate synthase,,732.0,0,0,0,1,0,1
2699835,-,b2564,pyridoxine 5%27-phosphate synthase,84.0,732.0,1,0,0,0,0,0
2700060,+,b2565,gap repair protein,,729.0,0,0,0,1,0,1
2701926,-,b2567,RNase III,,681.0,0,0,1,0,0,0
2702030,-,b2567,RNase III,,681.0,0,0,1,0,0,0
2702151,+,b2567,RNase III,,681.0,0,0,0,1,0,1
2702248,-,b2567,RNase III,163.0,681.0,1,0,0,0,0,0
2702289,-,b2567,RNase III,204.0,681.0,0,1,0,0,0,0
2703422,-,b2568,leader peptidase %28signal peptidase I%29,91.0,975.0,1,0,0,0,0,0
2703717,+,b2569,back-translocating elongation factor EF4%2C GTPase,,1800.0,0,0,0,1,0,1
2705085,+,b2569,back-translocating elongation factor EF4%2C GTPase,,1800.0,0,0,0,1,0,1
2705129,+,b2569,back-translocating elongation factor EF4%2C GTPase,,1800.0,0,0,0,1,0,1
2705232,-,b2569,back-translocating elongation factor EF4%2C GTPase,86.0,1800.0,1,0,0,0,0,0
2705519,-,b2570,RseC protein involved in reduction of the SoxR iron-sulfur cluster,,480.0,0,0,1,0,0,0
2705853,+,b2570,RseC protein involved in reduction of the SoxR iron-sulfur cluster,,480.0,0,0,0,1,0,1
2706210,+,b2571,anti-sigma E factor%2C binds RseA,,957.0,0,0,0,1,0,1
2706329,+,b2571,anti-sigma E factor%2C binds RseA,,957.0,0,0,0,1,0,1
2706336,+,b2571,anti-sigma E factor%2C binds RseA,,957.0,0,0,0,1,0,1
2707027,+,b2572,anti-sigma factor,,651.0,0,0,0,1,0,1
2707056,-,b2571,anti-sigma E factor%2C binds RseA,280.0,957.0,1,0,0,0,0,0
2707165,+,b2572,anti-sigma factor,,651.0,0,0,0,1,0,1
2707426,-,b2572,anti-sigma factor,0.0,651.0,0,1,0,0,0,0
2707654,-,b2572,anti-sigma factor,228.0,651.0,1,0,0,0,0,0
2707870,+,b2573,RNA polymerase%2C sigma 24 %28sigma E%29 factor,,576.0,0,0,0,1,0,1
2708115,-,b2573,RNA polymerase%2C sigma 24 %28sigma E%29 factor,81.0,576.0,0,1,0,0,0,0
2708187,-,b2573,RNA polymerase%2C sigma 24 %28sigma E%29 factor,153.0,576.0,0,1,0,0,0,0
2708191,-,b2573,RNA polymerase%2C sigma 24 %28sigma E%29 factor,157.0,576.0,0,1,0,0,0,0
2708204,+,b2574,quinolinate synthase%2C L-aspartate oxidase %28B protein%29 subunit,238.0,1623.0,1,0,0,0,0,0
2708252,-,b2573,RNA polymerase%2C sigma 24 %28sigma E%29 factor,218.0,576.0,1,0,0,0,0,0
2708346,-,b2574,quinolinate synthase%2C L-aspartate oxidase %28B protein%29 subunit,,1623.0,0,0,0,1,0,1
2708725,+,b2574,quinolinate synthase%2C L-aspartate oxidase %28B protein%29 subunit,,1623.0,0,0,1,0,0,0
2709443,+,b2574,quinolinate synthase%2C L-aspartate oxidase %28B protein%29 subunit,,1623.0,0,0,1,0,0,0
2709485,-,b2574,quinolinate synthase%2C L-aspartate oxidase %28B protein%29 subunit,,1623.0,0,0,0,1,0,1
2709584,+,b2574,quinolinate synthase%2C L-aspartate oxidase %28B protein%29 subunit,,1623.0,0,0,1,0,0,0
2709862,-,b2574,quinolinate synthase%2C L-aspartate oxidase %28B protein%29 subunit,,1623.0,0,0,0,1,0,1
2710675,-,b2575,tRNA1%28Val%29 %28adenine%2837%29-N6%29-methyltransferase,,738.0,0,0,1,0,0,0
2710823,-,b2575,tRNA1%28Val%29 %28adenine%2837%29-N6%29-methyltransferase,37.0,738.0,1,0,0,0,0,1
2710900,+,b2576,ATP-dependent RNA helicase,18.0,1335.0,1,0,0,0,0,0
2710914,-,b2575,tRNA1%28Val%29 %28adenine%2837%29-N6%29-methyltransferase,128.0,738.0,0,1,0,0,0,1
2711427,-,b2576,ATP-dependent RNA helicase,,1335.0,0,0,0,1,0,1
2711618,+,b2576,ATP-dependent RNA helicase,,1335.0,0,0,1,0,0,0
2712547,-,b2577,putative DNA-binding transcriptional regulator,,882.0,0,0,1,0,0,0
2712785,+,b2577,putative DNA-binding transcriptional regulator,,882.0,0,0,0,1,0,1
2713184,-,b2577,putative DNA-binding transcriptional regulator,,882.0,0,0,1,0,0,0
2713342,-,b2577,putative DNA-binding transcriptional regulator,0.0,882.0,0,1,0,0,0,0
2713408,-,b2577,putative DNA-binding transcriptional regulator,66.0,882.0,1,0,0,0,0,1
2713700,+,b2578,cysteine and O-acetylserine exporter,,588.0,0,0,1,0,0,0
2713810,+,b2578,cysteine and O-acetylserine exporter,,588.0,0,0,1,0,0,0
2713823,+,b2578,cysteine and O-acetylserine exporter,,588.0,0,0,1,0,0,0
2713874,+,b2578,cysteine and O-acetylserine exporter,,588.0,0,0,1,0,0,0
2714543,-,b2579,autonomous glycyl radical cofactor,72.0,384.0,1,0,0,0,0,0
2714708,+,b2580,uracil-DNA-glycosylase,68.0,690.0,1,0,0,0,0,0
2715057,+,b2580,uracil-DNA-glycosylase,,690.0,0,0,1,0,0,0
2715306,+,b2580,uracil-DNA-glycosylase,,690.0,0,0,1,0,0,0
2715731,-,b2581,putative methyltransferase,,1038.0,0,0,1,0,0,0
2716079,-,b2581,putative methyltransferase,,1038.0,0,0,1,0,0,0
2716102,+,b2581,putative methyltransferase,,1038.0,0,0,0,1,0,1
2716576,-,b2581,putative methyltransferase,26.0,1038.0,1,0,0,0,0,0
2716641,-,b2581,putative methyltransferase,91.0,1038.0,0,1,0,0,0,0
2716689,-,b2581,putative methyltransferase,139.0,1038.0,0,1,0,0,0,1
2716697,+,b2582,thioredoxin 2,60.0,420.0,1,0,0,0,0,0
2717065,-,b2582,thioredoxin 2,,420.0,0,0,0,1,0,1
2717083,+,b2583,conserved protein%2C DTW domain,162.0,699.0,0,1,0,0,0,0
2717227,+,b2583,conserved protein%2C DTW domain,18.0,699.0,1,0,0,0,0,0
2717719,+,b2584,protein lysine acetyltransferase,256.0,2661.0,0,1,0,0,0,0
2717851,-,b2583,conserved protein%2C DTW domain,,699.0,0,0,0,1,0,1
2717953,+,b2584,protein lysine acetyltransferase,22.0,2661.0,1,0,0,0,0,0
2718991,+,b2584,protein lysine acetyltransferase,,2661.0,0,0,1,0,0,0
2719018,-,b2584,protein lysine acetyltransferase,,2661.0,0,0,0,1,0,1
2720139,+,b2584,protein lysine acetyltransferase,,2661.0,0,0,1,0,0,0
2720158,-,b2584,protein lysine acetyltransferase,,2661.0,0,0,0,1,0,1
2720231,-,b2584,protein lysine acetyltransferase,,2661.0,0,0,0,1,0,1
2720309,+,b2584,protein lysine acetyltransferase,,2661.0,0,0,1,0,0,0
2720525,+,b2585,phosphatidylserine synthase %28CDP-diacylglycerol-serine O-phosphatidyltransferase%29,224.0,1356.0,0,1,0,0,0,0
2720648,+,b2585,phosphatidylserine synthase %28CDP-diacylglycerol-serine O-phosphatidyltransferase%29,101.0,1356.0,0,1,0,0,0,0
2720691,+,b2585,phosphatidylserine synthase %28CDP-diacylglycerol-serine O-phosphatidyltransferase%29,58.0,1356.0,1,0,0,0,0,0
2722169,+,b2586,required for high salt suppression of motility%3B probable lipoprotein,,324.0,0,0,1,0,0,0
2722293,+,b2586,required for high salt suppression of motility%3B probable lipoprotein,,324.0,0,0,1,0,0,0
2722723,+,b2587,alpha-ketoglutarate transporter,,1299.0,0,0,0,1,0,1
2723848,+,b2587,alpha-ketoglutarate transporter,,1299.0,0,0,0,1,0,1
2723856,+,b2587,alpha-ketoglutarate transporter,,1299.0,0,0,0,1,0,1
2723995,-,b2587,alpha-ketoglutarate transporter,227.0,1299.0,1,0,0,0,0,0
2723997,-,b2587,alpha-ketoglutarate transporter,229.0,1299.0,0,1,0,0,0,0
2724015,+,b2588,5S ribosomal RNA of rrnG operon,,120.0,0,0,0,1,0,1
2724210,-,b2588,5S ribosomal RNA of rrnG operon,0.0,120.0,1,0,0,0,0,0
2724759,-,b2589,23S ribosomal RNA of rrnG operon,,2904.0,0,0,1,0,0,0
2725930,-,b2589,23S ribosomal RNA of rrnG operon,,2904.0,0,0,1,0,0,0
2726971,-,b2589,23S ribosomal RNA of rrnG operon,,2904.0,0,0,1,0,0,0
2727330,+,b2590,tRNA-Glu,,76.0,0,0,0,1,0,1
2727464,-,b2589,23S ribosomal RNA of rrnG operon,258.0,2904.0,1,0,0,0,0,0
2727466,-,b2590,tRNA-Glu,0.0,76.0,1,0,0,0,0,0
2727934,-,b2591,16S ribosomal RNA of rrnG operon,,1542.0,0,0,1,0,0,0
2728494,+,b2591,16S ribosomal RNA of rrnG operon,,1542.0,0,0,0,1,0,1
2728841,-,b2591,16S ribosomal RNA of rrnG operon,,1542.0,0,0,1,0,0,0
2729354,-,b2591,16S ribosomal RNA of rrnG operon,175.0,1542.0,0,1,0,0,0,0
2729470,-,b2591,16S ribosomal RNA of rrnG operon,291.0,1542.0,1,0,0,0,0,0
2731149,-,b2592,protein disaggregation chaperone,,2574.0,0,0,1,0,0,0
2731214,-,b2592,protein disaggregation chaperone,,2574.0,0,0,1,0,0,0
2731691,-,b2592,protein disaggregation chaperone,,2574.0,0,0,1,0,0,0
2731983,-,b2592,protein disaggregation chaperone,,2574.0,0,0,1,0,0,0
2732315,-,b2592,protein disaggregation chaperone,120.0,2574.0,1,0,0,0,0,0
2732334,-,b4609,novel sRNA%2C function unknown,17.0,143.0,1,0,0,0,0,0
2732606,-,b4609,novel sRNA%2C function unknown,289.0,143.0,0,1,0,0,0,0
2733110,-,b2593,conserved protein%2C UPF0124 family,54.0,732.0,1,0,0,0,0,0
2733982,+,b2595,lipoprotein required for OM biogenesis%2C in BamABCDE complex,186.0,738.0,0,1,0,0,0,1
2734086,-,b2594,23S rRNA pseudouridine%281911%2C1915%2C1917%29 synthase,53.0,981.0,0,1,0,0,0,1
2734095,+,b2595,lipoprotein required for OM biogenesis%2C in BamABCDE complex,73.0,738.0,0,1,0,0,0,1
2734107,+,b2595,lipoprotein required for OM biogenesis%2C in BamABCDE complex,61.0,738.0,1,0,0,0,0,1
2734294,-,b2594,23S rRNA pseudouridine%281911%2C1915%2C1917%29 synthase,261.0,981.0,1,0,0,0,0,1
2734506,-,b2595,lipoprotein required for OM biogenesis%2C in BamABCDE complex,,738.0,0,0,0,1,0,1
2734996,-,b2595,lipoprotein required for OM biogenesis%2C in BamABCDE complex,,738.0,0,0,0,1,0,1
2735111,+,b2597,cold shock protein associated with 30S ribosomal subunit,65.0,342.0,0,1,0,0,0,0
2735128,-,b2597,cold shock protein associated with 30S ribosomal subunit,,342.0,0,0,0,1,0,1
2735146,+,b2597,cold shock protein associated with 30S ribosomal subunit,30.0,342.0,1,0,0,0,0,0
2735374,-,b2597,cold shock protein associated with 30S ribosomal subunit,,342.0,0,0,0,1,0,1
2735584,-,b2597,cold shock protein associated with 30S ribosomal subunit,,342.0,0,0,0,1,0,1
2735602,+,b2598,pheA gene leader peptide,19.0,48.0,1,0,0,0,0,0
2736273,+,b2599,fused chorismate mutase P%2Fprephenate dehydratase,,1161.0,0,0,1,0,0,0
2736445,-,b2599,fused chorismate mutase P%2Fprephenate dehydratase,,1161.0,0,0,0,1,0,1
2736563,-,b2599,fused chorismate mutase P%2Fprephenate dehydratase,,1161.0,0,0,0,1,0,1
2737145,+,b2600,fused chorismate mutase T%2Fprephenate dehydrogenase,,1122.0,0,0,0,1,0,1
2737168,-,b2600,fused chorismate mutase T%2Fprephenate dehydrogenase,,1122.0,0,0,1,0,0,0
2737572,-,b2600,fused chorismate mutase T%2Fprephenate dehydrogenase,,1122.0,0,0,1,0,0,0
2737581,-,b2600,fused chorismate mutase T%2Fprephenate dehydrogenase,,1122.0,0,0,1,0,0,0
2738367,-,b2600,fused chorismate mutase T%2Fprephenate dehydrogenase,276.0,1122.0,1,0,0,0,0,0
2738991,-,b2601,3-deoxy-D-arabino-heptulosonate-7-phosphate synthase%2C tyrosine-repressible,,1071.0,0,0,1,0,0,0
2739044,+,b2601,3-deoxy-D-arabino-heptulosonate-7-phosphate synthase%2C tyrosine-repressible,,1071.0,0,0,0,1,0,1
2739152,+,b2602,lipoprotein,230.0,366.0,1,0,0,0,0,1
2739223,-,b2601,3-deoxy-D-arabino-heptulosonate-7-phosphate synthase%2C tyrosine-repressible,51.0,1071.0,1,0,0,0,0,0
2739493,+,b2602,lipoprotein,,366.0,0,0,1,0,0,0
2739846,+,b2603,putative periplasmic inhibitor of YfiN activity,51.0,519.0,1,0,0,0,0,0
2740175,-,b2603,putative periplasmic inhibitor of YfiN activity,,519.0,0,0,0,1,0,1
2740257,+,b2604,putative membrane-anchored diguanylate cyclase with an N-terminal periplasmic domain,148.0,1227.0,1,0,0,0,0,0
2740379,-,b2603,putative periplasmic inhibitor of YfiN activity,,519.0,0,0,0,1,0,1
2740503,+,b2604,putative membrane-anchored diguanylate cyclase with an N-terminal periplasmic domain,,1227.0,0,0,1,0,0,0
2740600,+,b2604,putative membrane-anchored diguanylate cyclase with an N-terminal periplasmic domain,,1227.0,0,0,1,0,0,0
2740856,-,b2604,putative membrane-anchored diguanylate cyclase with an N-terminal periplasmic domain,,1227.0,0,0,0,1,0,1
2741278,-,b2604,putative membrane-anchored diguanylate cyclase with an N-terminal periplasmic domain,,1227.0,0,0,0,1,0,1
2741599,-,b2604,putative membrane-anchored diguanylate cyclase with an N-terminal periplasmic domain,,1227.0,0,0,0,1,0,1
2741657,+,b2605,putative positive effector of YfiN activity%2C OM lipoprotein,,483.0,0,0,1,0,0,0
2742255,-,b2606,50S ribosomal subunit protein L19,,348.0,0,0,1,0,0,0
2742271,+,b2606,50S ribosomal subunit protein L19,,348.0,0,0,0,1,0,1
2743402,-,b2607,tRNA m%281%29G37 methyltransferase%2C SAM-dependent,41.0,768.0,1,0,0,0,0,0
2744276,-,b2609,30S ribosomal subunit protein S16,69.0,249.0,1,0,0,0,0,0
2744761,-,b2610,Signal Recognition Particle %28SRP%29 component with 4.5S RNA %28ffs%29,,1362.0,0,0,1,0,0,0
2745452,-,b2610,Signal Recognition Particle %28SRP%29 component with 4.5S RNA %28ffs%29,,1362.0,0,0,1,0,0,0
2745580,-,b2610,Signal Recognition Particle %28SRP%29 component with 4.5S RNA %28ffs%29,,1362.0,0,0,1,0,0,0
2745816,+,b2611,putative inner membrane protein,168.0,792.0,0,1,0,0,0,1
2745953,+,b2611,putative inner membrane protein,31.0,792.0,1,0,0,0,0,0
2746207,-,b2611,putative inner membrane protein,,792.0,0,0,0,1,0,1
2746518,+,b4461,inner membrane protein%2C UPF0053 family,278.0,1287.0,1,0,0,0,0,0
2747685,+,b4461,inner membrane protein%2C UPF0053 family,,1287.0,0,0,1,0,0,0
2748554,+,b2615,NAD kinase,299.0,879.0,1,0,0,0,0,1
2748768,-,b2614,heat shock protein,38.0,594.0,1,0,0,0,0,1
2749003,-,b2614,heat shock protein,273.0,594.0,0,1,0,0,0,1
2749107,-,b2615,NAD kinase,,879.0,0,0,0,1,0,1
2749252,-,b2615,NAD kinase,,879.0,0,0,0,1,0,1
2749781,+,b2616,recombination and repair protein,36.0,1662.0,1,0,0,0,0,0
2751174,+,b2616,recombination and repair protein,,1662.0,0,0,1,0,0,0
2751488,+,b2617,lipoprotein component of BamABCDE OM biogenesis complex,139.0,342.0,0,1,0,0,0,0
2751510,+,b2617,lipoprotein component of BamABCDE OM biogenesis complex,117.0,342.0,0,1,0,0,0,0
2751577,+,b2617,lipoprotein component of BamABCDE OM biogenesis complex,50.0,342.0,1,0,0,0,0,0
2751928,-,b2617,lipoprotein component of BamABCDE OM biogenesis complex,,342.0,0,0,0,1,0,1
2752770,-,b2619,toxic UPF0083 family protein inhibitor of 70S ribosome formation,,477.0,0,0,1,0,0,0
2752854,+,b2620,trans-translation protein,64.0,483.0,1,0,0,0,0,1
2753176,+,b2620,trans-translation protein,,483.0,0,0,1,0,0,0
2753207,-,b2620,trans-translation protein,,483.0,0,0,0,1,0,1
2753608,+,b2621,tmRNA%2C 10Sa RNA,7.0,363.0,0,1,0,0,0,0
2753615,+,b2621,tmRNA%2C 10Sa RNA,0.0,363.0,1,0,0,0,0,0
2754155,+,b2622,CP4-57 prophage%3B integrase,26.0,1242.0,1,0,0,0,0,0
2755305,-,b2622,CP4-57 prophage%3B integrase,,1242.0,0,0,0,1,0,1
2755389,+,b2622,CP4-57 prophage%3B integrase,,1242.0,0,0,1,0,0,0
2755934,-,b2623,CP4-57 prophage%3B putative protein,,957.0,0,0,1,0,0,0
2756291,+,b2623,CP4-57 prophage%3B putative protein,,957.0,0,0,0,1,0,1
2756679,-,b2623,CP4-57 prophage%3B putative protein,57.0,957.0,1,0,0,0,0,1
2757916,+,b2625,CP4-57 prophage%3B putative protein,,1410.0,0,0,1,0,0,0
2758860,-,b2626,CP4-57 prophage%3B putative protein,,627.0,0,0,0,1,0,1
2758918,+,b2626,CP4-57 prophage%3B putative protein,,627.0,0,0,1,0,0,0
2759160,+,b2626,CP4-57 prophage%3B putative protein,,627.0,0,0,1,0,0,0
2759741,-,b2627,CP4-57 prophage%3B conserved protein,,2190.0,0,0,1,0,0,0
2760707,-,b2627,CP4-57 prophage%3B conserved protein,,2190.0,0,0,1,0,0,0
2760762,+,b2627,CP4-57 prophage%3B conserved protein,,2190.0,0,0,0,1,0,1
2760988,-,b2627,CP4-57 prophage%3B conserved protein,,2190.0,0,0,1,0,0,0
2761654,+,b2627,CP4-57 prophage%3B conserved protein,,2190.0,0,0,0,1,0,1
2761807,-,b2627,CP4-57 prophage%3B conserved protein,245.0,2190.0,1,0,0,0,0,0
2761883,+,b2628,CP4-57 prophage%3B putative protein,,1617.0,0,0,0,1,0,1
2761977,+,b2628,CP4-57 prophage%3B putative protein,,1617.0,0,0,0,1,0,1
2762538,-,b2628,CP4-57 prophage%3B putative protein,,1617.0,0,0,1,0,0,0
2763211,+,b2628,CP4-57 prophage%3B putative protein,,1617.0,0,0,0,1,0,1
2763337,-,b2628,CP4-57 prophage%3B putative protein,162.0,1617.0,0,1,0,0,0,0
2763343,-,b2628,CP4-57 prophage%3B putative protein,168.0,1617.0,1,0,0,0,0,0
2763562,+,b2629,CP4-57 prophage%3B putative protein,,264.0,0,0,0,1,0,1
2763745,+,b2630,CP4-57 prophage%3B RNase LS,195.0,1074.0,0,1,0,0,0,1
2763899,-,b2629,CP4-57 prophage%3B putative protein,101.0,264.0,0,1,0,0,0,1
2763908,+,b2630,CP4-57 prophage%3B RNase LS,32.0,1074.0,0,1,0,0,0,0
2763916,+,b2630,CP4-57 prophage%3B RNase LS,24.0,1074.0,1,0,0,0,0,0
2764072,-,b2629,CP4-57 prophage%3B putative protein,274.0,264.0,1,0,0,0,0,1
2764156,+,b2630,CP4-57 prophage%3B RNase LS,,1074.0,0,0,1,0,0,0
2764234,-,b2630,CP4-57 prophage%3B RNase LS,,1074.0,0,0,0,1,0,1
2764428,+,b2630,CP4-57 prophage%3B RNase LS,,1074.0,0,0,1,0,0,0
2764543,+,b2630,CP4-57 prophage%3B RNase LS,,1074.0,0,0,1,0,0,0
2764659,+,b2630,CP4-57 prophage%3B RNase LS,,1074.0,0,0,1,0,0,0
2764674,-,b2630,CP4-57 prophage%3B RNase LS,,1074.0,0,0,0,1,0,1
2764840,-,b2630,CP4-57 prophage%3B RNase LS,,1074.0,0,0,0,1,0,1
2764842,+,b2631,CP4-57 prophage%3B putative protein,164.0,372.0,0,1,0,0,0,0
2764859,-,b2630,CP4-57 prophage%3B RNase LS,,1074.0,0,0,0,1,0,1
2764882,+,b2631,CP4-57 prophage%3B putative protein,124.0,372.0,1,0,0,0,0,0
2765416,-,b2631,CP4-57 prophage%3B putative protein,,372.0,0,0,0,1,0,1
2765434,+,b2632,CP4-57 prophage%3B predicted GTP-binding protein,298.0,864.0,0,1,0,0,0,0
2765440,+,b2632,CP4-57 prophage%3B predicted GTP-binding protein,292.0,864.0,1,0,0,0,0,0
2765724,+,b2632,CP4-57 prophage%3B predicted GTP-binding protein,8.0,864.0,0,1,0,0,0,0
2765796,-,b2632,CP4-57 prophage%3B predicted GTP-binding protein,,864.0,0,0,0,1,0,1
2766783,-,b2633,CP4-57 prophage%3B putative protein,,822.0,0,0,0,1,0,1
2766924,-,b2633,CP4-57 prophage%3B putative protein,,822.0,0,0,0,1,0,1
2766980,-,b2633,CP4-57 prophage%3B putative protein,,822.0,0,0,0,1,0,1
2767727,+,b2634,CP4-57 prophage%3B predicted DNA-binding transcriptional regulator,,702.0,0,0,1,0,0,0
2768359,-,b2634,CP4-57 prophage%3B predicted DNA-binding transcriptional regulator,,702.0,0,0,0,1,0,1
2768475,-,b2634,CP4-57 prophage%3B predicted DNA-binding transcriptional regulator,,702.0,0,0,0,1,0,1
2769059,-,b2636,CP4-57 prophage%3B putative protein,,444.0,0,0,0,1,0,1
2770029,-,b2638,pseudo,,153.0,0,0,1,0,0,0
2770047,+,b2638,pseudo,,153.0,0,0,0,1,0,1
2770115,+,b2638,pseudo,,153.0,0,0,0,1,0,1
2770883,-,b2641,pseudo,,1016.0,0,0,1,0,0,0
2771239,-,b2641,pseudo,35.0,1016.0,1,0,0,0,0,0
2771308,+,b2642,CP4-57 prophage%3B predicted inner membrane protein,32.0,1704.0,1,0,0,0,0,0
2772073,+,b2642,CP4-57 prophage%3B predicted inner membrane protein,,1704.0,0,0,1,0,0,0
2773365,+,b4644,pseudo,202.0,272.0,1,0,0,0,0,0
2773538,-,b4644,pseudo,,272.0,0,0,0,1,0,1
2773585,-,b4644,pseudo,,272.0,0,0,0,1,0,1
2774080,-,b2643,CP4-57 prophage%3B predicted antirestriction protein,,459.0,0,0,0,1,0,1
2774381,-,b2643,CP4-57 prophage%3B predicted antirestriction protein,,459.0,0,0,0,1,0,1
2774584,-,b2644,CP4-57 prophage%3B predicted DNA repair protein,,483.0,0,0,0,1,0,1
2774769,-,b2644,CP4-57 prophage%3B predicted DNA repair protein,,483.0,0,0,0,1,0,1
2775290,-,b2645,CP4-57 prophage%3B antitoxin of the YpjF-YfjZ toxin-antitoxin system,,318.0,0,0,0,1,0,1
2775857,+,b4645,pseudo,137.0,14.0,1,0,0,0,0,0
2775964,-,b4645,pseudo,,14.0,0,0,0,1,0,1
2776140,+,b2647,adhesin-like autotransporter,,4581.0,0,0,0,1,0,1
2776422,-,b2647,adhesin-like autotransporter,,4581.0,0,0,1,0,0,0
2776464,-,b2647,adhesin-like autotransporter,,4581.0,0,0,1,0,0,0
2776474,+,b2647,adhesin-like autotransporter,,4581.0,0,0,0,1,0,1
2776861,+,b2647,adhesin-like autotransporter,,4581.0,0,0,0,1,0,1
2776917,-,b2647,adhesin-like autotransporter,,4581.0,0,0,1,0,0,0
2778066,-,b2647,adhesin-like autotransporter,,4581.0,0,0,1,0,0,0
2778159,-,b2647,adhesin-like autotransporter,,4581.0,0,0,1,0,0,0
2779364,+,b2647,adhesin-like autotransporter,,4581.0,0,0,0,1,0,1
2779612,+,b2647,adhesin-like autotransporter,,4581.0,0,0,0,1,0,1
2780052,+,b2647,adhesin-like autotransporter,,4581.0,0,0,0,1,0,1
2781593,-,b2648,pseudo,267.0,240.0,1,0,0,0,0,0
2781948,-,b2650,pseudo,,1374.0,0,0,1,0,0,0
2783831,+,b2652,tRNA-Ile,,76.0,0,0,0,1,0,1
2784957,-,b4462,pseudo,,2253.0,0,0,0,1,0,1
2785882,+,b4462,pseudo,,2253.0,0,0,1,0,0,0
2786169,-,b4462,pseudo,,2253.0,0,0,0,1,0,1
2786304,-,b4462,pseudo,,2253.0,0,0,0,1,0,1
2786307,+,b4462,pseudo,,2253.0,0,0,1,0,0,0
2786711,-,b4462,pseudo,,2253.0,0,0,0,1,0,1
2786786,+,b2659,carbon starvation protein,221.0,978.0,0,1,0,0,0,0
2786949,+,b2659,carbon starvation protein,58.0,978.0,1,0,0,0,0,0
2788019,+,b2660,L-2-hydroxyglutarate oxidase,,1269.0,0,0,1,0,0,0
2788932,+,b2660,L-2-hydroxyglutarate oxidase,,1269.0,0,0,1,0,0,0
2791533,-,b2662,4-aminobutyrate aminotransferase%2C PLP-dependent,,1281.0,0,0,0,1,0,1
2792195,-,b2663,gamma-aminobutyrate transporter,,1401.0,0,0,0,1,0,1
2793647,+,b2664,DNA-binding transcriptional repressor of csiD,49.0,663.0,1,0,0,0,0,0
2793673,+,b2664,DNA-binding transcriptional repressor of csiD,23.0,663.0,0,1,0,0,0,0
2794436,-,b2665,hypothetical protein,,450.0,0,0,1,0,0,1
2794835,-,b2665,hypothetical protein,27.0,450.0,1,0,0,0,0,0
2795098,-,b2666,cyaR sRNA-regulated protein,48.0,159.0,1,0,0,0,0,0
2795107,-,b2666,cyaR sRNA-regulated protein,57.0,159.0,0,1,0,0,0,0
2795209,+,b2667,tributyltin-inducible repressor of ygaVP,24.0,300.0,1,0,0,0,0,0
2795760,-,b2668,putative inner membrane protein with hydrolase activity,,525.0,0,0,0,1,0,1
2796579,-,b2669,DNA binding protein%2C nucleoid-associated,62.0,405.0,1,0,0,0,0,0
2796666,-,b2669,DNA binding protein%2C nucleoid-associated,149.0,405.0,0,1,0,0,0,0
2796777,-,b2669,DNA binding protein%2C nucleoid-associated,260.0,405.0,0,1,0,0,0,0
2797109,+,b2670,alanine exporter%2C alanine-inducible%2C stress-responsive,77.0,450.0,1,0,0,0,0,0
2798114,-,b2671,hypothetical protein,98.0,345.0,1,0,0,0,0,1
2798443,+,b2672,ribosome-binding protein%2C probably membrane-anchored%2C function unknown,,330.0,0,0,1,0,0,0
2798484,-,b2672,ribosome-binding protein%2C probably membrane-anchored%2C function unknown,,330.0,0,0,0,1,0,1
2798678,+,b2673,hydrogen donor for NrdEF electron transport system%3B glutaredoxin-like protein,67.0,246.0,1,0,0,0,0,0
2798716,-,b2673,hydrogen donor for NrdEF electron transport system%3B glutaredoxin-like protein,,246.0,0,0,0,1,0,1
2799683,-,b2675,ribonucleoside-diphosphate reductase 2%2C alpha subunit,,2145.0,0,0,0,1,0,1
2799936,+,b2675,ribonucleoside-diphosphate reductase 2%2C alpha subunit,,2145.0,0,0,1,0,0,0
2800388,-,b2675,ribonucleoside-diphosphate reductase 2%2C alpha subunit,,2145.0,0,0,0,1,0,1
2800576,-,b2675,ribonucleoside-diphosphate reductase 2%2C alpha subunit,,2145.0,0,0,0,1,0,1
2800959,-,b2675,ribonucleoside-diphosphate reductase 2%2C alpha subunit,,2145.0,0,0,0,1,0,1
2801391,-,b2675,ribonucleoside-diphosphate reductase 2%2C alpha subunit,,2145.0,0,0,0,1,0,1
2801584,+,b2676,ribonucleoside-diphosphate reductase 2%2C beta subunit%2C ferritin-like protein,,960.0,0,0,1,0,0,0
2802119,-,b2676,ribonucleoside-diphosphate reductase 2%2C beta subunit%2C ferritin-like protein,,960.0,0,0,0,1,0,1
2802586,+,b2677,glycine betaine transporter subunit,251.0,1203.0,0,1,0,0,0,0
2802772,+,b2677,glycine betaine transporter subunit,65.0,1203.0,1,0,0,0,0,0
2803022,+,b2677,glycine betaine transporter subunit,,1203.0,0,0,1,0,0,0
2803563,+,b2677,glycine betaine transporter subunit,,1203.0,0,0,1,0,0,0
2804172,-,b2678,glycine betaine transporter subunit,,1065.0,0,0,0,1,0,1
2804899,+,b2679,glycine betaine transporter subunit,255.0,993.0,1,0,0,0,0,0
2806020,-,b2679,glycine betaine transporter subunit,,993.0,0,0,0,1,0,1
2806307,+,b2681,pseudo,31.0,1178.0,1,0,0,0,0,0
2806562,+,b2681,pseudo,,1178.0,0,0,1,0,0,0
2807298,-,b2681,pseudo,,1178.0,0,0,0,1,0,1
2807591,+,b2682,putative L-valine exporter%2C norvaline resistance,48.0,738.0,1,0,0,0,0,0
2807592,-,b2681,pseudo,,1178.0,0,0,0,1,0,1
2808666,+,b2684,DNA-binding transcriptional repressor of microcin B17 synthesis and multidrug efflux,126.0,531.0,1,0,0,0,0,0
2808685,-,b2683,putative L-valine exporter%2C norvaline resistance,,336.0,0,0,0,1,0,1
2809554,+,b2685,multidrug efflux system,,1173.0,0,0,1,0,0,0
2810093,-,b2685,multidrug efflux system,,1173.0,0,0,0,1,0,1
2812239,+,b2687,S-ribosylhomocysteine lyase,,516.0,0,0,0,1,0,1
2812563,+,b4442,sRNA antisense regulator of ompA%2C lamB%2C ompX%2C and phoP%3B Hfq-dependent,261.0,78.0,0,1,0,0,0,1
2812819,+,b4442,sRNA antisense regulator of ompA%2C lamB%2C ompX%2C and phoP%3B Hfq-dependent,5.0,78.0,0,1,0,0,0,1
2812824,+,b4442,sRNA antisense regulator of ompA%2C lamB%2C ompX%2C and phoP%3B Hfq-dependent,0.0,78.0,1,0,0,0,0,1
2813088,-,b2688,glutamate-cysteine ligase,,1557.0,0,0,1,0,0,0
2814002,-,b2688,glutamate-cysteine ligase,,1557.0,0,0,1,0,0,0
2814162,+,b2688,glutamate-cysteine ligase,,1557.0,0,0,0,1,0,1
2814572,-,b2688,glutamate-cysteine ligase,111.0,1557.0,1,0,0,0,0,0
2814775,-,b2689,inner membrane protein%2C COG1238 family,,429.0,0,0,1,0,0,0
2814896,-,b2689,inner membrane protein%2C COG1238 family,,429.0,0,0,1,0,0,0
2815215,-,b2689,inner membrane protein%2C COG1238 family,253.0,429.0,1,0,0,0,0,0
2815550,-,b2690,fructose-1-P and 6-phosphogluconate phosphatase,25.0,567.0,1,0,0,0,0,0
2815564,-,b2690,fructose-1-P and 6-phosphogluconate phosphatase,39.0,567.0,0,1,0,0,0,0
2815687,-,b2690,fructose-1-P and 6-phosphogluconate phosphatase,162.0,567.0,0,1,0,0,0,0
2816155,-,b2691,tRNA-Arg,273.0,77.0,1,0,0,0,0,0
2816294,-,b2692,tRNA-Arg,137.0,77.0,1,0,0,0,0,0
2816569,-,b2693,tRNA-Arg,273.0,77.0,1,0,0,0,0,0
2816722,-,b2695,tRNA-Ser,55.0,93.0,1,0,0,0,0,0
2817295,-,b2696,pleiotropic regulatory protein for carbon source metabolism,127.0,186.0,1,0,0,0,0,0
2817324,+,b2697,alanyl-tRNA synthetase,,2631.0,0,0,0,1,0,1
2817427,-,b2696,pleiotropic regulatory protein for carbon source metabolism,259.0,186.0,0,1,0,0,0,0
2817708,-,b2697,alanyl-tRNA synthetase,,2631.0,0,0,1,0,0,0
2818152,+,b2697,alanyl-tRNA synthetase,,2631.0,0,0,0,1,0,1
2818188,-,b2697,alanyl-tRNA synthetase,,2631.0,0,0,1,0,0,0
2820112,-,b2697,alanyl-tRNA synthetase,79.0,2631.0,1,0,0,0,0,0
2820155,+,b2698,regulatory protein for RecA,,501.0,0,0,0,1,0,1
2820203,-,b2697,alanyl-tRNA synthetase,170.0,2631.0,0,1,0,0,0,0
2820552,+,b2698,regulatory protein for RecA,,501.0,0,0,0,1,0,1
2820609,+,b2698,regulatory protein for RecA,,501.0,0,0,0,1,0,1
2820678,+,b2698,regulatory protein for RecA,,501.0,0,0,0,1,0,1
2820777,+,b2699,DNA strand exchange and recombination protein with protease and nuclease activity,,1062.0,0,0,0,1,0,1
2822395,-,b2700,NMN amidohydrolase,27.0,498.0,1,0,0,0,0,0
2823628,-,b2701,membrane-bound lytic murein transglycosylase B,30.0,1086.0,1,0,0,0,0,0
2823813,+,b2702,glucitol%2Fsorbitol-specific enzyme IIC component of PTS,41.0,564.0,1,0,0,0,0,0
2824926,-,b2703,glucitol%2Fsorbitol-specific enzyme IIB component of PTS,,960.0,0,0,0,1,0,1
2825918,+,b2705,sorbitol-6-phosphate dehydrogenase,,780.0,0,0,1,0,0,0
2826466,+,b2706,DNA-binding transcriptional activator of glucitol operon,177.0,360.0,0,1,0,0,0,0
2826476,+,b2706,DNA-binding transcriptional activator of glucitol operon,167.0,360.0,1,0,0,0,0,0
2826983,+,b2707,DNA-bindng transcriptional repressor,86.0,774.0,1,0,0,0,0,0
2827809,-,b2707,DNA-bindng transcriptional repressor,,774.0,0,0,0,1,0,1
2830333,-,b2709,anaerobic nitric oxide reductase DNA-binding transcriptional activator,22.0,1515.0,1,0,0,0,0,0
2830612,+,b2710,anaerobic nitric oxide reductase flavorubredoxin,,1440.0,0,0,1,0,0,0
2830792,-,b2710,anaerobic nitric oxide reductase flavorubredoxin,,1440.0,0,0,0,1,0,1
2831018,+,b2710,anaerobic nitric oxide reductase flavorubredoxin,,1440.0,0,0,1,0,0,0
2832207,-,b2711,NADH:flavorubredoxin oxidoreductase,,1134.0,0,0,0,1,0,1
2834066,-,b2712,carbamoyl phosphate phosphatase and maturation protein for %5BNiFe%5D hydrogenases,,2253.0,0,0,1,0,0,0
2835275,+,b2712,carbamoyl phosphate phosphatase and maturation protein for %5BNiFe%5D hydrogenases,,2253.0,0,0,0,1,0,1
2835607,+,b2713,formate dehydrogenase-H%2C %5B4Fe-4S%5D ferredoxin subunit,,528.0,0,0,0,1,0,1
2835642,-,b2712,carbamoyl phosphate phosphatase and maturation protein for %5BNiFe%5D hydrogenases,195.0,2253.0,1,0,0,0,0,0
2837310,-,b2714,DNA-binding transcriptional repressor,24.0,1011.0,1,0,0,0,0,0
2837549,+,b2715,fused cellobiose%2Farbutin%2Fsalicin-specific PTS enzymes: IIB component%2FIC component,,1458.0,0,0,1,0,0,0
2837675,+,b2715,fused cellobiose%2Farbutin%2Fsalicin-specific PTS enzymes: IIB component%2FIC component,,1458.0,0,0,1,0,0,0
2838235,-,b2715,fused cellobiose%2Farbutin%2Fsalicin-specific PTS enzymes: IIB component%2FIC component,,1458.0,0,0,0,1,0,1
2840105,+,b2716,cryptic 6-phospho-beta-glucosidase,,1425.0,0,0,1,0,0,0
2840276,-,b2716,cryptic 6-phospho-beta-glucosidase,,1425.0,0,0,0,1,0,1
2840378,-,b2716,cryptic 6-phospho-beta-glucosidase,,1425.0,0,0,0,1,0,1
2840797,-,b2717,protease involved in processing C-terminal end of HycE,,471.0,0,0,1,0,0,0
2840838,+,b2717,protease involved in processing C-terminal end of HycE,,471.0,0,0,0,1,0,1
2841124,-,b2717,protease involved in processing C-terminal end of HycE,59.0,471.0,1,0,0,0,0,0
2841131,+,b2717,protease involved in processing C-terminal end of HycE,,471.0,0,0,0,1,0,1
2841584,-,b2718,protein required for maturation of hydrogenase 3,116.0,411.0,1,0,0,0,0,0
2841821,-,b2719,hydrogenase 3 and formate hydrogenase complex%2C HycG subunit,,768.0,0,0,1,0,0,0
2841999,+,b2719,hydrogenase 3 and formate hydrogenase complex%2C HycG subunit,,768.0,0,0,0,1,0,1
2842010,-,b2719,hydrogenase 3 and formate hydrogenase complex%2C HycG subunit,,768.0,0,0,1,0,0,0
2843190,+,b2721,hydrogenase 3%2C large subunit,,1710.0,0,0,0,1,0,1
2843885,+,b2721,hydrogenase 3%2C large subunit,,1710.0,0,0,0,1,0,1
2848861,+,b2727,GTP hydrolase involved in nickel liganding into hydrogenases,162.0,873.0,1,0,0,0,0,0
2850310,+,b2729,protein required for maturation of hydrogenases,,1122.0,0,0,1,0,0,0
2850599,-,b2729,protein required for maturation of hydrogenases,,1122.0,0,0,0,1,0,1
2850697,+,b2729,protein required for maturation of hydrogenases,,1122.0,0,0,1,0,0,0
2850763,-,b2729,protein required for maturation of hydrogenases,,1122.0,0,0,0,1,0,1
2850895,+,b2729,protein required for maturation of hydrogenases,,1122.0,0,0,1,0,0,0
2851244,-,b2729,protein required for maturation of hydrogenases,,1122.0,0,0,0,1,0,1
2851659,-,b2730,carbamoyl dehydratase%2C hydrogenases 1%2C2%2C3 maturation protein,,1011.0,0,0,0,1,0,1
2851696,-,b2730,carbamoyl dehydratase%2C hydrogenases 1%2C2%2C3 maturation protein,,1011.0,0,0,0,1,0,1
2851711,+,b2730,carbamoyl dehydratase%2C hydrogenases 1%2C2%2C3 maturation protein,,1011.0,0,0,1,0,0,0
2851833,+,b2730,carbamoyl dehydratase%2C hydrogenases 1%2C2%2C3 maturation protein,,1011.0,0,0,1,0,0,0
2852160,+,b2731,DNA-binding transcriptional activator,200.0,2079.0,0,1,0,0,0,0
2852281,-,b2730,carbamoyl dehydratase%2C hydrogenases 1%2C2%2C3 maturation protein,,1011.0,0,0,0,1,0,1
2852291,+,b2731,DNA-binding transcriptional activator,69.0,2079.0,1,0,0,0,0,0
2852356,-,b2730,carbamoyl dehydratase%2C hydrogenases 1%2C2%2C3 maturation protein,,1011.0,0,0,0,1,0,1
2852378,+,b2731,DNA-binding transcriptional activator,,2079.0,0,0,1,0,0,0
2853017,+,b2731,DNA-binding transcriptional activator,,2079.0,0,0,1,0,0,0
2854159,+,b2731,DNA-binding transcriptional activator,,2079.0,0,0,1,0,0,0
2854304,+,b2731,DNA-binding transcriptional activator,,2079.0,0,0,1,0,0,0
2854850,-,b2732,hypothetical protein,22.0,354.0,1,0,0,0,0,0
2855046,+,b2733,methyl-directed mismatch repair protein,69.0,2562.0,1,0,0,0,0,0
2856190,+,b2733,methyl-directed mismatch repair protein,,2562.0,0,0,1,0,0,0
2856311,+,b2733,methyl-directed mismatch repair protein,,2562.0,0,0,1,0,0,0
2857757,-,b2733,methyl-directed mismatch repair protein,,2562.0,0,0,0,1,0,1
2857760,+,b2734,serine%2Fthreonine-specific protein phosphatase 2,22.0,657.0,1,0,0,0,0,0
2857945,+,b2734,serine%2Fthreonine-specific protein phosphatase 2,,657.0,0,0,1,0,0,0
2858833,-,b2735,putative transcriptional regulator%2C DeoR family,,768.0,0,0,1,0,0,0
2859334,-,b2735,putative transcriptional regulator%2C DeoR family,78.0,768.0,1,0,0,0,0,0
2859933,-,b2736,putative dehydrogenase%2C with NAD%28P%29-binding Rossmann-fold domain,,909.0,0,0,0,1,0,1
2860220,+,b2737,hypothetical protein,137.0,1167.0,1,0,0,0,0,0
2860456,+,b2737,hypothetical protein,,1167.0,0,0,1,0,0,0
2861265,-,b2737,hypothetical protein,,1167.0,0,0,0,1,0,1
2861603,-,b2737,hypothetical protein,,1167.0,0,0,0,1,0,1
2862749,-,b2739,hypothetical protein,,777.0,0,0,0,1,0,1
2863130,-,b2739,hypothetical protein,,777.0,0,0,0,1,0,1
2863140,+,b2740,putative transporter,,1365.0,0,0,1,0,0,0
2863366,+,b2740,putative transporter,,1365.0,0,0,1,0,0,0
2863824,+,b2740,putative transporter,,1365.0,0,0,1,0,0,0
2864165,+,b2740,putative transporter,,1365.0,0,0,1,0,0,0
2864199,+,b2740,putative transporter,,1365.0,0,0,1,0,0,0
2865574,+,b2741,RNA polymerase%2C sigma S %28sigma 38%29 factor,,993.0,0,0,0,1,0,1
2865800,+,b2742,activator of AmiC murein hydrolase activity%2C lipoprotein,,1140.0,0,0,0,1,0,1
2866139,-,b2742,activator of AmiC murein hydrolase activity%2C lipoprotein,,1140.0,0,0,1,0,0,0
2866156,+,b2742,activator of AmiC murein hydrolase activity%2C lipoprotein,,1140.0,0,0,0,1,0,1
2866306,-,b2742,activator of AmiC murein hydrolase activity%2C lipoprotein,,1140.0,0,0,1,0,0,0
2866547,+,b2742,activator of AmiC murein hydrolase activity%2C lipoprotein,,1140.0,0,0,0,1,0,1
2866614,-,b2742,activator of AmiC murein hydrolase activity%2C lipoprotein,,1140.0,0,0,1,0,0,0
2866851,-,b2742,activator of AmiC murein hydrolase activity%2C lipoprotein,76.0,1140.0,0,1,0,0,0,0
2866962,-,b2742,activator of AmiC murein hydrolase activity%2C lipoprotein,187.0,1140.0,1,0,0,0,0,0
2867989,-,b2744,broad specificity 5%27%283%27%29-nucleotidase and polyphosphatase,,762.0,0,0,1,0,0,0
2868708,-,b2745,tRNA%28Glu%29 pseudouridine%2813%29 synthase,,1050.0,0,0,1,0,0,0
2869299,-,b2745,tRNA%28Glu%29 pseudouridine%2813%29 synthase,,1050.0,0,0,1,0,0,0
2869410,-,b2745,tRNA%28Glu%29 pseudouridine%2813%29 synthase,84.0,1050.0,1,0,0,0,0,0
2869434,+,b2746,2C-methyl-D-erythritol 2%2C4-cyclodiphosphate synthase,,480.0,0,0,0,1,0,1
2869518,+,b2746,2C-methyl-D-erythritol 2%2C4-cyclodiphosphate synthase,,480.0,0,0,0,1,0,1
2870083,-,b2746,2C-methyl-D-erythritol 2%2C4-cyclodiphosphate synthase,281.0,480.0,1,0,0,0,0,0
2870922,-,b2748,cell division protein,80.0,312.0,1,0,0,0,0,0
2870979,-,b2748,cell division protein,137.0,312.0,0,1,0,0,0,0
2870997,-,b2748,cell division protein,155.0,312.0,0,1,0,0,0,0
2871097,-,b2748,cell division protein,255.0,312.0,0,1,0,0,0,0
2871351,+,b2749,DUF3561 family inner membrane protein,,324.0,0,0,0,1,0,1
2871410,-,b2749,DUF3561 family inner membrane protein,51.0,324.0,1,0,0,0,0,0
2871432,+,b2749,DUF3561 family inner membrane protein,,324.0,0,0,0,1,0,1
2872304,-,b2750,adenosine 5%27-phosphosulfate kinase,290.0,606.0,1,0,0,0,0,0
2872907,-,b2751,sulfate adenylyltransferase%2C subunit 1,,1428.0,0,0,1,0,0,0
2873047,+,b2751,sulfate adenylyltransferase%2C subunit 1,,1428.0,0,0,0,1,0,1
2873121,+,b2751,sulfate adenylyltransferase%2C subunit 1,,1428.0,0,0,0,1,0,1
2874129,+,b2752,sulfate adenylyltransferase%2C subunit 2,,909.0,0,0,0,1,0,1
2874392,-,b2752,sulfate adenylyltransferase%2C subunit 2,41.0,909.0,1,0,0,0,0,0
2874569,+,b2753,aminopeptidase in alkaline phosphatase isozyme conversion,34.0,1038.0,1,0,0,0,0,0
2874614,+,b2753,aminopeptidase in alkaline phosphatase isozyme conversion,,1038.0,0,0,1,0,0,0
2874771,-,b2753,aminopeptidase in alkaline phosphatase isozyme conversion,,1038.0,0,0,0,1,0,1
2874855,+,b2753,aminopeptidase in alkaline phosphatase isozyme conversion,,1038.0,0,0,1,0,0,0
2874935,-,b2753,aminopeptidase in alkaline phosphatase isozyme conversion,,1038.0,0,0,0,1,0,1
2875594,-,b2753,aminopeptidase in alkaline phosphatase isozyme conversion,,1038.0,0,0,0,1,0,1
2875610,+,b2753,aminopeptidase in alkaline phosphatase isozyme conversion,,1038.0,0,0,1,0,0,0
2877567,-,b2755,multifunctional endonuclease Cas1%2C CRISPR adaptation protein%3B DNA repair enzyme,,918.0,0,0,1,0,0,0
2878095,+,b2756,CRISPR RNA precursor cleavage enzyme%3B CRISP RNA %28crRNA%29 containing Cascade antiviral complex protein,,600.0,0,0,0,1,0,1
2878521,-,b2756,CRISPR RNA precursor cleavage enzyme%3B CRISP RNA %28crRNA%29 containing Cascade antiviral complex protein,112.0,600.0,1,0,0,0,0,0
2878799,+,b2757,CRISP RNA %28crRNA%29 containing Cascade antiviral complex protein,,675.0,0,0,0,1,0,1
2878909,-,b2757,CRISP RNA %28crRNA%29 containing Cascade antiviral complex protein,,675.0,0,0,1,0,0,0
2879340,+,b2758,CRISP RNA %28crRNA%29 containing Cascade antiviral complex protein,,1092.0,0,0,0,1,0,1
2880146,-,b2758,CRISP RNA %28crRNA%29 containing Cascade antiviral complex protein,,1092.0,0,0,1,0,0,0
2881875,-,b2760,CRISP RNA %28crRNA%29 containing Cascade antiviral complex protein,,1509.0,0,0,1,0,0,0
2881939,-,b2760,CRISP RNA %28crRNA%29 containing Cascade antiviral complex protein,,1509.0,0,0,1,0,0,0
2882213,-,b2760,CRISP RNA %28crRNA%29 containing Cascade antiviral complex protein,53.0,1509.0,1,0,0,0,0,0
2882505,+,b2761,R-loop helicase-annealase Cas3 needed for Cascade anti-viral activity,,2667.0,0,0,0,1,0,1
2883568,-,b2761,R-loop helicase-annealase Cas3 needed for Cascade anti-viral activity,,2667.0,0,0,1,0,0,0
2883602,+,b2761,R-loop helicase-annealase Cas3 needed for Cascade anti-viral activity,,2667.0,0,0,0,1,0,1
2883885,-,b2761,R-loop helicase-annealase Cas3 needed for Cascade anti-viral activity,,2667.0,0,0,1,0,0,0
2884174,-,b2761,R-loop helicase-annealase Cas3 needed for Cascade anti-viral activity,,2667.0,0,0,1,0,0,0
2884210,-,b2761,R-loop helicase-annealase Cas3 needed for Cascade anti-viral activity,,2667.0,0,0,1,0,0,0
2884687,-,b2761,R-loop helicase-annealase Cas3 needed for Cascade anti-viral activity,,2667.0,0,0,1,0,0,0
2885278,+,b4701,sok-related sRNA%2C function unknown,98.0,56.0,0,1,0,0,0,1
2885375,+,b4701,sok-related sRNA%2C function unknown,1.0,56.0,1,0,0,0,0,0
2886558,-,b2762,3%27-phosphoadenosine 5%27-phosphosulfate reductase,224.0,735.0,1,0,0,0,0,0
2889985,-,b2764,sulfite reductase%2C alpha subunit%2C flavoprotein,65.0,1800.0,1,0,0,0,0,0
2890210,-,b2764,sulfite reductase%2C alpha subunit%2C flavoprotein,290.0,1800.0,0,1,0,0,0,1
2890212,+,b2765,6-pyruvoyl tetrahydrobiopterin synthase %28PTPS%29,24.0,366.0,1,0,0,0,0,0
2890452,-,b2765,6-pyruvoyl tetrahydrobiopterin synthase %28PTPS%29,,366.0,0,0,0,1,0,1
2890570,+,b2766,putative oxidoreductase with FAD%2FNAD%28P%29-binding domain,109.0,1272.0,1,0,0,0,0,0
2890658,+,b2766,putative oxidoreductase with FAD%2FNAD%28P%29-binding domain,21.0,1272.0,0,1,0,0,0,0
2891333,-,b2766,putative oxidoreductase with FAD%2FNAD%28P%29-binding domain,,1272.0,0,0,0,1,0,1
2891352,+,b2766,putative oxidoreductase with FAD%2FNAD%28P%29-binding domain,,1272.0,0,0,1,0,0,0
2891714,+,b2767,putative 4Fe-4S cluster-containing protein,227.0,261.0,0,1,0,0,0,0
2891895,+,b2767,putative 4Fe-4S cluster-containing protein,46.0,261.0,1,0,0,0,0,0
2892401,+,b2768,putative anti-terminator regulatory protein,,576.0,0,0,1,0,0,0
2893333,+,b2769,putative flavoprotein,,861.0,0,0,0,1,0,1
2893759,-,b2769,putative flavoprotein,,861.0,0,0,1,0,0,0
2893786,-,b2769,putative flavoprotein,,861.0,0,0,1,0,0,0
2893788,+,b2769,putative flavoprotein,,861.0,0,0,0,1,0,1
2895599,-,b2771,putative transporter,,1338.0,0,0,1,0,0,0
2895998,-,b2771,putative transporter,106.0,1338.0,1,0,0,0,0,0
2897068,-,b4463,putative FAD containing dehydrogenase,,1455.0,0,0,1,0,0,0
2897308,-,b4463,putative FAD containing dehydrogenase,,1455.0,0,0,1,0,0,0
2898384,-,b2774,putative dehydrogenase,89.0,786.0,1,0,0,0,0,0
2898527,+,b2775,inner membrane protein%2C predicted transporter,87.0,1278.0,1,0,0,0,0,0
2898942,-,b2775,inner membrane protein%2C predicted transporter,,1278.0,0,0,0,1,0,1
2899148,+,b2775,inner membrane protein%2C predicted transporter,,1278.0,0,0,1,0,0,0
2899155,+,b2775,inner membrane protein%2C predicted transporter,,1278.0,0,0,1,0,0,0
2899576,-,b2775,inner membrane protein%2C predicted transporter,,1278.0,0,0,0,1,0,1
2899919,-,b2775,inner membrane protein%2C predicted transporter,,1278.0,0,0,0,1,0,1
2900251,-,b2776,putative kinase,,1479.0,0,0,0,1,0,1
2903464,-,b2777,7-carboxy-7-deazaguanine synthase%3B queosine biosynthesis,24.0,672.0,1,0,0,0,0,0
2904516,+,b2778,hypothetical protein,,873.0,0,0,1,0,0,0
2904763,-,b2779,enolase,,1299.0,0,0,1,0,0,0
2904974,+,b2779,enolase,,1299.0,0,0,0,1,0,1
2905515,+,b2779,enolase,,1299.0,0,0,0,1,0,1
2905691,+,b2779,enolase,,1299.0,0,0,0,1,0,1
2905999,+,b2779,enolase,,1299.0,0,0,0,1,0,1
2906460,-,b2780,CTP synthetase,,1638.0,0,0,1,0,0,0
2906498,+,b2780,CTP synthetase,,1638.0,0,0,0,1,0,1
2906901,-,b2780,CTP synthetase,,1638.0,0,0,1,0,0,0
2906923,+,b2780,CTP synthetase,,1638.0,0,0,0,1,0,1
2907738,-,b2780,CTP synthetase,50.0,1638.0,1,0,0,0,0,0
2907835,+,b2781,nucleoside triphosphate pyrophosphohydrolase,,792.0,0,0,0,1,0,1
2908303,+,b2781,nucleoside triphosphate pyrophosphohydrolase,,792.0,0,0,0,1,0,1
2908868,-,b2781,nucleoside triphosphate pyrophosphohydrolase,161.0,792.0,1,0,0,0,0,0
2909074,+,b2782,mRNA interferase toxin%2C antitoxin is MazE,,336.0,0,0,0,1,0,1
2909827,-,b2784,%28p%29ppGpp synthetase I%2FGTP pyrophosphokinase,,2235.0,0,0,1,0,0,0
2910841,+,b2784,%28p%29ppGpp synthetase I%2FGTP pyrophosphokinase,,2235.0,0,0,0,1,0,1
2911153,+,b2784,%28p%29ppGpp synthetase I%2FGTP pyrophosphokinase,,2235.0,0,0,0,1,0,1
2911387,-,b2784,%28p%29ppGpp synthetase I%2FGTP pyrophosphokinase,,2235.0,0,0,1,0,0,0
2911818,+,b2785,23S rRNA m%285%29U1939 methyltransferase%2C SAM-dependent,,1302.0,0,0,0,1,0,1
2911851,-,b2784,%28p%29ppGpp synthetase I%2FGTP pyrophosphokinase,178.0,2235.0,1,0,0,0,0,0
2911857,-,b2784,%28p%29ppGpp synthetase I%2FGTP pyrophosphokinase,184.0,2235.0,0,1,0,0,0,0
2911905,+,b2785,23S rRNA m%285%29U1939 methyltransferase%2C SAM-dependent,,1302.0,0,0,0,1,0,1
2912019,+,b2785,23S rRNA m%285%29U1939 methyltransferase%2C SAM-dependent,,1302.0,0,0,0,1,0,1
2912299,-,b2785,23S rRNA m%285%29U1939 methyltransferase%2C SAM-dependent,,1302.0,0,0,1,0,0,0
2912539,+,b2785,23S rRNA m%285%29U1939 methyltransferase%2C SAM-dependent,,1302.0,0,0,0,1,0,1
2912782,+,b2786,hybrid sensory histidine kinase%2C in two-component regulatory system with UvrY,297.0,2757.0,1,0,0,0,0,1
2912985,+,b2786,hybrid sensory histidine kinase%2C in two-component regulatory system with UvrY,94.0,2757.0,0,1,0,0,0,1
2913021,+,b2786,hybrid sensory histidine kinase%2C in two-component regulatory system with UvrY,58.0,2757.0,0,1,0,0,0,1
2913051,-,b2785,23S rRNA m%285%29U1939 methyltransferase%2C SAM-dependent,29.0,1302.0,1,0,0,0,0,1
2914106,-,b2786,hybrid sensory histidine kinase%2C in two-component regulatory system with UvrY,,2757.0,0,0,0,1,0,1
2914304,-,b2786,hybrid sensory histidine kinase%2C in two-component regulatory system with UvrY,,2757.0,0,0,0,1,0,1
2914362,-,b2786,hybrid sensory histidine kinase%2C in two-component regulatory system with UvrY,,2757.0,0,0,0,1,0,1
2915165,+,b2786,hybrid sensory histidine kinase%2C in two-component regulatory system with UvrY,,2757.0,0,0,1,0,0,0
2915564,-,b2786,hybrid sensory histidine kinase%2C in two-component regulatory system with UvrY,,2757.0,0,0,0,1,0,1
2915810,+,b2786,hybrid sensory histidine kinase%2C in two-component regulatory system with UvrY,,2757.0,0,0,1,0,0,0
2916107,-,b2787,%28D%29-glucarate dehydratase 1,,1341.0,0,0,1,0,0,0
2916315,-,b2787,%28D%29-glucarate dehydratase 1,,1341.0,0,0,1,0,0,0
2916658,-,b2787,%28D%29-glucarate dehydratase 1,,1341.0,0,0,1,0,0,0
2916712,+,b2787,%28D%29-glucarate dehydratase 1,,1341.0,0,0,0,1,0,1
2917072,-,b2787,%28D%29-glucarate dehydratase 1,,1341.0,0,0,1,0,0,0
2917281,-,b2787,%28D%29-glucarate dehydratase 1,,1341.0,0,0,1,0,0,0
2918262,+,b2788,glucarate dehydratase-related protein%2C substrate unknown,,1341.0,0,0,0,1,0,1
2918895,-,b2788,glucarate dehydratase-related protein%2C substrate unknown,127.0,1341.0,1,0,0,0,0,0
2919119,+,b2789,putative D-glucarate transporter,,1353.0,0,0,0,1,0,1
2920797,-,b2790,putative flavoprotein,,450.0,0,0,1,0,0,0
2920812,+,b2790,putative flavoprotein,,450.0,0,0,0,1,0,1
2920871,+,b2790,putative flavoprotein,,450.0,0,0,0,1,0,1
2921802,+,b2791,tRNA%28Ile1%2CAsp%29 pseudouridine%2865%29 synthase,,783.0,0,0,0,1,0,1
2922159,-,b2792,hypothetical protein,24.0,330.0,0,1,0,0,0,0
2922293,-,b2792,hypothetical protein,158.0,330.0,1,0,0,0,0,0
2922416,-,b2792,hypothetical protein,281.0,330.0,0,1,0,0,0,0
2922546,-,b4408,CsrA-binding sRNA%2C antagonizing CsrA regulation,0.0,369.0,1,0,0,0,0,0
2922642,-,b4408,CsrA-binding sRNA%2C antagonizing CsrA regulation,96.0,369.0,0,1,0,0,0,0
2923072,-,b2793,secY-interacting protein,,546.0,0,0,1,0,0,0
2923145,-,b2793,secY-interacting protein,,546.0,0,0,1,0,0,0
2923190,+,b2794,7-cyano-7-deazaguanine reductase %28NADPH-dependent%29,180.0,849.0,0,1,0,0,0,1
2923340,+,b2794,7-cyano-7-deazaguanine reductase %28NADPH-dependent%29,30.0,849.0,1,0,0,0,0,1
2923644,+,b2794,7-cyano-7-deazaguanine reductase %28NADPH-dependent%29,,849.0,0,0,1,0,0,0
2924276,-,b2794,7-cyano-7-deazaguanine reductase %28NADPH-dependent%29,,849.0,0,0,0,1,0,1
2924294,+,b2795,conserved protein%2C UPF0717 family,36.0,1365.0,1,0,0,0,0,0
2924458,-,b2795,conserved protein%2C UPF0717 family,,1365.0,0,0,0,1,0,1
2924477,+,b2795,conserved protein%2C UPF0717 family,,1365.0,0,0,1,0,0,0
2925094,+,b2795,conserved protein%2C UPF0717 family,,1365.0,0,0,1,0,0,0
2925453,+,b2795,conserved protein%2C UPF0717 family,,1365.0,0,0,1,0,0,0
2925586,-,b2795,conserved protein%2C UPF0717 family,,1365.0,0,0,0,1,0,1
2925957,+,b2796,putative serine transporter,294.0,1290.0,0,1,0,0,0,0
2926058,+,b2796,putative serine transporter,193.0,1290.0,0,1,0,0,0,0
2926125,+,b2796,putative serine transporter,126.0,1290.0,1,0,0,0,0,0
2926710,+,b2796,putative serine transporter,,1290.0,0,0,1,0,0,0
2927379,+,b2797,L-serine deaminase II,219.0,1368.0,0,1,0,0,0,0
2927552,+,b2797,L-serine deaminase II,46.0,1368.0,1,0,0,0,0,0
2927717,+,b2797,L-serine deaminase II,,1368.0,0,0,1,0,0,0
2928897,+,b2798,Ssb-binding protein%2C misidentified as ExoIX,180.0,756.0,0,1,0,0,0,0
2928906,+,b2798,Ssb-binding protein%2C misidentified as ExoIX,171.0,756.0,0,1,0,0,0,0
2929056,+,b2798,Ssb-binding protein%2C misidentified as ExoIX,21.0,756.0,1,0,0,0,0,0
2929178,-,b2798,Ssb-binding protein%2C misidentified as ExoIX,,756.0,0,0,0,1,0,1
2929796,-,b2798,Ssb-binding protein%2C misidentified as ExoIX,,756.0,0,0,0,1,0,1
2929923,+,b2799,L-1%2C2-propanediol oxidoreductase,,1149.0,0,0,0,1,0,1
2930251,-,b2799,L-1%2C2-propanediol oxidoreductase,,1149.0,0,0,1,0,0,0
2930652,+,b2799,L-1%2C2-propanediol oxidoreductase,,1149.0,0,0,0,1,0,1
2931245,-,b2799,L-1%2C2-propanediol oxidoreductase,210.0,1149.0,1,0,0,0,0,0
2931357,+,b2800,L-fuculose-1-phosphate aldolase,,648.0,0,0,0,1,0,1
2931783,-,b2800,L-fuculose-1-phosphate aldolase,73.0,648.0,1,0,0,0,0,0
2932141,+,b2801,L-fucose transporter,116.0,1317.0,1,0,0,0,0,0
2932780,-,b2801,L-fucose transporter,,1317.0,0,0,0,1,0,1
2932838,+,b2801,L-fucose transporter,,1317.0,0,0,1,0,0,0
2933571,-,b2801,L-fucose transporter,,1317.0,0,0,0,1,0,1
2933849,+,b2802,L-fucose isomerase,,1776.0,0,0,1,0,0,0
2934530,-,b2802,L-fucose isomerase,,1776.0,0,0,0,1,0,1
2935213,-,b2802,L-fucose isomerase,,1776.0,0,0,0,1,0,1
2935278,-,b2802,L-fucose isomerase,,1776.0,0,0,0,1,0,1
2935692,-,b2803,L-fuculokinase,,1449.0,0,0,0,1,0,1
2936277,-,b2803,L-fuculokinase,,1449.0,0,0,0,1,0,1
2936685,+,b2804,L-fucose mutarotase,225.0,423.0,0,1,0,0,0,0
2936740,+,b2804,L-fucose mutarotase,170.0,423.0,1,0,0,0,0,0
2936883,-,b2803,L-fuculokinase,,1449.0,0,0,0,1,0,1
2936921,+,b2804,L-fucose mutarotase,,423.0,0,0,1,0,0,0
2937163,-,b2804,L-fucose mutarotase,,423.0,0,0,0,1,0,1
2937187,+,b2805,DNA-binding transcriptional activator,203.0,732.0,0,1,0,0,0,0
2937343,+,b2805,DNA-binding transcriptional activator,47.0,732.0,1,0,0,0,0,0
2937609,-,b2805,DNA-binding transcriptional activator,,732.0,0,0,0,1,0,1
2938289,-,b2806,23S rRNA C2498 2%27-O-ribose methyltransferase%2C SAM-dependent,,1101.0,0,0,1,0,0,0
2938559,-,b2806,23S rRNA C2498 2%27-O-ribose methyltransferase%2C SAM-dependent,,1101.0,0,0,1,0,0,0
2939742,-,b2807,inner membrane protein%2C UPF0382 family,89.0,396.0,1,0,0,0,0,0
2939942,+,b2808,DNA-binding transcriptional dual regulator,,918.0,0,0,0,1,0,1
2940017,-,b2808,DNA-binding transcriptional dual regulator,,918.0,0,0,1,0,0,0
2940242,+,b2808,DNA-binding transcriptional dual regulator,,918.0,0,0,0,1,0,1
2940321,-,b2808,DNA-binding transcriptional dual regulator,,918.0,0,0,1,0,0,0
2940661,-,b2808,DNA-binding transcriptional dual regulator,72.0,918.0,1,0,0,0,0,1
2940718,+,b4443,sRNA antisense regulator represses oppA%2C dppA%2C gltI and livJ expression%2C Hfq-dependent,0.0,206.0,1,0,0,0,0,0
2940882,-,b2808,DNA-binding transcriptional dual regulator,293.0,918.0,0,1,0,0,0,1
2941030,+,b2809,putative lipoprotein,,228.0,0,0,0,1,0,1
2941122,-,b2809,putative lipoprotein,,228.0,0,0,1,0,0,0
2941213,+,b2810,cysteine sulfinate desulfinase,146.0,1206.0,0,1,0,0,0,1
2941231,+,b2810,cysteine sulfinate desulfinase,128.0,1206.0,0,1,0,0,0,1
2941235,-,b2809,putative lipoprotein,68.0,228.0,1,0,0,0,0,0
2941242,-,b2809,putative lipoprotein,75.0,228.0,0,1,0,0,0,0
2941341,+,b2810,cysteine sulfinate desulfinase,18.0,1206.0,1,0,0,0,0,0
2941920,+,b2810,cysteine sulfinate desulfinase,,1206.0,0,0,1,0,0,0
2942031,+,b2810,cysteine sulfinate desulfinase,,1206.0,0,0,1,0,0,0
2942379,+,b2811,CsdA-binding activator%3B Fe-S protein,185.0,444.0,1,0,0,0,0,0
2942505,+,b2811,CsdA-binding activator%3B Fe-S protein,59.0,444.0,0,1,0,0,0,0
2943841,-,b2812,sulfur acceptor for CsdA,,807.0,0,0,1,0,0,0
2944085,-,b2812,sulfur acceptor for CsdA,221.0,807.0,1,0,0,0,0,0
2944684,-,b2813,membrane-bound lytic murein transglycosylase A,,1098.0,0,0,1,0,0,0
2944776,-,b2813,membrane-bound lytic murein transglycosylase A,,1098.0,0,0,1,0,0,0
2944954,-,b2813,membrane-bound lytic murein transglycosylase A,,1098.0,0,0,1,0,0,0
2945017,+,b2813,membrane-bound lytic murein transglycosylase A,,1098.0,0,0,0,1,0,1
2945230,-,b2813,membrane-bound lytic murein transglycosylase A,30.0,1098.0,1,0,0,0,0,0
2945231,+,b2814,tRNA-Met,178.0,77.0,0,1,0,0,0,1
2945281,-,b2813,membrane-bound lytic murein transglycosylase A,81.0,1098.0,0,1,0,0,0,0
2945357,-,b2813,membrane-bound lytic murein transglycosylase A,157.0,1098.0,0,1,0,0,0,1
2945404,+,b2814,tRNA-Met,5.0,77.0,1,0,0,0,0,0
2945409,+,b2814,tRNA-Met,0.0,77.0,0,1,0,0,0,0
2945519,+,b2815,tRNA-Met,0.0,77.0,1,0,0,0,0,0
2945629,+,b2816,tRNA-Met,0.0,77.0,1,0,0,0,0,0
2946049,-,b2817,N-acetylmuramoyl-L-alanine amidase,,1254.0,0,0,1,0,0,0
2946074,+,b2817,N-acetylmuramoyl-L-alanine amidase,,1254.0,0,0,0,1,0,1
2947087,-,b2817,N-acetylmuramoyl-L-alanine amidase,55.0,1254.0,0,1,0,0,0,0
2947125,+,b2818,fused acetylglutamate kinase homolog %28inactive%29%2Famino acid N-acetyltransferase,139.0,1332.0,0,1,0,0,0,1
2947198,+,b2818,fused acetylglutamate kinase homolog %28inactive%29%2Famino acid N-acetyltransferase,66.0,1332.0,1,0,0,0,0,0
2947216,-,b2817,N-acetylmuramoyl-L-alanine amidase,184.0,1254.0,1,0,0,0,0,1
2947395,-,b2818,fused acetylglutamate kinase homolog %28inactive%29%2Famino acid N-acetyltransferase,,1332.0,0,0,0,1,0,1
2947408,+,b2818,fused acetylglutamate kinase homolog %28inactive%29%2Famino acid N-acetyltransferase,,1332.0,0,0,1,0,0,0
2947507,-,b2818,fused acetylglutamate kinase homolog %28inactive%29%2Famino acid N-acetyltransferase,,1332.0,0,0,0,1,0,1
2947935,+,b2818,fused acetylglutamate kinase homolog %28inactive%29%2Famino acid N-acetyltransferase,,1332.0,0,0,1,0,0,0
2948061,-,b2818,fused acetylglutamate kinase homolog %28inactive%29%2Famino acid N-acetyltransferase,,1332.0,0,0,0,1,0,1
2948561,+,b2818,fused acetylglutamate kinase homolog %28inactive%29%2Famino acid N-acetyltransferase,,1332.0,0,0,1,0,0,1
2949112,+,b2819,exonuclease V %28RecBCD complex%29%2C alpha chain,,1827.0,0,0,0,1,0,1
2950694,-,b2819,exonuclease V %28RecBCD complex%29%2C alpha chain,211.0,1827.0,1,0,0,0,0,0
2950695,+,b2820,exonuclease V %28RecBCD complex%29%2C beta subunit,,3543.0,0,0,0,1,0,1
2952693,-,b2820,exonuclease V %28RecBCD complex%29%2C beta subunit,,3543.0,0,0,1,0,0,0
2954292,+,b2821,protease III,,2889.0,0,0,0,1,0,1
2954532,-,b2821,protease III,,2889.0,0,0,1,0,0,0
2954803,+,b2821,protease III,,2889.0,0,0,0,1,0,1
2955088,-,b2821,protease III,,2889.0,0,0,1,0,0,0
2956083,+,b2821,protease III,,2889.0,0,0,0,1,0,1
2957015,+,b2822,exonuclease V %28RecBCD complex%29%2C gamma chain,,3369.0,0,0,0,1,0,1
2957031,-,b2821,protease III,125.0,2889.0,1,0,0,0,0,0
2957270,-,b2822,exonuclease V %28RecBCD complex%29%2C gamma chain,,3369.0,0,0,1,0,0,0
2957483,-,b2822,exonuclease V %28RecBCD complex%29%2C gamma chain,,3369.0,0,0,1,0,0,0
2958182,+,b2822,exonuclease V %28RecBCD complex%29%2C gamma chain,,3369.0,0,0,0,1,0,1
2958248,+,b2822,exonuclease V %28RecBCD complex%29%2C gamma chain,,3369.0,0,0,0,1,0,1
2959076,+,b2822,exonuclease V %28RecBCD complex%29%2C gamma chain,,3369.0,0,0,0,1,0,1
2959154,+,b2822,exonuclease V %28RecBCD complex%29%2C gamma chain,,3369.0,0,0,0,1,0,1
2960327,-,b2822,exonuclease V %28RecBCD complex%29%2C gamma chain,,3369.0,0,0,1,0,0,0
2960345,+,b2822,exonuclease V %28RecBCD complex%29%2C gamma chain,,3369.0,0,0,0,1,0,1
2960528,-,b2822,exonuclease V %28RecBCD complex%29%2C gamma chain,78.0,3369.0,1,0,0,0,0,0
2960905,-,b2823,hypothetical protein,119.0,324.0,1,0,0,0,0,0
2962199,-,b2826,hypothetical protein,0.0,471.0,1,0,0,0,0,0
2962381,+,b2827,thymidylate synthetase,,795.0,0,0,0,1,0,1
2962742,+,b2827,thymidylate synthetase,,795.0,0,0,0,1,0,1
2963412,-,b2827,thymidylate synthetase,235.0,795.0,1,0,0,0,0,0
2963682,+,b2828,phosphatidylglycerol-prolipoprotein diacylglyceryl transferase,,876.0,0,0,0,1,0,1
2963721,-,b2828,phosphatidylglycerol-prolipoprotein diacylglyceryl transferase,,876.0,0,0,1,0,0,0
2964139,-,b2828,phosphatidylglycerol-prolipoprotein diacylglyceryl transferase,80.0,876.0,1,0,0,0,0,0
2964344,+,b2829,fused PTS enzyme: PEP-protein phosphotransferase %28enzyme I%29%2FGAF domain containing protein,,2247.0,0,0,0,1,0,1
2964841,+,b2829,fused PTS enzyme: PEP-protein phosphotransferase %28enzyme I%29%2FGAF domain containing protein,,2247.0,0,0,0,1,0,1
2966045,-,b2829,fused PTS enzyme: PEP-protein phosphotransferase %28enzyme I%29%2FGAF domain containing protein,,2247.0,0,0,1,0,0,0
2966815,-,b2830,RNA pyrophosphohydrolase,,531.0,0,0,1,0,0,0
2967027,-,b2830,RNA pyrophosphohydrolase,28.0,531.0,1,0,0,0,0,0
2967245,-,b2830,RNA pyrophosphohydrolase,246.0,531.0,0,1,0,0,0,0
2967512,+,b2831,methyl-directed mismatch repair protein,172.0,690.0,0,1,0,0,0,0
2967516,+,b2831,methyl-directed mismatch repair protein,168.0,690.0,0,1,0,0,0,0
2967638,+,b2831,methyl-directed mismatch repair protein,46.0,690.0,1,0,0,0,0,0
2968416,+,b2832,inner membrane protein%2C UPF0053 family,26.0,714.0,1,0,0,0,0,0
2968522,-,b2832,inner membrane protein%2C UPF0053 family,,714.0,0,0,0,1,0,1
2968539,+,b2832,inner membrane protein%2C UPF0053 family,,714.0,0,0,1,0,0,0
2969090,+,b2833,putative lipoprotein,203.0,219.0,0,1,0,0,0,0
2969200,-,b2832,inner membrane protein%2C UPF0053 family,,714.0,0,0,0,1,0,1
2969223,+,b2833,putative lipoprotein,70.0,219.0,0,1,0,0,0,0
2969274,+,b2833,putative lipoprotein,19.0,219.0,1,0,0,0,0,0
2969587,+,b2834,putative oxidoreductase%2C NADP%28H%29-dependent aldo-keto reductase%3B suppresses tyrosine requirement of tyrA14 O6 strain,32.0,1041.0,1,0,0,0,0,0
2969622,-,b2834,putative oxidoreductase%2C NADP%28H%29-dependent aldo-keto reductase%3B suppresses tyrosine requirement of tyrA14 O6 strain,,1041.0,0,0,0,1,0,1
2970651,+,b2834,putative oxidoreductase%2C NADP%28H%29-dependent aldo-keto reductase%3B suppresses tyrosine requirement of tyrA14 O6 strain,,1041.0,0,0,1,0,0,1
2970652,-,b2834,putative oxidoreductase%2C NADP%28H%29-dependent aldo-keto reductase%3B suppresses tyrosine requirement of tyrA14 O6 strain,,1041.0,0,0,0,1,0,1
2970775,-,b2835,lysophospholipid transporter,,1194.0,0,0,1,0,0,0
2971507,-,b2835,lysophospholipid transporter,,1194.0,0,0,1,0,0,0
2971957,-,b2835,lysophospholipid transporter,73.0,1194.0,1,0,0,0,0,0
2972439,+,b2836,fused 2-acylglycerophospho-ethanolamine acyl transferase%2Facyl-acyl carrier protein synthetase,,2160.0,0,0,0,1,0,1
2972708,+,b2836,fused 2-acylglycerophospho-ethanolamine acyl transferase%2Facyl-acyl carrier protein synthetase,,2160.0,0,0,0,1,0,1
2973549,-,b2836,fused 2-acylglycerophospho-ethanolamine acyl transferase%2Facyl-acyl carrier protein synthetase,,2160.0,0,0,1,0,0,0
2973812,-,b2836,fused 2-acylglycerophospho-ethanolamine acyl transferase%2Facyl-acyl carrier protein synthetase,,2160.0,0,0,1,0,0,0
2974072,-,b2836,fused 2-acylglycerophospho-ethanolamine acyl transferase%2Facyl-acyl carrier protein synthetase,36.0,2160.0,1,0,0,0,0,0
2974211,-,b4444,sRNA antisense regulator downregulates OM proteins and curli%3B positively regulated by OmpR%2FEnvZ%2C Hfq-dependent,0.0,88.0,1,0,0,0,0,0
2974303,+,b4444,sRNA antisense regulator downregulates OM proteins and curli%3B positively regulated by OmpR%2FEnvZ%2C Hfq-dependent,,88.0,0,0,0,1,0,1
2974407,-,b4445,sRNA antisense regulator downregulates OM proteins and curli%3B positively regulated by OmpR%2FEnvZ%2C Hfq-dependent,0.0,82.0,1,0,0,0,0,0
2974415,-,b4445,sRNA antisense regulator downregulates OM proteins and curli%3B positively regulated by OmpR%2FEnvZ%2C Hfq-dependent,8.0,82.0,0,1,0,0,0,0
2974591,+,b2837,DNA-binding transcriptional repressor,30.0,1032.0,1,0,0,0,0,0
2975754,-,b2838,diaminopimelate decarboxylase%2C PLP-binding,,1263.0,0,0,1,0,0,0
2975806,-,b2838,diaminopimelate decarboxylase%2C PLP-binding,,1263.0,0,0,1,0,0,0
2976377,-,b2838,diaminopimelate decarboxylase%2C PLP-binding,,1263.0,0,0,1,0,0,0
2976535,-,b2838,diaminopimelate decarboxylase%2C PLP-binding,,1263.0,0,0,1,0,0,0
2976648,-,b2838,diaminopimelate decarboxylase%2C PLP-binding,,1263.0,0,0,1,0,0,0
2977017,+,b2839,DNA-binding transcriptional dual regulator,26.0,936.0,1,0,0,0,0,1
2977414,-,b2839,DNA-binding transcriptional dual regulator,,936.0,0,0,0,1,0,1
2977509,-,b2839,DNA-binding transcriptional dual regulator,,936.0,0,0,0,1,0,1
2978387,-,b2840,conserved protein%2C Asp%2FGlu_racemase family,,693.0,0,0,1,0,0,0
2978730,-,b2840,conserved protein%2C Asp%2FGlu_racemase family,73.0,693.0,1,0,0,0,0,0
2979100,-,b2841,arabinose transporter,,1419.0,0,0,1,0,0,0
2979384,+,b2841,arabinose transporter,,1419.0,0,0,0,1,0,1
2979617,-,b2841,arabinose transporter,,1419.0,0,0,1,0,0,0
2979751,-,b2841,arabinose transporter,,1419.0,0,0,1,0,0,0
2979761,+,b2841,arabinose transporter,,1419.0,0,0,0,1,0,1
2979991,-,b2841,arabinose transporter,,1419.0,0,0,1,0,0,0
2980232,-,b2841,arabinose transporter,28.0,1419.0,0,1,0,0,0,0
2980371,-,b2841,arabinose transporter,167.0,1419.0,1,0,0,0,0,0
2980587,-,b2842,2-deoxy-D-gluconate 3-dehydrogenase,,762.0,0,0,1,0,0,0
2980709,+,b2842,2-deoxy-D-gluconate 3-dehydrogenase,,762.0,0,0,0,1,0,1
2980854,-,b2842,2-deoxy-D-gluconate 3-dehydrogenase,,762.0,0,0,1,0,0,0
2981007,-,b2842,2-deoxy-D-gluconate 3-dehydrogenase,,762.0,0,0,1,0,0,0
2981268,-,b2842,2-deoxy-D-gluconate 3-dehydrogenase,,762.0,0,0,1,0,0,0
2981277,-,b2842,2-deoxy-D-gluconate 3-dehydrogenase,,762.0,0,0,1,0,0,0
2981284,+,b2842,2-deoxy-D-gluconate 3-dehydrogenase,,762.0,0,0,0,1,0,1
2981401,+,b2843,4-deoxy-L-threo-5-hexosulose-uronate ketol-isomerase,,837.0,0,0,0,1,0,1
2981529,+,b2843,4-deoxy-L-threo-5-hexosulose-uronate ketol-isomerase,,837.0,0,0,0,1,0,1
2981988,-,b2843,4-deoxy-L-threo-5-hexosulose-uronate ketol-isomerase,,837.0,0,0,1,0,0,0
2983635,-,b2844,putative acyltransferase,21.0,1182.0,1,0,0,0,0,0
2983796,-,b2844,putative acyltransferase,182.0,1182.0,0,1,0,0,0,1
2983834,+,b2845,putative transporter,35.0,1230.0,1,0,0,0,0,0
2983855,+,b2845,putative transporter,14.0,1230.0,0,1,0,0,0,0
2984045,-,b2845,putative transporter,,1230.0,0,0,0,1,0,1
2984590,-,b2845,putative transporter,,1230.0,0,0,0,1,0,1
2985062,+,b2845,putative transporter,,1230.0,0,0,1,0,0,0
2985533,+,b2846,conserved protein with bipartite regulator domain,25.0,633.0,1,0,0,0,0,0
2986481,+,b2847,putative transcriptional regulator,43.0,810.0,1,0,0,0,0,0
2987141,+,b2848,hypothetical protein,185.0,483.0,1,0,0,0,0,0
2988025,+,b2849,hypothetical protein,,426.0,0,0,0,1,0,1
2988149,+,b2849,hypothetical protein,,426.0,0,0,0,1,0,1
2988155,+,b2849,hypothetical protein,,426.0,0,0,0,1,0,1
2989165,-,b2850,pseudo,,490.0,0,0,0,1,0,1
2989752,+,b2851,putative chaperone,,492.0,0,0,1,0,0,0
2990152,+,b2852,predictedtranscriptional regulator,,1377.0,0,0,1,0,0,0
2990386,+,b2852,predictedtranscriptional regulator,,1377.0,0,0,1,0,0,0
2990785,-,b2852,predictedtranscriptional regulator,,1377.0,0,0,0,1,0,1
2991224,+,b2852,predictedtranscriptional regulator,,1377.0,0,0,1,0,0,0
2991390,-,b2852,predictedtranscriptional regulator,,1377.0,0,0,0,1,0,1
2991615,+,b2853,hypothetical protein,45.0,219.0,1,0,0,0,0,0
2992835,-,b2856,pseudo,,633.0,0,0,1,0,0,0
2993751,-,b2858,pseudo,,707.0,0,0,1,0,0,0
2994280,-,b2858,pseudo,238.0,707.0,1,0,0,0,0,0
2994510,+,b2860,IS2 transposase TnpB,,906.0,0,0,0,1,0,1
2995152,-,b2860,IS2 transposase TnpB,,906.0,0,0,1,0,0,0
2995164,+,b2860,IS2 transposase TnpB,,906.0,0,0,0,1,0,1
2995338,-,b2860,IS2 transposase TnpB,39.0,906.0,1,0,0,0,0,0
2995650,-,b2861,IS2 repressor TnpA,28.0,366.0,1,0,0,0,0,0
2996083,+,b2863,pseudo,,1137.0,0,0,0,1,0,1
2996157,-,b2863,pseudo,,1137.0,0,0,1,0,0,0
2996209,+,b2863,pseudo,,1137.0,0,0,0,1,0,1
2996434,+,b2863,pseudo,,1137.0,0,0,0,1,0,1
2996606,+,b2863,pseudo,,1137.0,0,0,0,1,0,1
2996934,-,b2863,pseudo,84.0,1137.0,1,0,0,0,0,0
2997089,-,b2864,tRNA-Gly,10.0,74.0,0,1,0,0,0,0
2997091,-,b2864,tRNA-Gly,12.0,74.0,1,0,0,0,0,0
2997340,+,b2865,putative lipoprotein involved in septation,,756.0,0,0,0,1,0,1
2997518,+,b2865,putative lipoprotein involved in septation,,756.0,0,0,0,1,0,1
2997646,+,b2865,putative lipoprotein involved in septation,,756.0,0,0,0,1,0,1
2997940,-,b2865,putative lipoprotein involved in septation,27.0,756.0,1,0,0,0,0,0
2997957,+,b2865,putative lipoprotein involved in septation,,756.0,0,0,0,1,0,1
2998123,+,b2866,xanthine dehydrogenase%2C molybdenum binding subunit,244.0,2259.0,0,1,0,0,0,0
2998257,+,b2866,xanthine dehydrogenase%2C molybdenum binding subunit,110.0,2259.0,1,0,0,0,0,0
2998468,-,b2866,xanthine dehydrogenase%2C molybdenum binding subunit,,2259.0,0,0,0,1,0,1
2998798,-,b2866,xanthine dehydrogenase%2C molybdenum binding subunit,,2259.0,0,0,0,1,0,1
2998900,-,b2866,xanthine dehydrogenase%2C molybdenum binding subunit,,2259.0,0,0,0,1,0,1
2998915,-,b2866,xanthine dehydrogenase%2C molybdenum binding subunit,,2259.0,0,0,0,1,0,1
2998939,+,b2866,xanthine dehydrogenase%2C molybdenum binding subunit,,2259.0,0,0,1,0,0,0
2999991,-,b2866,xanthine dehydrogenase%2C molybdenum binding subunit,,2259.0,0,0,0,1,0,1
3000618,-,b2866,xanthine dehydrogenase%2C molybdenum binding subunit,,2259.0,0,0,0,1,0,1
3000652,+,b2867,xanthine dehydrogenase%2C FAD-binding subunit,,879.0,0,0,1,0,0,0
3001945,-,b2868,xanthine dehydrogenase%2C Fe-S binding subunit,,480.0,0,0,0,1,0,1
3002206,-,b2869,putative DNA-binding transcriptional regulator,,1779.0,0,0,1,0,0,0
3002512,+,b2869,putative DNA-binding transcriptional regulator,,1779.0,0,0,0,1,0,1
3002695,-,b2869,putative DNA-binding transcriptional regulator,,1779.0,0,0,1,0,0,0
3002767,-,b2869,putative DNA-binding transcriptional regulator,,1779.0,0,0,1,0,0,0
3003507,+,b2869,putative DNA-binding transcriptional regulator,,1779.0,0,0,0,1,0,1
3003869,-,b2869,putative DNA-binding transcriptional regulator,61.0,1779.0,1,0,0,0,0,0
3003911,-,b2869,putative DNA-binding transcriptional regulator,103.0,1779.0,0,1,0,0,0,0
3004008,+,b2870,putative carbamoyltransferase,276.0,1191.0,0,1,0,0,0,0
3004204,+,b2870,putative carbamoyltransferase,80.0,1191.0,1,0,0,0,0,0
3005208,-,b2870,putative carbamoyltransferase,,1191.0,0,0,0,1,0,1
3005375,-,b2870,putative carbamoyltransferase,,1191.0,0,0,0,1,0,1
3005786,-,b2871,2%2C3-diaminopropionate ammonia lyase%2C PLP-dependent,,1197.0,0,0,0,1,0,1
3005797,-,b2871,2%2C3-diaminopropionate ammonia lyase%2C PLP-dependent,,1197.0,0,0,0,1,0,1
3006103,-,b2871,2%2C3-diaminopropionate ammonia lyase%2C PLP-dependent,,1197.0,0,0,0,1,0,1
3006787,-,b2871,2%2C3-diaminopropionate ammonia lyase%2C PLP-dependent,,1197.0,0,0,0,1,0,1
3007175,+,b2872,putative peptidase,,1212.0,0,0,1,0,0,0
3007766,+,b2873,D-stereospecific phenylhydantoinase,284.0,1386.0,1,0,0,0,0,0
3008677,+,b2873,D-stereospecific phenylhydantoinase,,1386.0,0,0,1,0,0,0
3008874,-,b2873,D-stereospecific phenylhydantoinase,,1386.0,0,0,0,1,0,1
3009345,-,b2873,D-stereospecific phenylhydantoinase,,1386.0,0,0,0,1,0,1
3009931,+,b2874,putative amino acid kinase,,933.0,0,0,1,0,0,0
3010308,+,b2874,putative amino acid kinase,,933.0,0,0,1,0,0,0
3013080,+,b2877,CTP:molybdopterin cytidylyltransferase,102.0,579.0,1,0,0,0,0,1
3013097,-,b2876,hypothetical protein,18.0,771.0,0,1,0,0,0,1
3013212,+,b2877,CTP:molybdopterin cytidylyltransferase,,579.0,0,0,1,0,0,0
3013240,-,b2876,hypothetical protein,161.0,771.0,1,0,0,0,0,1
3013394,-,b2877,CTP:molybdopterin cytidylyltransferase,,579.0,0,0,0,1,0,1
3013812,-,b2877,CTP:molybdopterin cytidylyltransferase,,579.0,0,0,0,1,0,1
3014012,+,b2878,putative oxidoreductase%2C Fe-S subunit,70.0,3099.0,0,1,0,0,0,0
3014020,+,b2878,putative oxidoreductase%2C Fe-S subunit,62.0,3099.0,1,0,0,0,0,0
3014081,-,b2878,putative oxidoreductase%2C Fe-S subunit,,3099.0,0,0,0,1,0,1
3014103,+,b2878,putative oxidoreductase%2C Fe-S subunit,,3099.0,0,0,1,0,0,0
3014409,-,b2878,putative oxidoreductase%2C Fe-S subunit,,3099.0,0,0,0,1,0,1
3015225,+,b2878,putative oxidoreductase%2C Fe-S subunit,,3099.0,0,0,1,0,0,0
3017084,-,b2878,putative oxidoreductase%2C Fe-S subunit,,3099.0,0,0,0,1,0,1
3018657,-,b2880,putative oxidoreductase,,780.0,0,0,0,1,0,1
3018683,-,b2880,putative oxidoreductase,,780.0,0,0,0,1,0,1
3019006,-,b2880,putative oxidoreductase,,780.0,0,0,0,1,0,1
3020765,-,b2881,putative hypoxanthine oxidase%2C molybdopterin-binding%2FFe-S binding,,2871.0,0,0,0,1,0,1
3021826,-,b2881,putative hypoxanthine oxidase%2C molybdopterin-binding%2FFe-S binding,,2871.0,0,0,0,1,0,1
3022320,-,b2882,xanthine permease,,1401.0,0,0,0,1,0,1
3022364,+,b2882,xanthine permease,9.0,1401.0,1,0,0,0,0,0
3023173,+,b2882,xanthine permease,,1401.0,0,0,1,0,0,0
3023599,-,b2882,xanthine permease,,1401.0,0,0,0,1,0,1
3023702,+,b2883,guanine deaminase,86.0,1320.0,0,1,0,0,0,0
3023710,+,b2883,guanine deaminase,78.0,1320.0,1,0,0,0,0,0
3025108,-,b2883,guanine deaminase,,1320.0,0,0,0,1,0,1
3025123,+,b4464,putative purine permease,20.0,1368.0,1,0,0,0,0,0
3025220,+,b4464,putative purine permease,,1368.0,0,0,1,0,0,0
3025550,-,b4464,putative purine permease,,1368.0,0,0,0,1,0,1
3026382,+,b4464,putative purine permease,,1368.0,0,0,1,0,0,0
3026397,+,b4464,putative purine permease,,1368.0,0,0,1,0,0,0
3026726,-,b2886,putative oxidoreductase%2C 4Fe-4S ferredoxin-type subunit,,489.0,0,0,1,0,0,0
3026921,-,b2886,putative oxidoreductase%2C 4Fe-4S ferredoxin-type subunit,,489.0,0,0,1,0,0,0
3027273,-,b2886,putative oxidoreductase%2C 4Fe-4S ferredoxin-type subunit,239.0,489.0,1,0,0,0,0,0
3027805,+,b2887,fused predicted oxidoreductase: Fe-S subunit%2Fnucleotide-binding subunit,,1920.0,0,0,0,1,0,1
3028245,+,b2887,fused predicted oxidoreductase: Fe-S subunit%2Fnucleotide-binding subunit,,1920.0,0,0,0,1,0,1
3028620,+,b2887,fused predicted oxidoreductase: Fe-S subunit%2Fnucleotide-binding subunit,,1920.0,0,0,0,1,0,1
3028988,-,b2887,fused predicted oxidoreductase: Fe-S subunit%2Fnucleotide-binding subunit,35.0,1920.0,1,0,0,0,0,0
3029206,+,b2888,uric acid permease,183.0,1449.0,1,0,0,0,0,0
3029451,-,b2888,uric acid permease,,1449.0,0,0,0,1,0,1
3030871,+,b2889,isopentenyl diphosphate isomerase,216.0,549.0,0,1,0,0,0,0
3031063,+,b2889,isopentenyl diphosphate isomerase,24.0,549.0,1,0,0,0,0,0
3031216,-,b2889,isopentenyl diphosphate isomerase,,549.0,0,0,0,1,0,1
3031427,-,b2889,isopentenyl diphosphate isomerase,,549.0,0,0,0,1,0,1
3033163,+,b2890,lysine tRNA synthetase%2C constitutive,,1518.0,0,0,0,1,0,1
3034343,+,b2891,peptide chain release factor RF-2,,1099.0,0,0,0,1,0,1
3034347,-,b2891,peptide chain release factor RF-2,43.0,1099.0,1,0,0,0,0,0
3034404,-,b2891,peptide chain release factor RF-2,100.0,1099.0,0,1,0,0,0,0
3034657,+,b2892,ssDNA exonuclease%2C 5%27 --%3E 3%27-specific,,1734.0,0,0,0,1,0,1
3035667,+,b2892,ssDNA exonuclease%2C 5%27 --%3E 3%27-specific,,1734.0,0,0,0,1,0,1
3036643,-,b2893,protein disulfide isomerase II,,711.0,0,0,1,0,0,0
3036942,+,b2893,protein disulfide isomerase II,,711.0,0,0,0,1,0,1
3037060,-,b2893,protein disulfide isomerase II,216.0,711.0,1,0,0,0,0,0
3037088,+,b2894,site-specific tyrosine recombinase,,897.0,0,0,0,1,0,1
3037327,-,b2894,site-specific tyrosine recombinase,,897.0,0,0,1,0,0,0
3037501,-,b2894,site-specific tyrosine recombinase,,897.0,0,0,1,0,0,0
3037555,-,b2894,site-specific tyrosine recombinase,,897.0,0,0,1,0,0,0
3037667,-,b2894,site-specific tyrosine recombinase,,897.0,0,0,1,0,0,0
3037827,-,b2894,site-specific tyrosine recombinase,62.0,897.0,1,0,0,0,0,1
3037873,-,b2894,site-specific tyrosine recombinase,108.0,897.0,0,1,0,0,0,1
3038110,-,b2895,flavodoxin 2,,522.0,0,0,0,1,0,1
3038125,+,b2895,flavodoxin 2,,522.0,0,0,1,0,0,0
3038573,-,b2896,toxin of CptAB toxin-antitoxin pair,,408.0,0,0,1,0,0,0
3039030,+,b2897,antitoxin of CptAB toxin-antitoxin pair,,267.0,0,0,0,1,0,1
3039121,-,b2897,antitoxin of CptAB toxin-antitoxin pair,29.0,267.0,1,0,0,0,0,0
3039159,-,b2897,antitoxin of CptAB toxin-antitoxin pair,67.0,267.0,0,1,0,0,0,0
3039171,+,b2898,iron-sulfur cluster repair protein%2C plumbagin resistance,164.0,981.0,0,1,0,0,0,1
3039284,-,b2897,antitoxin of CptAB toxin-antitoxin pair,192.0,267.0,0,1,0,0,0,1
3039304,+,b2898,iron-sulfur cluster repair protein%2C plumbagin resistance,31.0,981.0,1,0,0,0,0,0
3039548,+,b2898,iron-sulfur cluster repair protein%2C plumbagin resistance,,981.0,0,0,1,0,0,0
3040010,-,b2898,iron-sulfur cluster repair protein%2C plumbagin resistance,,981.0,0,0,0,1,0,1
3040286,+,b2898,iron-sulfur cluster repair protein%2C plumbagin resistance,,981.0,0,0,1,0,0,0
3040516,-,b2899,inner membrane protein%2C hemolysin III family HylIII,,660.0,0,0,1,0,0,0
3040771,-,b2899,inner membrane protein%2C hemolysin III family HylIII,,660.0,0,0,1,0,0,0
3040781,-,b2899,inner membrane protein%2C hemolysin III family HylIII,,660.0,0,0,1,0,0,0
3041206,-,b2899,inner membrane protein%2C hemolysin III family HylIII,36.0,660.0,1,0,0,0,0,0
3041215,-,b2899,inner membrane protein%2C hemolysin III family HylIII,45.0,660.0,0,1,0,0,0,0
3041355,-,b2899,inner membrane protein%2C hemolysin III family HylIII,185.0,660.0,0,1,0,0,0,0
3041476,+,b2901,6-phospho-beta-glucosidase A,208.0,1440.0,0,1,0,0,0,1
3041508,+,b2901,6-phospho-beta-glucosidase A,176.0,1440.0,1,0,0,0,0,1
3044163,-,b2902,putative NAD%28P%29-binding oxidoreductase with NAD%28P%29-binding Rossmann-fold domain,240.0,744.0,1,0,0,0,0,0
3045108,-,b2903,glycine decarboxylase%2C PLP-dependent%2C subunit %28protein P%29 of glycine cleavage complex,,2874.0,0,0,1,0,0,0
3046367,-,b2903,glycine decarboxylase%2C PLP-dependent%2C subunit %28protein P%29 of glycine cleavage complex,,2874.0,0,0,1,0,0,0
3047573,+,b2904,glycine cleavage complex lipoylprotein,,390.0,0,0,0,1,0,1
3048699,+,b2905,aminomethyltransferase%2C tetrahydrofolate-dependent%2C subunit %28T protein%29 of glycine cleavage complex,,1095.0,0,0,0,1,0,1
3048798,-,b2905,aminomethyltransferase%2C tetrahydrofolate-dependent%2C subunit %28T protein%29 of glycine cleavage complex,109.0,1095.0,1,0,0,0,0,0
3048820,-,b2905,aminomethyltransferase%2C tetrahydrofolate-dependent%2C subunit %28T protein%29 of glycine cleavage complex,131.0,1095.0,0,1,0,0,0,0
3052173,+,b2908,proline aminopeptidase P II,,1326.0,0,0,0,1,0,1
3052908,+,b2908,proline aminopeptidase P II,,1326.0,0,0,0,1,0,1
3053495,-,b2909,conserved protein%2C UPF0149 family,29.0,579.0,1,0,0,0,0,0
3053512,+,b2910,FtsZ stabilizer,122.0,330.0,1,0,0,0,0,1
3053781,+,b2911,6S RNA inhibits RNA polymerase promoter binding,224.0,183.0,0,1,0,0,0,0
3053996,+,b2911,6S RNA inhibits RNA polymerase promoter binding,9.0,183.0,1,0,0,0,0,0
3054048,-,b2910,FtsZ stabilizer,,330.0,0,0,0,1,0,1
3054055,-,b2910,FtsZ stabilizer,,330.0,0,0,0,1,0,1
3054134,-,b2911,6S RNA inhibits RNA polymerase promoter binding,,183.0,0,0,0,1,0,1
3054873,+,b4446,sRNA antisense regulator of toxic IbsC protein,,140.0,0,0,1,0,0,1
3055031,-,b4665,toxic membrane protein,60.0,60.0,1,0,0,0,0,1
3055481,-,b2913,D-3-phosphoglycerate dehydrogenase,,1233.0,0,0,1,0,0,0
3055818,+,b2913,D-3-phosphoglycerate dehydrogenase,,1233.0,0,0,0,1,0,1
3056477,-,b2913,D-3-phosphoglycerate dehydrogenase,45.0,1233.0,1,0,0,0,0,0
3056506,+,b2913,D-3-phosphoglycerate dehydrogenase,,1233.0,0,0,0,1,0,1
3056570,-,b2913,D-3-phosphoglycerate dehydrogenase,138.0,1233.0,0,1,0,0,0,0
3056964,-,b2914,ribose 5-phosphate isomerase%2C constitutive,,660.0,0,0,1,0,0,0
3057217,-,b2914,ribose 5-phosphate isomerase%2C constitutive,,660.0,0,0,1,0,0,0
3057384,-,b2914,ribose 5-phosphate isomerase%2C constitutive,37.0,660.0,0,1,0,0,0,0
3057480,-,b2914,ribose 5-phosphate isomerase%2C constitutive,133.0,660.0,1,0,0,0,0,0
3057706,-,b2915,pseudo,,321.0,0,0,1,0,0,1
3058501,+,b2916,DNA-binding transcriptional activator%2C replication initiation inhibitor,,894.0,0,0,1,0,0,0
3058765,+,b2917,methylmalonyl-CoA mutase,107.0,2145.0,1,0,0,0,0,0
3059326,+,b2917,methylmalonyl-CoA mutase,,2145.0,0,0,1,0,0,0
3059462,-,b2917,methylmalonyl-CoA mutase,,2145.0,0,0,0,1,0,1
3059488,-,b2917,methylmalonyl-CoA mutase,,2145.0,0,0,0,1,0,1
3060071,+,b2917,methylmalonyl-CoA mutase,,2145.0,0,0,1,0,0,0
3060097,-,b2917,methylmalonyl-CoA mutase,,2145.0,0,0,0,1,0,1
3061140,-,b2918,membrane ATPase%2Fprotein kinase,,996.0,0,0,0,1,0,1
3061653,-,b2918,membrane ATPase%2Fprotein kinase,,996.0,0,0,0,1,0,1
3062177,+,b2919,methylmalonyl-CoA decarboxylase%2C biotin-independent,,786.0,0,0,1,0,0,0
3064169,+,b2920,propionyl-CoA:succinate CoA transferase,,1479.0,0,0,1,0,0,0
3064175,+,b2920,propionyl-CoA:succinate CoA transferase,,1479.0,0,0,1,0,0,0
3064281,+,b2920,propionyl-CoA:succinate CoA transferase,,1479.0,0,0,1,0,0,1
3064382,+,b2921,putative DNA-binding transcriptional regulator,,897.0,0,0,0,1,0,1
3064905,+,b2921,putative DNA-binding transcriptional regulator,,897.0,0,0,0,1,0,1
3065005,+,b2921,putative DNA-binding transcriptional regulator,,897.0,0,0,0,1,0,1
3065015,-,b2921,putative DNA-binding transcriptional regulator,,897.0,0,0,1,0,0,0
3065037,+,b2921,putative DNA-binding transcriptional regulator,,897.0,0,0,0,1,0,1
3065144,+,b2921,putative DNA-binding transcriptional regulator,,897.0,0,0,0,1,0,1
3065255,-,b2921,putative DNA-binding transcriptional regulator,60.0,897.0,1,0,0,0,0,0
3065778,-,b2922,oxidative stress defense protein,,741.0,0,0,1,0,0,0
3066708,-,b2923,arginine transporter,,636.0,0,0,1,0,0,0
3066858,-,b2923,arginine transporter,28.0,636.0,1,0,0,0,0,0
3067215,+,b2924,mechanosensitive channel protein%2C small conductance,,861.0,0,0,0,1,0,1
3067238,-,b2924,mechanosensitive channel protein%2C small conductance,,861.0,0,0,1,0,0,0
3067337,-,b2924,mechanosensitive channel protein%2C small conductance,,861.0,0,0,1,0,0,0
3067388,-,b2924,mechanosensitive channel protein%2C small conductance,,861.0,0,0,1,0,0,0
3067589,-,b2924,mechanosensitive channel protein%2C small conductance,,861.0,0,0,1,0,0,0
3067640,-,b2924,mechanosensitive channel protein%2C small conductance,,861.0,0,0,1,0,0,0
3067893,-,b2924,mechanosensitive channel protein%2C small conductance,64.0,861.0,1,0,0,0,0,0
3067902,-,b2924,mechanosensitive channel protein%2C small conductance,73.0,861.0,0,1,0,0,0,0
3067915,-,b2924,mechanosensitive channel protein%2C small conductance,86.0,861.0,0,1,0,0,0,0
3068076,-,b2924,mechanosensitive channel protein%2C small conductance,247.0,861.0,0,1,0,0,0,0
3068250,+,b2925,fructose-bisphosphate aldolase%2C class II,,1080.0,0,0,0,1,0,1
3068270,-,b2925,fructose-bisphosphate aldolase%2C class II,,1080.0,0,0,1,0,0,0
3068582,-,b2925,fructose-bisphosphate aldolase%2C class II,,1080.0,0,0,1,0,0,0
3068847,+,b2925,fructose-bisphosphate aldolase%2C class II,,1080.0,0,0,0,1,0,1
3069102,-,b2925,fructose-bisphosphate aldolase%2C class II,,1080.0,0,0,1,0,0,0
3069305,+,b2925,fructose-bisphosphate aldolase%2C class II,,1080.0,0,0,0,1,0,1
3070586,+,b2926,phosphoglycerate kinase,,1164.0,0,0,0,1,0,1
3070879,-,b2926,phosphoglycerate kinase,235.0,1164.0,1,0,0,0,0,0
3070881,-,b2926,phosphoglycerate kinase,237.0,1164.0,0,1,0,0,0,0
3070968,+,b2927,D-erythrose 4-phosphate dehydrogenase,,1020.0,0,0,0,1,0,1
3071224,-,b2927,D-erythrose 4-phosphate dehydrogenase,,1020.0,0,0,1,0,0,0
3071845,-,b2927,D-erythrose 4-phosphate dehydrogenase,132.0,1020.0,1,0,0,0,0,0
3071965,-,b2927,D-erythrose 4-phosphate dehydrogenase,252.0,1020.0,0,1,0,0,0,0
3072186,-,b2928,conserved protein with nucleoside triphosphate hydrolase domain,,714.0,0,0,1,0,0,0
3072356,+,b2928,conserved protein with nucleoside triphosphate hydrolase domain,,714.0,0,0,0,1,0,1
3072441,-,b2928,conserved protein with nucleoside triphosphate hydrolase domain,,714.0,0,0,1,0,0,0
3072739,+,b2928,conserved protein with nucleoside triphosphate hydrolase domain,,714.0,0,0,0,1,0,1
3072864,+,b2929,putative DNA-binding transcriptional regulator,,510.0,0,0,0,1,0,1
3073124,-,b2929,putative DNA-binding transcriptional regulator,,510.0,0,0,1,0,0,0
3073252,-,b2929,putative DNA-binding transcriptional regulator,35.0,510.0,1,0,0,0,0,0
3073267,+,b2929,putative DNA-binding transcriptional regulator,,510.0,0,0,0,1,0,1
3073364,-,b2929,putative DNA-binding transcriptional regulator,147.0,510.0,0,1,0,0,0,0
3073487,-,b2929,putative DNA-binding transcriptional regulator,270.0,510.0,0,1,0,0,0,0
3077253,+,b2934,putative mannitol-specific enzyme IIA component of PTS,,444.0,0,0,0,1,0,1
3077392,-,b2934,putative mannitol-specific enzyme IIA component of PTS,40.0,444.0,1,0,0,0,0,0
3077762,-,b2935,transketolase 1%2C thiamin-binding,,1992.0,0,0,1,0,0,0
3077787,-,b2935,transketolase 1%2C thiamin-binding,,1992.0,0,0,1,0,0,0
3079118,-,b2935,transketolase 1%2C thiamin-binding,,1992.0,0,0,1,0,0,0
3079125,+,b2935,transketolase 1%2C thiamin-binding,,1992.0,0,0,0,1,0,1
3079737,-,b2935,transketolase 1%2C thiamin-binding,80.0,1992.0,1,0,0,0,0,0
3079869,+,b2936,Phe-Phe periplasmic metalloprotease%2C OM lipoprotein%3B low salt-inducible%3B heat shock protein that binds Era,66.0,759.0,1,0,0,0,0,0
3079895,-,b2935,transketolase 1%2C thiamin-binding,238.0,1992.0,0,1,0,0,0,1
3080004,+,b2936,Phe-Phe periplasmic metalloprotease%2C OM lipoprotein%3B low salt-inducible%3B heat shock protein that binds Era,,759.0,0,0,1,0,0,0
3080174,-,b2936,Phe-Phe periplasmic metalloprotease%2C OM lipoprotein%3B low salt-inducible%3B heat shock protein that binds Era,,759.0,0,0,0,1,0,1
3080916,-,b2937,agmatinase,,921.0,0,0,1,0,0,0
3081804,+,b2937,agmatinase,,921.0,0,0,0,1,0,1
3081973,-,b2937,agmatinase,154.0,921.0,1,0,0,0,0,0
3082093,-,b2937,agmatinase,274.0,921.0,0,1,0,0,0,0
3082647,+,b2938,biosynthetic arginine decarboxylase%2C PLP-binding,,1977.0,0,0,0,1,0,1
3083823,+,b2938,biosynthetic arginine decarboxylase%2C PLP-binding,,1977.0,0,0,0,1,0,1
3083950,-,b2938,biosynthetic arginine decarboxylase%2C PLP-binding,17.0,1977.0,1,0,0,0,0,0
3084085,+,b2940,hypothetical protein,124.0,216.0,1,0,0,0,0,1
3084107,-,b2939,hypothetical protein,34.0,132.0,1,0,0,0,0,0
3084431,-,b2940,hypothetical protein,,216.0,0,0,0,1,0,1
3084443,-,b2940,hypothetical protein,,216.0,0,0,0,1,0,1
3084589,+,b2942,S-adenosylmethionine synthetase,139.0,1155.0,1,0,0,0,0,0
3085268,+,b2942,S-adenosylmethionine synthetase,,1155.0,0,0,1,0,0,0
3085475,+,b2942,S-adenosylmethionine synthetase,,1155.0,0,0,1,0,0,0
3085679,+,b2942,S-adenosylmethionine synthetase,,1155.0,0,0,1,0,0,0
3086162,+,b2943,D-galactose transporter,144.0,1395.0,1,0,0,0,0,0
3086258,-,b2943,D-galactose transporter,,1395.0,0,0,0,1,0,1
3086491,+,b2943,D-galactose transporter,,1395.0,0,0,1,0,0,0
3086737,+,b2943,D-galactose transporter,,1395.0,0,0,1,0,0,0
3087777,+,b2944,hypothetical protein,0.0,498.0,1,0,0,0,0,0
3088179,-,b2944,hypothetical protein,,498.0,0,0,0,1,0,1
3088347,+,b2945,DNA-specific endonuclease I,22.0,708.0,1,0,0,0,0,0
3088429,-,b2945,DNA-specific endonuclease I,,708.0,0,0,0,1,0,1
3088530,+,b2945,DNA-specific endonuclease I,,708.0,0,0,1,0,0,0
3088641,-,b2945,DNA-specific endonuclease I,,708.0,0,0,0,1,0,1
3089071,-,b2945,DNA-specific endonuclease I,,708.0,0,0,0,1,0,1
3089086,+,b2946,16S rRNA m%283%29U1498 methyltransferase%2C SAM-dependent,70.0,732.0,0,1,0,0,0,0
3089091,+,b2946,16S rRNA m%283%29U1498 methyltransferase%2C SAM-dependent,65.0,732.0,1,0,0,0,0,0
3089519,+,b2946,16S rRNA m%283%29U1498 methyltransferase%2C SAM-dependent,,732.0,0,0,1,0,0,0
3089809,+,b2947,glutathione synthetase,91.0,951.0,1,0,0,0,0,0
3089980,+,b2947,glutathione synthetase,,951.0,0,0,1,0,0,0
3090768,-,b2947,glutathione synthetase,,951.0,0,0,0,1,0,1
3090922,+,b2948,hypothetical protein,37.0,564.0,1,0,0,0,0,0
3091038,-,b2948,hypothetical protein,,564.0,0,0,0,1,0,1
3091611,-,b2948,hypothetical protein,,564.0,0,0,0,1,0,1
3091918,+,b2949,putative Holliday junction resolvase,,417.0,0,0,1,0,0,0
3092712,+,b2950,putative pilus retraction ATPase,,981.0,0,0,0,1,0,1
3093082,+,b2951,putative enzyme%2C binds pyridoxal 5%27-phosphate,38.0,705.0,1,0,0,0,0,1
3093625,-,b2951,putative enzyme%2C binds pyridoxal 5%27-phosphate,,705.0,0,0,0,1,0,1
3093686,+,b2952,putative inner membrane protein,156.0,567.0,1,0,0,0,0,0
3093898,+,b2952,putative inner membrane protein,,567.0,0,0,1,0,0,0
3094051,-,b2952,putative inner membrane protein,,567.0,0,0,0,1,0,1
3094462,+,b2954,dITP%2FXTP pyrophosphatase,241.0,594.0,1,0,0,0,0,0
3094653,+,b2954,dITP%2FXTP pyrophosphatase,50.0,594.0,0,1,0,0,0,0
3094750,+,b2954,dITP%2FXTP pyrophosphatase,,594.0,0,0,1,0,0,0
3095180,+,b2955,putative oxidoreductase%2C HemN family,109.0,1137.0,1,0,0,0,0,0
3095306,+,b2955,putative oxidoreductase%2C HemN family,,1137.0,0,0,1,0,0,0
3096639,-,b2956,hypothetical protein,,1008.0,0,0,1,0,0,0
3097186,+,b2956,hypothetical protein,,1008.0,0,0,0,1,0,1
3097507,+,b2956,hypothetical protein,,1008.0,0,0,0,1,0,1
3097540,-,b2956,hypothetical protein,,1008.0,0,0,1,0,0,0
3097967,-,b2957,periplasmic L-asparaginase II,,1047.0,0,0,1,0,0,0
3097986,+,b2957,periplasmic L-asparaginase II,,1047.0,0,0,0,1,0,1
3098105,+,b2957,periplasmic L-asparaginase II,,1047.0,0,0,0,1,0,1
3098676,+,b2957,periplasmic L-asparaginase II,,1047.0,0,0,0,1,0,1
3098773,-,b2957,periplasmic L-asparaginase II,23.0,1047.0,1,0,0,0,0,0
3098804,-,b2957,periplasmic L-asparaginase II,54.0,1047.0,0,1,0,0,0,0
3098812,-,b2957,periplasmic L-asparaginase II,62.0,1047.0,0,1,0,0,0,0
3098926,+,b2958,hypothetical protein,,720.0,0,0,0,1,0,1
3098937,+,b2958,hypothetical protein,,720.0,0,0,0,1,0,1
3099155,+,b2958,hypothetical protein,,720.0,0,0,0,1,0,1
3099341,+,b2958,hypothetical protein,,720.0,0,0,0,1,0,1
3099461,-,b2958,hypothetical protein,,720.0,0,0,1,0,0,0
3099773,-,b2958,hypothetical protein,128.0,720.0,1,0,0,0,0,0
3099822,-,b2958,hypothetical protein,177.0,720.0,0,1,0,0,0,0
3099837,+,b2959,conserved protein%2C DUF469 family,,327.0,0,0,0,1,0,1
3099867,-,b2958,hypothetical protein,222.0,720.0,0,1,0,0,0,0
3099909,-,b2958,hypothetical protein,264.0,720.0,0,1,0,0,0,0
3100411,-,b2959,conserved protein%2C DUF469 family,256.0,327.0,1,0,0,0,0,0
3100908,-,b2960,tRNA m%287%29G46 methyltransferase%2C SAM-dependent,34.0,720.0,1,0,0,0,0,0
3100927,+,b2961,adenine DNA glycosylase,108.0,1053.0,0,1,0,0,0,1
3101010,+,b2961,adenine DNA glycosylase,25.0,1053.0,1,0,0,0,0,0
3101124,-,b2960,tRNA m%287%29G46 methyltransferase%2C SAM-dependent,250.0,720.0,0,1,0,0,0,1
3101492,+,b2961,adenine DNA glycosylase,,1053.0,0,0,1,0,0,0
3101820,+,b2962,protein that protects iron-sulfur proteins against oxidative damage,295.0,276.0,0,1,0,0,0,0
3101891,+,b2962,protein that protects iron-sulfur proteins against oxidative damage,224.0,276.0,0,1,0,0,0,0
3101997,-,b2961,adenine DNA glycosylase,,1053.0,0,0,0,1,0,1
3102014,+,b2962,protein that protects iron-sulfur proteins against oxidative damage,101.0,276.0,1,0,0,0,0,0
3102295,+,b2963,membrane-bound lytic murein transglycosylase C,160.0,1080.0,1,0,0,0,0,0
3102542,-,b2963,membrane-bound lytic murein transglycosylase C,,1080.0,0,0,0,1,0,1
3102580,+,b2963,membrane-bound lytic murein transglycosylase C,,1080.0,0,0,1,0,0,0
3103175,+,b2963,membrane-bound lytic murein transglycosylase C,,1080.0,0,0,1,0,0,0
3103406,+,b2963,membrane-bound lytic murein transglycosylase C,,1080.0,0,0,1,0,0,0
3103542,+,b2964,nucleoside transporter,194.0,1257.0,0,1,0,0,0,0
3103673,+,b2964,nucleoside transporter,63.0,1257.0,1,0,0,0,0,0
3103721,-,b2964,nucleoside transporter,,1257.0,0,0,0,1,0,1
3103832,+,b2964,nucleoside transporter,,1257.0,0,0,1,0,0,0
3103905,-,b2964,nucleoside transporter,,1257.0,0,0,0,1,0,1
3104165,+,b2964,nucleoside transporter,,1257.0,0,0,1,0,0,0
3104589,-,b2964,nucleoside transporter,,1257.0,0,0,0,1,0,1
3104952,+,b2964,nucleoside transporter,,1257.0,0,0,1,0,0,1
3105993,+,b2965,ornithine decarboxylase%2C constitutive,,2136.0,0,0,0,1,0,1
3106718,-,b2965,ornithine decarboxylase%2C constitutive,,2136.0,0,0,1,0,0,0
3107100,+,b2965,ornithine decarboxylase%2C constitutive,,2136.0,0,0,0,1,0,1
3107197,-,b2965,ornithine decarboxylase%2C constitutive,20.0,2136.0,0,1,0,0,0,0
3107410,+,b2966,putative inner membrane protein%2C DUF554 family,165.0,708.0,0,1,0,0,0,0
3107453,-,b2965,ornithine decarboxylase%2C constitutive,276.0,2136.0,1,0,0,0,0,0
3107546,+,b2966,putative inner membrane protein%2C DUF554 family,29.0,708.0,1,0,0,0,0,0
3108325,+,b2967,tRNA-Phe,63.0,76.0,0,1,0,0,0,0
3108385,+,b2967,tRNA-Phe,3.0,76.0,1,0,0,0,0,0
3108620,+,b2968,putative secretion pathway M-type protein%2C membrane anchored,,537.0,0,0,0,1,0,1
3109249,+,b2969,pseudo,,963.0,0,0,0,1,0,1
3109285,-,b2968,putative secretion pathway M-type protein%2C membrane anchored,137.0,537.0,1,0,0,0,0,0
3110095,-,b2969,pseudo,,963.0,0,0,1,0,0,0
3111127,+,b2971,pilotin%2C required for secretin %28GspDbeta%29 OM localization%3B part of defective Gsp-beta operon%3B verified lipoprotein,,411.0,0,0,0,1,0,1
3111168,+,b2971,pilotin%2C required for secretin %28GspDbeta%29 OM localization%3B part of defective Gsp-beta operon%3B verified lipoprotein,,411.0,0,0,0,1,0,1
3111645,-,b2971,pilotin%2C required for secretin %28GspDbeta%29 OM localization%3B part of defective Gsp-beta operon%3B verified lipoprotein,146.0,411.0,1,0,0,0,0,0
3111970,-,b2972,bifunctional prepilin leader peptidase%2F methylase,,810.0,0,0,1,0,0,0
3112163,-,b2972,bifunctional prepilin leader peptidase%2F methylase,,810.0,0,0,1,0,0,0
3112823,-,b4466,putative inner membrane lipoprotein,,4563.0,0,0,1,0,0,0
3114456,+,b4466,putative inner membrane lipoprotein,,4563.0,0,0,0,1,0,1
3114595,-,b4466,putative inner membrane lipoprotein,,4563.0,0,0,1,0,0,0
3114756,+,b4466,putative inner membrane lipoprotein,,4563.0,0,0,0,1,0,1
3115058,-,b4466,putative inner membrane lipoprotein,,4563.0,0,0,1,0,0,0
3115242,+,b4466,putative inner membrane lipoprotein,,4563.0,0,0,0,1,0,1
3116044,-,b4466,putative inner membrane lipoprotein,,4563.0,0,0,1,0,0,0
3117363,-,b4466,putative inner membrane lipoprotein,229.0,4563.0,1,0,0,0,0,0
3117658,-,b2975,glycolate transporter,,1683.0,0,0,1,0,0,0
3117996,-,b2975,glycolate transporter,,1683.0,0,0,1,0,0,0
3118409,+,b2975,glycolate transporter,,1683.0,0,0,0,1,0,1
3119019,-,b2975,glycolate transporter,,1683.0,0,0,1,0,0,0
3119115,-,b2975,glycolate transporter,,1683.0,0,0,1,0,0,0
3119131,-,b2975,glycolate transporter,,1683.0,0,0,1,0,0,0
3119165,+,b2975,glycolate transporter,,1683.0,0,0,0,1,0,1
3119349,+,b2975,glycolate transporter,,1683.0,0,0,0,1,0,1
3119436,-,b2975,glycolate transporter,135.0,1683.0,1,0,0,0,0,0
3119622,+,b2976,malate synthase G,,2172.0,0,0,0,1,0,1
3121063,+,b2976,malate synthase G,,2172.0,0,0,0,1,0,1
3121201,-,b2976,malate synthase G,,2172.0,0,0,1,0,0,0
3121224,+,b2976,malate synthase G,,2172.0,0,0,0,1,0,1
3121425,+,b2976,malate synthase G,,2172.0,0,0,0,1,0,1
3122296,+,b2977,hypothetical protein,,405.0,0,0,0,1,0,1
3122661,-,b4467,glycolate oxidase 4Fe-4S iron-sulfur cluster subunit,,1224.0,0,0,1,0,0,0
3122830,-,b4467,glycolate oxidase 4Fe-4S iron-sulfur cluster subunit,,1224.0,0,0,1,0,0,0
3125576,+,b2979,glycolate oxidase subunit%2C FAD-linked,,1500.0,0,0,0,1,0,1
3126098,-,b2979,glycolate oxidase subunit%2C FAD-linked,55.0,1500.0,1,0,0,0,0,0
3126215,+,b2980,DNA-binding transcriptional dual regulator%2C glycolate-binding,79.0,765.0,0,1,0,0,0,0
3126225,+,b2980,DNA-binding transcriptional dual regulator%2C glycolate-binding,69.0,765.0,1,0,0,0,0,0
3127433,-,b2981,pseudo,,1101.0,0,0,1,0,0,0
3128109,+,b2982,IS5 transposase and trans-activator,91.0,1017.0,0,1,0,0,0,1
3128173,+,b2982,IS5 transposase and trans-activator,27.0,1017.0,1,0,0,0,0,1
3128209,+,b2982,IS5 transposase and trans-activator,,1017.0,0,0,1,0,0,1
3129719,-,b2983,putative inner membrane protein,,1068.0,0,0,1,0,0,0
3131667,+,b2985,putative ATP-binding protein,,714.0,0,0,0,1,0,1
3132518,-,b2986,putative ATP-binding protein,,693.0,0,0,0,1,0,1
3133353,-,b2987,phosphate transporter,,1500.0,0,0,1,0,0,0
3134796,-,b2988,fused glutathionylspermidine amidase%2Fglutathionylspermidine synthetase,,1860.0,0,0,1,0,0,0
3135402,+,b2988,fused glutathionylspermidine amidase%2Fglutathionylspermidine synthetase,,1860.0,0,0,0,1,0,1
3135713,-,b2988,fused glutathionylspermidine amidase%2Fglutathionylspermidine synthetase,,1860.0,0,0,1,0,0,0
3135960,+,b2988,fused glutathionylspermidine amidase%2Fglutathionylspermidine synthetase,,1860.0,0,0,0,1,0,1
3136632,-,b2988,fused glutathionylspermidine amidase%2Fglutathionylspermidine synthetase,88.0,1860.0,1,0,0,0,0,0
3137977,-,b2990,hydrogenase 2 accessory protein,,249.0,0,0,1,0,0,0
3138235,-,b2990,hydrogenase 2 accessory protein,249.0,249.0,1,0,0,0,0,0
3138539,-,b2991,protein involved with the maturation of hydrogenases 1 and 2,199.0,342.0,1,0,0,0,0,0
3138699,+,b2992,hydrogenase 2-specific chaperone,,489.0,0,0,0,1,0,1
3139078,-,b2992,hydrogenase 2-specific chaperone,257.0,489.0,1,0,0,0,0,0
3139348,-,b2993,maturation protease for hydrogenase 2,40.0,495.0,1,0,0,0,0,0
3139525,-,b2993,maturation protease for hydrogenase 2,217.0,495.0,0,1,0,0,0,0
3139559,-,b2993,maturation protease for hydrogenase 2,251.0,495.0,0,1,0,0,0,0
3139673,-,b2994,hydrogenase 2%2C large subunit,,1704.0,0,0,1,0,0,0
3139712,+,b2994,hydrogenase 2%2C large subunit,,1704.0,0,0,0,1,0,1
3139942,-,b2994,hydrogenase 2%2C large subunit,,1704.0,0,0,1,0,0,0
3140060,+,b2994,hydrogenase 2%2C large subunit,,1704.0,0,0,0,1,0,1
3140736,+,b2994,hydrogenase 2%2C large subunit,,1704.0,0,0,0,1,0,1
3141025,-,b2994,hydrogenase 2%2C large subunit,14.0,1704.0,1,0,0,0,0,0
3142093,-,b2995,putative hydrogenase 2 cytochrome b type component,,1179.0,0,0,1,0,0,0
3142278,+,b2995,putative hydrogenase 2 cytochrome b type component,,1179.0,0,0,0,1,0,1
3143396,+,b2997,hydrogenase 2%2C small subunit,,1119.0,0,0,0,1,0,1
3144310,-,b2997,hydrogenase 2%2C small subunit,27.0,1119.0,0,1,0,0,0,0
3144427,-,b2997,hydrogenase 2%2C small subunit,144.0,1119.0,1,0,0,0,0,0
3144431,-,b2997,hydrogenase 2%2C small subunit,148.0,1119.0,0,1,0,0,0,0
3144559,+,b2998,hypothetical protein,,288.0,0,0,0,1,0,1
3144638,-,b2998,hypothetical protein,,288.0,0,0,1,0,0,0
3144792,-,b2998,hypothetical protein,33.0,288.0,1,0,0,0,0,0
3145005,-,b2998,hypothetical protein,246.0,288.0,0,1,0,0,0,0
3145704,-,b4658,pseudo,,836.0,0,0,1,0,0,0
3146031,+,b3001,L-glyceraldehyde 3-phosphate reductase,,1041.0,0,0,1,0,0,0
3147517,-,b3002,putative inner membrane protein%2C UPF0114 family,24.0,495.0,1,0,0,0,0,0
3147601,+,b3003,putative oxidoreductase,83.0,885.0,1,0,0,0,0,0
3147658,+,b3003,putative oxidoreductase,26.0,885.0,0,1,0,0,0,0
3148430,+,b3003,putative oxidoreductase,,885.0,0,0,1,0,0,0
3149227,+,b3005,membrane spanning protein in TonB-ExbB-ExbD complex,,426.0,0,0,0,1,0,1
3149262,-,b3005,membrane spanning protein in TonB-ExbB-ExbD complex,,426.0,0,0,1,0,0,0
3149688,-,b3006,membrane spanning protein in TonB-ExbB-ExbD complex,,735.0,0,0,1,0,0,0
3149952,-,b3006,membrane spanning protein in TonB-ExbB-ExbD complex,,735.0,0,0,1,0,0,0
3150054,+,b3008,cystathionine beta-lyase%2C PLP-dependent,204.0,1188.0,0,1,0,0,0,1
3150088,-,b3006,membrane spanning protein in TonB-ExbB-ExbD complex,82.0,735.0,0,1,0,0,0,0
3150230,+,b3008,cystathionine beta-lyase%2C PLP-dependent,28.0,1188.0,1,0,0,0,0,0
3150300,-,b3006,membrane spanning protein in TonB-ExbB-ExbD complex,294.0,735.0,1,0,0,0,0,1
3151008,+,b3008,cystathionine beta-lyase%2C PLP-dependent,,1188.0,0,0,1,0,0,0
3151343,-,b3008,cystathionine beta-lyase%2C PLP-dependent,,1188.0,0,0,0,1,0,1
3151438,-,b3008,cystathionine beta-lyase%2C PLP-dependent,,1188.0,0,0,0,1,0,1
3151453,+,b3009,required%2C with yqjA%2C for membrane integrity%3B inner membrane protein,132.0,660.0,0,1,0,0,0,0
3151505,+,b3009,required%2C with yqjA%2C for membrane integrity%3B inner membrane protein,80.0,660.0,0,1,0,0,0,0
3151551,+,b3009,required%2C with yqjA%2C for membrane integrity%3B inner membrane protein,34.0,660.0,1,0,0,0,0,0
3151590,-,b3009,required%2C with yqjA%2C for membrane integrity%3B inner membrane protein,,660.0,0,0,0,1,0,1
3152997,-,b3010,transcriptional activator of yqhD,,957.0,0,0,1,0,0,0
3153212,-,b3010,transcriptional activator of yqhD,,957.0,0,0,1,0,0,0
3153325,+,b3011,aldehyde reductase%2C NADPH-dependent,52.0,1164.0,1,0,0,0,0,1
3153977,-,b3011,aldehyde reductase%2C NADPH-dependent,,1164.0,0,0,0,1,0,1
3154496,+,b3012,2%2C5-diketo-D-gluconate reductase A,149.0,828.0,0,1,0,0,0,0
3154594,+,b3012,2%2C5-diketo-D-gluconate reductase A,51.0,828.0,1,0,0,0,0,0
3154692,+,b3012,2%2C5-diketo-D-gluconate reductase A,,828.0,0,0,1,0,0,0
3155569,+,b3013,hypothetical protein,103.0,927.0,1,0,0,0,0,0
3155919,+,b3013,hypothetical protein,,927.0,0,0,1,0,0,0
3156082,-,b3013,hypothetical protein,,927.0,0,0,0,1,0,1
3156211,-,b3013,hypothetical protein,,927.0,0,0,0,1,0,1
3156597,-,b3013,hypothetical protein,,927.0,0,0,0,1,0,1
3156895,-,b3014,outer membrane lipoprotein%2C Lpp paralog,,258.0,0,0,0,1,0,1
3158643,-,b4469,Radical SAM superfamily protein,,2220.0,0,0,1,0,0,0
3158953,-,b4469,Radical SAM superfamily protein,,2220.0,0,0,1,0,0,0
3159034,+,b4469,Radical SAM superfamily protein,,2220.0,0,0,0,1,0,1
3159203,-,b4469,Radical SAM superfamily protein,35.0,2220.0,1,0,0,0,0,0
3159268,-,b4469,Radical SAM superfamily protein,100.0,2220.0,0,1,0,0,0,0
3159280,+,b3017,septal ring component that protects the divisome from stress%3B multicopy suppressor of ftsI%28Ts%29,,1413.0,0,0,0,1,0,1
3159379,-,b4469,Radical SAM superfamily protein,211.0,2220.0,0,1,0,0,0,0
3160108,+,b3017,septal ring component that protects the divisome from stress%3B multicopy suppressor of ftsI%28Ts%29,,1413.0,0,0,0,1,0,1
3160418,-,b3017,septal ring component that protects the divisome from stress%3B multicopy suppressor of ftsI%28Ts%29,,1413.0,0,0,1,0,0,0
3160939,-,b3017,septal ring component that protects the divisome from stress%3B multicopy suppressor of ftsI%28Ts%29,248.0,1413.0,1,0,0,0,0,0
3160949,+,b3018,1-acyl-sn-glycerol-3-phosphate acyltransferase,,738.0,0,0,0,1,0,1
3161511,+,b3018,1-acyl-sn-glycerol-3-phosphate acyltransferase,,738.0,0,0,0,1,0,1
3161588,-,b3018,1-acyl-sn-glycerol-3-phosphate acyltransferase,85.0,738.0,1,0,0,0,0,0
3162215,-,b3019,DNA topoisomerase IV%2C subunit A,,2259.0,0,0,1,0,0,0
3162618,-,b3019,DNA topoisomerase IV%2C subunit A,,2259.0,0,0,1,0,0,0
3163010,-,b3019,DNA topoisomerase IV%2C subunit A,,2259.0,0,0,1,0,0,0
3163020,+,b3019,DNA topoisomerase IV%2C subunit A,,2259.0,0,0,0,1,0,1
3163342,+,b3019,DNA topoisomerase IV%2C subunit A,,2259.0,0,0,0,1,0,1
3164043,-,b3019,DNA topoisomerase IV%2C subunit A,48.0,2259.0,1,0,0,0,0,0
3164061,+,b3019,DNA topoisomerase IV%2C subunit A,,2259.0,0,0,0,1,0,1
3164217,-,b3019,DNA topoisomerase IV%2C subunit A,222.0,2259.0,0,1,0,0,0,0
3164417,-,b3020,putative transporter subunit: periplasmic-binding component of ABC superfamily,,1608.0,0,0,1,0,0,0
3164604,+,b3020,putative transporter subunit: periplasmic-binding component of ABC superfamily,,1608.0,0,0,0,1,0,1
3164873,+,b3020,putative transporter subunit: periplasmic-binding component of ABC superfamily,,1608.0,0,0,0,1,0,1
3165329,+,b3020,putative transporter subunit: periplasmic-binding component of ABC superfamily,,1608.0,0,0,0,1,0,1
3165452,-,b3020,putative transporter subunit: periplasmic-binding component of ABC superfamily,,1608.0,0,0,1,0,0,0
3165768,-,b3020,putative transporter subunit: periplasmic-binding component of ABC superfamily,28.0,1608.0,1,0,0,0,0,0
3166038,-,b3020,putative transporter subunit: periplasmic-binding component of ABC superfamily,298.0,1608.0,0,1,0,0,0,0
3166153,-,b3021,antitoxin for MqsR toxin%3B transcriptional repressor,,396.0,0,0,1,0,0,0
3166309,-,b3021,antitoxin for MqsR toxin%3B transcriptional repressor,41.0,396.0,0,1,0,0,0,0
3166420,-,b3021,antitoxin for MqsR toxin%3B transcriptional repressor,152.0,396.0,1,0,0,0,0,0
3166538,+,b3022,GCU-specific mRNA interferase toxin of the MqsR-MqsA toxin-antitoxin system%3B biofilm%2Fmotility regulator%3B anti-repressor,,297.0,0,0,0,1,0,1
3166584,-,b3022,GCU-specific mRNA interferase toxin of the MqsR-MqsA toxin-antitoxin system%3B biofilm%2Fmotility regulator%3B anti-repressor,18.0,297.0,1,0,0,0,0,0
3167263,+,b3023,transcriptional repressor for mcbR biofilm gene,,483.0,0,0,0,1,0,1
3167437,-,b3023,transcriptional repressor for mcbR biofilm gene,184.0,483.0,1,0,0,0,0,0
3168131,-,b3025,quorum sensing DNA-binding response regulator in two-component regulatory system with QseC,,660.0,0,0,0,1,0,1
3168485,-,b3025,quorum sensing DNA-binding response regulator in two-component regulatory system with QseC,,660.0,0,0,0,1,0,1
3168562,+,b3026,quorum sensing sensory histidine kinase in two-component regulatory system with QseB,,1350.0,0,0,1,0,0,0
3168803,+,b3026,quorum sensing sensory histidine kinase in two-component regulatory system with QseB,,1350.0,0,0,1,0,0,0
3168814,-,b3026,quorum sensing sensory histidine kinase in two-component regulatory system with QseB,,1350.0,0,0,0,1,0,1
3169467,-,b3026,quorum sensing sensory histidine kinase in two-component regulatory system with QseB,,1350.0,0,0,0,1,0,1
3171102,+,b3029,quinol monooxygenase,62.0,315.0,1,0,0,0,0,0
3171250,+,b3029,quinol monooxygenase,,315.0,0,0,1,0,0,0
3171327,-,b3029,quinol monooxygenase,,315.0,0,0,0,1,0,1
3171957,-,b3030,DNA topoisomerase IV%2C subunit B,,1893.0,0,0,1,0,0,0
3172080,-,b3030,DNA topoisomerase IV%2C subunit B,,1893.0,0,0,1,0,0,0
3172117,+,b3030,DNA topoisomerase IV%2C subunit B,,1893.0,0,0,0,1,0,1
3172345,-,b3030,DNA topoisomerase IV%2C subunit B,,1893.0,0,0,1,0,0,0
3172929,-,b3030,DNA topoisomerase IV%2C subunit B,,1893.0,0,0,1,0,0,0
3173255,+,b3030,DNA topoisomerase IV%2C subunit B,,1893.0,0,0,0,1,0,1
3173667,-,b3030,DNA topoisomerase IV%2C subunit B,249.0,1893.0,1,0,0,0,0,0
3174646,-,b3032,3%27%2C5%27 cAMP phosphodiesterase,,828.0,0,0,1,0,0,0
3174943,-,b3032,3%27%2C5%27 cAMP phosphodiesterase,88.0,828.0,0,1,0,0,0,0
3174987,-,b3032,3%27%2C5%27 cAMP phosphodiesterase,132.0,828.0,1,0,0,0,0,0
3174999,+,b3033,DUF1249 protein YqiB,,423.0,0,0,0,1,0,1
3175050,-,b3032,3%27%2C5%27 cAMP phosphodiesterase,195.0,828.0,0,1,0,0,0,0
3175128,-,b3032,3%27%2C5%27 cAMP phosphodiesterase,273.0,828.0,0,1,0,0,0,0
3175207,+,b3033,DUF1249 protein YqiB,,423.0,0,0,0,1,0,1
3175537,-,b3033,DUF1249 protein YqiB,235.0,423.0,1,0,0,0,0,0
3175732,-,b3034,ADP-ribose pyrophosphatase,,630.0,0,0,1,0,0,0
3175837,+,b3035,transport channel,300.0,1482.0,0,1,0,0,0,1
3175888,+,b3035,transport channel,249.0,1482.0,1,0,0,0,0,1
3176015,-,b3034,ADP-ribose pyrophosphatase,83.0,630.0,0,1,0,0,0,0
3176023,+,b3035,transport channel,114.0,1482.0,0,1,0,0,0,1
3176096,+,b3035,transport channel,41.0,1482.0,0,1,0,0,0,0
3176210,-,b3034,ADP-ribose pyrophosphatase,278.0,630.0,1,0,0,0,0,1
3176376,-,b3035,transport channel,,1482.0,0,0,0,1,0,1
3176512,-,b3035,transport channel,,1482.0,0,0,0,1,0,1
3176547,-,b3035,transport channel,,1482.0,0,0,0,1,0,1
3176676,-,b3035,transport channel,,1482.0,0,0,0,1,0,1
3177733,+,b3037,conserved protein%2C UPF0441 family,33.0,672.0,0,1,0,0,0,0
3177739,+,b3037,conserved protein%2C UPF0441 family,27.0,672.0,1,0,0,0,0,0
3178234,-,b3037,conserved protein%2C UPF0441 family,,672.0,0,0,0,1,0,1
3178466,+,b3038,glutathionylspermidine synthase homolog,,1161.0,0,0,1,0,0,0
3178808,+,b3038,glutathionylspermidine synthase homolog,,1161.0,0,0,1,0,0,0
3178883,-,b3038,glutathionylspermidine synthase homolog,,1161.0,0,0,0,1,0,1
3179061,-,b3038,glutathionylspermidine synthase homolog,,1161.0,0,0,0,1,0,1
3179222,-,b3038,glutathionylspermidine synthase homolog,,1161.0,0,0,0,1,0,1
3179797,+,b3039,putative dioxygenase%2C LigB family,,789.0,0,0,0,1,0,1
3179868,+,b3039,putative dioxygenase%2C LigB family,,789.0,0,0,0,1,0,1
3180054,-,b3039,putative dioxygenase%2C LigB family,,789.0,0,0,1,0,0,0
3180191,-,b3039,putative dioxygenase%2C LigB family,,789.0,0,0,1,0,0,0
3180424,-,b3039,putative dioxygenase%2C LigB family,,789.0,0,0,1,0,0,0
3180446,+,b3040,zinc transporter,126.0,774.0,1,0,0,0,0,1
3180859,+,b3040,zinc transporter,,774.0,0,0,1,0,0,0
3181400,-,b3040,zinc transporter,,774.0,0,0,0,1,0,1
3181937,+,b3041,3%2C4-dihydroxy-2-butanone-4-phosphate synthase,,654.0,0,0,0,1,0,1
3181964,-,b3041,3%2C4-dihydroxy-2-butanone-4-phosphate synthase,,654.0,0,0,1,0,0,0
3182020,-,b3041,3%2C4-dihydroxy-2-butanone-4-phosphate synthase,,654.0,0,0,1,0,0,0
3182285,-,b3041,3%2C4-dihydroxy-2-butanone-4-phosphate synthase,,654.0,0,0,1,0,0,0
3182350,-,b3041,3%2C4-dihydroxy-2-butanone-4-phosphate synthase,,654.0,0,0,1,0,0,0
3182740,-,b3041,3%2C4-dihydroxy-2-butanone-4-phosphate synthase,252.0,654.0,1,0,0,0,0,0
3183102,+,b3042,hypothetical protein,,291.0,0,0,1,0,0,0
3183209,-,b3042,hypothetical protein,,291.0,0,0,0,1,0,1
3184181,+,b3044,IS2 repressor TnpA,28.0,366.0,1,0,0,0,0,0
3184493,+,b3045,IS2 transposase TnpB,39.0,906.0,1,0,0,0,0,0
3184667,-,b3044,IS2 repressor TnpA,,366.0,0,0,0,1,0,1
3184679,+,b3045,IS2 transposase TnpB,,906.0,0,0,1,0,0,0
3185321,-,b3045,IS2 transposase TnpB,,906.0,0,0,0,1,0,1
3185462,+,b3046,pseudo,,2445.0,0,0,1,0,0,0
3185933,+,b3046,pseudo,,2445.0,0,0,1,0,0,0
3186207,+,b3046,pseudo,,2445.0,0,0,1,0,0,0
3186357,+,b3046,pseudo,,2445.0,0,0,1,0,0,0
3186431,+,b3046,pseudo,,2445.0,0,0,1,0,0,0
3186658,+,b3046,pseudo,,2445.0,0,0,1,0,0,0
3187767,-,b3046,pseudo,,2445.0,0,0,0,1,0,1
3187854,-,b3046,pseudo,,2445.0,0,0,0,1,0,1
3187938,+,b3047,putative periplasmic pilin chaperone,,750.0,0,0,1,0,0,0
3187995,-,b3047,putative periplasmic pilin chaperone,,750.0,0,0,0,1,0,1
3188460,-,b3047,putative periplasmic pilin chaperone,,750.0,0,0,0,1,0,1
3188898,-,b3048,hypothetical protein,,1065.0,0,0,0,1,0,1
3188954,+,b3048,hypothetical protein,,1065.0,0,0,1,0,0,0
3188969,+,b3048,hypothetical protein,,1065.0,0,0,1,0,0,0
3189141,-,b3048,hypothetical protein,,1065.0,0,0,0,1,0,1
3189442,-,b3048,hypothetical protein,,1065.0,0,0,0,1,0,1
3189724,+,b3049,putative glycogen synthesis protein,,201.0,0,0,0,1,0,1
3190361,-,b3050,inner membrane protein%2C DUF1449 family,,630.0,0,0,0,1,0,1
3190629,+,b3051,PHB family membrane protein%2C function unknown,257.0,1662.0,1,0,0,0,0,0
3192134,-,b3051,PHB family membrane protein%2C function unknown,,1662.0,0,0,0,1,0,1
3192586,-,b3051,PHB family membrane protein%2C function unknown,,1662.0,0,0,0,1,0,1
3192723,+,b4664,toxic membrane protein,65.0,60.0,1,0,0,0,0,1
3192887,-,b4447,sRNA antisense regulator of toxic IbsD protein,0.0,143.0,1,0,0,0,0,1
3192963,-,b4447,sRNA antisense regulator of toxic IbsD protein,76.0,143.0,0,1,0,0,0,0
3193100,+,b4666,toxic membrane protein,63.0,60.0,1,0,0,0,0,1
3193262,-,b4611,sRNA antisense regulator of toxic IbsE protein,0.0,142.0,1,0,0,0,0,1
3194079,+,b3052,fused heptose 7-phosphate kinase%2Fheptose 1-phosphate adenyltransferase,,1434.0,0,0,0,1,0,1
3195953,+,b3053,fused deadenylyltransferase%2Fadenylyltransferase for glutamine synthetase,,2841.0,0,0,0,1,0,1
3196731,+,b3053,fused deadenylyltransferase%2Fadenylyltransferase for glutamine synthetase,,2841.0,0,0,0,1,0,1
3197713,-,b3053,fused deadenylyltransferase%2Fadenylyltransferase for glutamine synthetase,50.0,2841.0,0,1,0,0,0,0
3197823,-,b3053,fused deadenylyltransferase%2Fadenylyltransferase for glutamine synthetase,160.0,2841.0,1,0,0,0,0,0
3198954,-,b3054,putative adenylate cyclase,,1302.0,0,0,1,0,0,0
3199006,+,b3055,SH3 domain protein,223.0,621.0,0,1,0,0,0,1
3199054,-,b3054,putative adenylate cyclase,67.0,1302.0,1,0,0,0,0,0
3199058,-,b3054,putative adenylate cyclase,71.0,1302.0,0,1,0,0,0,0
3199064,+,b3055,SH3 domain protein,165.0,621.0,1,0,0,0,0,1
3199390,-,b3055,SH3 domain protein,,621.0,0,0,0,1,0,1
3199696,-,b3055,SH3 domain protein,,621.0,0,0,0,1,0,1
3199811,+,b3056,fused tRNA nucleotidyl transferase%2F2%273%27-cyclic phosphodiesterase%2F2%27nucleotidase and phosphatase,102.0,1239.0,0,1,0,0,0,0
3199888,+,b3056,fused tRNA nucleotidyl transferase%2F2%273%27-cyclic phosphodiesterase%2F2%27nucleotidase and phosphatase,25.0,1239.0,1,0,0,0,0,0
3201355,-,b3057,undecaprenyl pyrophosphate phosphatase,,822.0,0,0,1,0,0,0
3201872,-,b3057,undecaprenyl pyrophosphate phosphatase,,822.0,0,0,1,0,0,0
3202205,-,b3057,undecaprenyl pyrophosphate phosphatase,52.0,822.0,1,0,0,0,0,0
3202246,-,b3057,undecaprenyl pyrophosphate phosphatase,93.0,822.0,0,1,0,0,0,0
3202443,-,b3057,undecaprenyl pyrophosphate phosphatase,290.0,822.0,0,1,0,0,0,0
3202606,+,b3059,putative glycerol-3-phosphate acyltransferase,110.0,618.0,0,1,0,0,0,1
3202659,-,b3058,bifunctional dihydroneopterin aldolase%2Fdihydroneopterin triphosphate 2%27-epimerase,48.0,369.0,1,0,0,0,0,1
3202677,+,b3059,putative glycerol-3-phosphate acyltransferase,39.0,618.0,1,0,0,0,0,1
3203459,-,b3060,transcriptional activator of ttdABT,,933.0,0,0,1,0,0,0
3203481,-,b3060,transcriptional activator of ttdABT,,933.0,0,0,1,0,0,0
3203598,+,b3060,transcriptional activator of ttdABT,,933.0,0,0,0,1,0,1
3203737,-,b3060,transcriptional activator of ttdABT,,933.0,0,0,1,0,0,0
3203817,+,b3060,transcriptional activator of ttdABT,,933.0,0,0,0,1,0,1
3204301,-,b3060,transcriptional activator of ttdABT,23.0,933.0,1,0,0,0,0,0
3204601,+,b3061,L-tartrate dehydratase%2C alpha subunit,,912.0,0,0,1,0,0,0
3204921,-,b3061,L-tartrate dehydratase%2C alpha subunit,,912.0,0,0,0,1,0,1
3206093,-,b3062,L-tartrate dehydratase%2C beta subunit,,606.0,0,0,0,1,0,1
3206111,+,b3063,L-tartrate%2Fsuccinate antiporte,,1464.0,0,0,1,0,0,0
3206419,-,b3063,L-tartrate%2Fsuccinate antiporte,,1464.0,0,0,0,1,0,1
3207231,+,b3063,L-tartrate%2Fsuccinate antiporte,,1464.0,0,0,1,0,0,0
3207461,+,b3063,L-tartrate%2Fsuccinate antiporte,,1464.0,0,0,1,0,0,1
3207659,-,b3064,tRNA%28ANN%29 t%286%29A37 threonylcarbamoyladenosine modification protein%3B glycation binding protein,,1014.0,0,0,1,0,0,0
3208669,+,b3065,30S ribosomal subunit protein S21,134.0,216.0,1,0,0,0,0,0
3209176,-,b3066,DNA primase,,1746.0,0,0,0,1,0,1
3209290,-,b3066,DNA primase,,1746.0,0,0,0,1,0,1
3209930,+,b3066,DNA primase,,1746.0,0,0,1,0,0,0
3209956,-,b3066,DNA primase,,1746.0,0,0,0,1,0,1
3210496,+,b3066,DNA primase,,1746.0,0,0,1,0,0,0
3210608,+,b3066,DNA primase,,1746.0,0,0,1,0,0,0
3210710,+,b3066,DNA primase,,1746.0,0,0,1,0,0,0
3211746,-,b3067,RNA polymerase%2C sigma 70 %28sigma D%29 factor,,1842.0,0,0,0,1,0,1
3213518,-,b3068,G%2FU mismatch-specific DNA glycosylase%3B xanthine DNA glycosylase,23.0,507.0,1,0,0,0,0,0
3213618,+,b3069,tRNA-Ile,2.0,76.0,1,0,0,0,0,0
3213648,-,b3068,G%2FU mismatch-specific DNA glycosylase%3B xanthine DNA glycosylase,153.0,507.0,0,1,0,0,0,1
3213826,-,b3070,putative siderophore interacting protein,,765.0,0,0,1,0,0,0
3214775,+,b3071,putative transcriptional regulator%2C PadR family,26.0,624.0,1,0,0,0,0,0
3215804,+,b3072,fused signal transducer for aerotaxis sensory component%2Fmethyl accepting chemotaxis component,,1521.0,0,0,0,1,0,1
3216497,-,b3072,fused signal transducer for aerotaxis sensory component%2Fmethyl accepting chemotaxis component,,1521.0,0,0,1,0,0,0
3217140,-,b3072,fused signal transducer for aerotaxis sensory component%2Fmethyl accepting chemotaxis component,42.0,1521.0,1,0,0,0,0,0
3217248,-,b3072,fused signal transducer for aerotaxis sensory component%2Fmethyl accepting chemotaxis component,150.0,1521.0,0,1,0,0,0,0
3217252,+,b3073,putrescine:2-oxoglutaric acid aminotransferase%2C PLP-dependent,264.0,1380.0,1,0,0,0,0,0
3217266,+,b3073,putrescine:2-oxoglutaric acid aminotransferase%2C PLP-dependent,250.0,1380.0,0,1,0,0,0,0
3217368,-,b3072,fused signal transducer for aerotaxis sensory component%2Fmethyl accepting chemotaxis component,270.0,1521.0,0,1,0,0,0,0
3217375,-,b3072,fused signal transducer for aerotaxis sensory component%2Fmethyl accepting chemotaxis component,277.0,1521.0,0,1,0,0,0,0
3217398,-,b3072,fused signal transducer for aerotaxis sensory component%2Fmethyl accepting chemotaxis component,300.0,1521.0,0,1,0,0,0,0
3217481,+,b3073,putrescine:2-oxoglutaric acid aminotransferase%2C PLP-dependent,35.0,1380.0,0,1,0,0,0,0
3217663,-,b3073,putrescine:2-oxoglutaric acid aminotransferase%2C PLP-dependent,,1380.0,0,0,0,1,0,1
3217755,-,b3073,putrescine:2-oxoglutaric acid aminotransferase%2C PLP-dependent,,1380.0,0,0,0,1,0,1
3217994,-,b3073,putrescine:2-oxoglutaric acid aminotransferase%2C PLP-dependent,,1380.0,0,0,0,1,0,1
3218731,+,b3073,putrescine:2-oxoglutaric acid aminotransferase%2C PLP-dependent,,1380.0,0,0,1,0,0,0
3219392,+,b3075,DNA-binding transcriptional repressor,96.0,984.0,0,1,0,0,0,0
3219459,+,b3075,DNA-binding transcriptional repressor,29.0,984.0,1,0,0,0,0,0
3219963,-,b3075,DNA-binding transcriptional repressor,,984.0,0,0,0,1,0,1
3220370,+,b3076,cryptic beta-D-galactosidase%2C alpha subunit,285.0,3093.0,1,0,0,0,0,0
3220793,-,b3076,cryptic beta-D-galactosidase%2C alpha subunit,,3093.0,0,0,0,1,0,1
3221492,+,b3076,cryptic beta-D-galactosidase%2C alpha subunit,,3093.0,0,0,1,0,0,0
3221747,-,b3076,cryptic beta-D-galactosidase%2C alpha subunit,,3093.0,0,0,0,1,0,1
3221875,-,b3076,cryptic beta-D-galactosidase%2C alpha subunit,,3093.0,0,0,0,1,0,1
3222347,+,b3076,cryptic beta-D-galactosidase%2C alpha subunit,,3093.0,0,0,1,0,0,0
3223291,-,b3076,cryptic beta-D-galactosidase%2C alpha subunit,,3093.0,0,0,0,1,0,1
3225340,-,b3078,putative transporter,,1434.0,0,0,0,1,0,1
3228174,-,b3080,alpha-glucosidase,,2352.0,0,0,0,1,0,1
3229246,+,b3080,alpha-glucosidase,,2352.0,0,0,1,0,0,0
3229646,+,b3081,2%2C4-dienoyl-CoA reductase%2C NADH and FMN-linked,41.0,2019.0,1,0,0,0,0,0
3230331,+,b3081,2%2C4-dienoyl-CoA reductase%2C NADH and FMN-linked,,2019.0,0,0,1,0,0,0
3230897,+,b3081,2%2C4-dienoyl-CoA reductase%2C NADH and FMN-linked,,2019.0,0,0,1,0,0,0
3231990,-,b3082,antitoxinof the HigB-HigA toxin-antitoxin system,,417.0,0,0,1,0,0,0
3232195,-,b3082,antitoxinof the HigB-HigA toxin-antitoxin system,29.0,417.0,1,0,0,0,0,0
3232294,-,b3082,antitoxinof the HigB-HigA toxin-antitoxin system,128.0,417.0,0,1,0,0,0,0
3232502,-,b3083,mRNA interferase toxin of the HigB-HigA toxin-antitoxin system,25.0,315.0,1,0,0,0,0,0
3232555,-,b3083,mRNA interferase toxin of the HigB-HigA toxin-antitoxin system,78.0,315.0,0,1,0,0,0,0
3232588,-,b3083,mRNA interferase toxin of the HigB-HigA toxin-antitoxin system,111.0,315.0,0,1,0,0,0,0
3232782,-,b3084,23S rRNA m%282%29G1835 methyltransferase%2C SAM-dependent,,1137.0,0,0,1,0,0,0
3233926,+,b3085,putative metal dependent hydrolase,56.0,504.0,1,0,0,0,0,1
3233943,-,b3084,23S rRNA m%282%29G1835 methyltransferase%2C SAM-dependent,46.0,1137.0,1,0,0,0,0,1
3234129,-,b3084,23S rRNA m%282%29G1835 methyltransferase%2C SAM-dependent,232.0,1137.0,0,1,0,0,0,1
3234362,-,b3085,putative metal dependent hydrolase,,504.0,0,0,0,1,0,1
3234536,+,b3086,conserved protein%2C SanA family%2C DUF218 superfamily,26.0,693.0,1,0,0,0,0,0
3235345,+,b3087,putative NAD%28P%29-binding dehydrogenase,,987.0,0,0,1,0,0,0
3235602,+,b3087,putative NAD%28P%29-binding dehydrogenase,,987.0,0,0,1,0,0,0
3236113,+,b3087,putative NAD%28P%29-binding dehydrogenase,,987.0,0,0,1,0,0,0
3236167,+,b3087,putative NAD%28P%29-binding dehydrogenase,,987.0,0,0,1,0,0,0
3236304,-,b3087,putative NAD%28P%29-binding dehydrogenase,,987.0,0,0,0,1,0,1
3236322,+,b3088,inner membrane protein%2C part of terminus,280.0,966.0,0,1,0,0,0,0
3236396,+,b3088,inner membrane protein%2C part of terminus,206.0,966.0,1,0,0,0,0,0
3237039,+,b3088,inner membrane protein%2C part of terminus,,966.0,0,0,1,0,0,0
3237528,+,b3088,inner membrane protein%2C part of terminus,,966.0,0,0,1,0,0,0
3237885,+,b3089,sodium:serine%2Fthreonine symporter,81.0,1245.0,1,0,0,0,0,0
3239099,+,b3089,sodium:serine%2Fthreonine symporter,,1245.0,0,0,1,0,0,0
3239801,-,b3090,inner membrane protein%2C Imp-YgjV family,35.0,552.0,1,0,0,0,0,0
3239989,+,b3091,altronate hydrolase,,1488.0,0,0,0,1,0,1
3241243,-,b3091,altronate hydrolase,,1488.0,0,0,1,0,0,0
3242809,-,b3092,uronate isomerase,46.0,1413.0,1,0,0,0,0,0
3243026,+,b3093,hexuronate transporter,100.0,1419.0,1,0,0,0,0,0
3243404,+,b3093,hexuronate transporter,,1419.0,0,0,1,0,0,0
3243759,+,b3093,hexuronate transporter,,1419.0,0,0,1,0,0,0
3243842,-,b3093,hexuronate transporter,,1419.0,0,0,0,1,0,1
3243859,+,b3093,hexuronate transporter,,1419.0,0,0,1,0,0,0
3243989,+,b3093,hexuronate transporter,,1419.0,0,0,1,0,0,0
3244163,+,b3093,hexuronate transporter,,1419.0,0,0,1,0,0,0
3244646,+,b3094,DNA-binding transcriptional repressor,28.0,777.0,1,0,0,0,0,0
3244826,-,b3094,DNA-binding transcriptional repressor,,777.0,0,0,0,1,0,1
3244985,-,b3094,DNA-binding transcriptional repressor,,777.0,0,0,0,1,0,1
3245499,-,b3094,DNA-binding transcriptional repressor,,777.0,0,0,0,1,0,1
3245572,+,b3095,required%2C with yghB%2C for membrane integrity%3B inner membrane protein,223.0,663.0,1,0,0,0,0,0
3245623,+,b3095,required%2C with yghB%2C for membrane integrity%3B inner membrane protein,172.0,663.0,0,1,0,0,0,0
3246156,-,b3095,required%2C with yghB%2C for membrane integrity%3B inner membrane protein,,663.0,0,0,0,1,0,1
3246864,-,b3096,modulator of EnvZ%2FOmpR regulon,,384.0,0,0,0,1,0,1
3246910,+,b3097,hypothetical protein,81.0,369.0,1,0,0,0,0,0
3247520,+,b3099,inner membrane protein%2C DUF1469 family,185.0,405.0,1,0,0,0,0,0
3248243,+,b3100,hypothetical protein,,300.0,0,0,1,0,0,0
3248600,+,b3101,putative quinol oxidase subunit,,393.0,0,0,1,0,0,0
3248831,-,b3101,putative quinol oxidase subunit,,393.0,0,0,0,1,0,1
3248998,+,b3102,putative S-transferase,48.0,987.0,1,0,0,0,0,0
3249078,-,b3102,putative S-transferase,,987.0,0,0,0,1,0,1
3249098,+,b3102,putative S-transferase,,987.0,0,0,1,0,0,0
3249616,+,b3102,putative S-transferase,,987.0,0,0,1,0,0,0
3250262,+,b3103,inner membrane protein%2C DUF805 family,64.0,366.0,0,1,0,0,0,0
3250285,+,b3103,inner membrane protein%2C DUF805 family,41.0,366.0,1,0,0,0,0,0
3250598,+,b3103,inner membrane protein%2C DUF805 family,,366.0,0,0,1,0,0,0
3250728,-,b3103,inner membrane protein%2C DUF805 family,,366.0,0,0,0,1,0,1
3252068,+,b3106,redox-sensitive bicupin,273.0,702.0,0,1,0,0,0,1
3252264,-,b3105,putative DNA-binding transcriptional regulator,28.0,897.0,1,0,0,0,0,1
3252301,-,b3105,putative DNA-binding transcriptional regulator,65.0,897.0,0,1,0,0,0,1
3252319,+,b3106,redox-sensitive bicupin,22.0,702.0,1,0,0,0,0,1
3252354,+,b3106,redox-sensitive bicupin,,702.0,0,0,1,0,0,0
3252416,+,b3106,redox-sensitive bicupin,,702.0,0,0,1,0,0,0
3252456,+,b3106,redox-sensitive bicupin,,702.0,0,0,1,0,0,0
3252524,-,b3105,putative DNA-binding transcriptional regulator,288.0,897.0,0,1,0,0,0,1
3253037,+,b3107,hypothetical protein,28.0,165.0,1,0,0,0,0,0
3253602,-,b4470,hypothetical protein,,1311.0,0,0,1,0,0,0
3254032,-,b4470,hypothetical protein,,1311.0,0,0,1,0,0,0
3254308,-,b4470,hypothetical protein,,1311.0,0,0,1,0,0,0
3254797,+,b3110,putative transporter,,1332.0,0,0,0,1,0,1
3255250,+,b3110,putative transporter,,1332.0,0,0,0,1,0,1
3256073,+,b3110,putative transporter,,1332.0,0,0,0,1,0,1
3256128,-,b3110,putative transporter,96.0,1332.0,1,0,0,0,0,0
3256682,-,b4471,L-serine dehydratase 3,,1365.0,0,0,1,0,0,0
3257323,-,b4471,L-serine dehydratase 3,,1365.0,0,0,1,0,0,0
3258259,+,b3114,pyruvate formate-lyase 4%2F2-ketobutyrate formate-lyase,,2295.0,0,0,0,1,0,1
3258928,-,b3114,pyruvate formate-lyase 4%2F2-ketobutyrate formate-lyase,,2295.0,0,0,1,0,0,0
3259470,-,b3114,pyruvate formate-lyase 4%2F2-ketobutyrate formate-lyase,,2295.0,0,0,1,0,0,0
3260171,+,b3114,pyruvate formate-lyase 4%2F2-ketobutyrate formate-lyase,,2295.0,0,0,0,1,0,1
3260338,+,b3114,pyruvate formate-lyase 4%2F2-ketobutyrate formate-lyase,,2295.0,0,0,0,1,0,1
3261722,+,b3115,propionate kinase%2Facetate kinase C%2C anaerobic,,1209.0,0,0,0,1,0,1
3261944,-,b3115,propionate kinase%2Facetate kinase C%2C anaerobic,262.0,1209.0,1,0,0,0,0,0
3262676,-,b3116,L-threonine%2FL-serine transporter,,1332.0,0,0,1,0,0,0
3263033,-,b3116,L-threonine%2FL-serine transporter,,1332.0,0,0,1,0,0,0
3263232,-,b3116,L-threonine%2FL-serine transporter,193.0,1332.0,1,0,0,0,0,0
3263616,+,b3117,catabolic threonine dehydratase%2C PLP-dependent,,990.0,0,0,0,1,0,1
3263847,-,b3117,catabolic threonine dehydratase%2C PLP-dependent,,990.0,0,0,1,0,0,0
3265115,-,b3118,DNA-binding transcriptional activator,28.0,939.0,1,0,0,0,0,0
3265855,+,b3120,hypothetical protein,21.0,540.0,1,0,0,0,0,0
3266164,-,b3120,hypothetical protein,,540.0,0,0,0,1,0,1
3266745,-,b3121,hypothetical protein,,1188.0,0,0,0,1,0,1
3268614,-,b3123,RNase P%2C M1 RNA component,0.0,377.0,1,0,0,0,0,0
3268799,-,b3123,RNase P%2C M1 RNA component,185.0,377.0,0,1,0,0,0,0
3270326,-,b3125,tartronate semialdehyde reductase,,885.0,0,0,1,0,0,0
3270551,+,b3125,tartronate semialdehyde reductase,,885.0,0,0,0,1,0,1
3272296,+,b3127,putative %28D%29-galactarate transporter,,1335.0,0,0,0,1,0,1
3273092,+,b3128,%28D%29-galactarate dehydrogenase,212.0,1572.0,0,1,0,0,0,0
3273229,+,b3128,%28D%29-galactarate dehydrogenase,75.0,1572.0,1,0,0,0,0,0
3273509,+,b3128,%28D%29-galactarate dehydrogenase,,1572.0,0,0,1,0,0,0
3273773,+,b3128,%28D%29-galactarate dehydrogenase,,1572.0,0,0,1,0,0,0
3274369,+,b3128,%28D%29-galactarate dehydrogenase,,1572.0,0,0,1,0,0,0
3274714,+,b3128,%28D%29-galactarate dehydrogenase,,1572.0,0,0,1,0,0,0
3274944,-,b3128,%28D%29-galactarate dehydrogenase,,1572.0,0,0,0,1,0,1
3274962,+,b3129,antitoxin of the SohA%28PrlF%29-YhaV toxin-antitoxin system,62.0,336.0,1,0,0,0,0,0
3274994,+,b3129,antitoxin of the SohA%28PrlF%29-YhaV toxin-antitoxin system,30.0,336.0,0,1,0,0,0,0
3275204,-,b3129,antitoxin of the SohA%28PrlF%29-YhaV toxin-antitoxin system,,336.0,0,0,0,1,0,1
3275220,-,b3129,antitoxin of the SohA%28PrlF%29-YhaV toxin-antitoxin system,,336.0,0,0,0,1,0,1
3275367,+,b3130,toxin of the SohB%28PrlF%29-YhaV toxin-antitoxin system,,465.0,0,0,1,0,0,0
3275413,-,b3129,antitoxin of the SohA%28PrlF%29-YhaV toxin-antitoxin system,,336.0,0,0,0,1,0,1
3275522,-,b3130,toxin of the SohB%28PrlF%29-YhaV toxin-antitoxin system,,465.0,0,0,0,1,0,1
3276007,+,b3131,DNA-binding transcriptional repressor of the aga regulon,,810.0,0,0,0,1,0,1
3276345,-,b3131,DNA-binding transcriptional repressor of the aga regulon,,810.0,0,0,1,0,0,0
3276559,-,b3131,DNA-binding transcriptional repressor of the aga regulon,,810.0,0,0,1,0,0,0
3277265,-,b3132,tagatose 6-phosphate aldolase 1%2C kbaZ subunit,,1281.0,0,0,0,1,0,1
3278151,-,b3132,tagatose 6-phosphate aldolase 1%2C kbaZ subunit,,1281.0,0,0,0,1,0,1
3278547,-,b3133,N-acetylgalactosamine-specific enzyme IIB component of PTS,,474.0,0,0,0,1,0,1
3278863,-,b3134,pseudo,,375.0,0,0,0,1,0,1
3279467,+,b3135,pseudo,,555.0,0,0,1,0,0,0
3281376,-,b3137,tagatose 6-phosphate aldolase 1%2C kbaY subunit,,861.0,0,0,0,1,0,1
3282135,-,b3138,N-acetylgalactosamine-specific enzyme IIB component of PTS,,477.0,0,0,0,1,0,1
3282888,+,b3139,N-acetylgalactosamine-specific enzyme IIC component of PTS,,804.0,0,0,1,0,0,0
3284073,-,b3140,N-acetylgalactosamine-specific enzyme IID component of PTS,,792.0,0,0,0,1,0,1
3284361,-,b3140,N-acetylgalactosamine-specific enzyme IID component of PTS,,792.0,0,0,0,1,0,1
3285595,+,b3142,putative fimbrial-like adhesin protein,,585.0,0,0,1,0,0,0
3285876,-,b3142,putative fimbrial-like adhesin protein,,585.0,0,0,0,1,0,1
3286207,-,b3143,putative periplasmic pilin chaperone,,696.0,0,0,0,1,0,1
3286805,-,b3143,putative periplasmic pilin chaperone,,696.0,0,0,0,1,0,1
3286970,-,b3144,putative outer membrane protein,,2517.0,0,0,0,1,0,1
3287215,-,b3144,putative outer membrane protein,,2517.0,0,0,0,1,0,1
3287314,-,b3144,putative outer membrane protein,,2517.0,0,0,0,1,0,1
3287439,-,b3144,putative outer membrane protein,,2517.0,0,0,0,1,0,1
3287486,+,b3144,putative outer membrane protein,,2517.0,0,0,1,0,0,0
3287684,+,b3144,putative outer membrane protein,,2517.0,0,0,1,0,0,0
3287720,-,b3144,putative outer membrane protein,,2517.0,0,0,0,1,0,1
3287928,-,b3144,putative outer membrane protein,,2517.0,0,0,0,1,0,1
3288263,-,b3144,putative outer membrane protein,,2517.0,0,0,0,1,0,1
3288511,+,b3144,putative outer membrane protein,,2517.0,0,0,1,0,0,0
3288890,-,b3144,putative outer membrane protein,,2517.0,0,0,0,1,0,1
3289070,+,b3145,putative fimbrial-like adhesin protein,293.0,1092.0,0,1,0,0,0,0
3289196,-,b3144,putative outer membrane protein,,2517.0,0,0,0,1,0,1
3289214,+,b3145,putative fimbrial-like adhesin protein,149.0,1092.0,1,0,0,0,0,0
3289220,-,b3144,putative outer membrane protein,,2517.0,0,0,0,1,0,1
3289609,+,b3145,putative fimbrial-like adhesin protein,,1092.0,0,0,1,0,0,0
3289643,-,b3145,putative fimbrial-like adhesin protein,,1092.0,0,0,0,1,0,1
3290076,-,b3145,putative fimbrial-like adhesin protein,,1092.0,0,0,0,1,0,1
3290167,+,b3145,putative fimbrial-like adhesin protein,,1092.0,0,0,1,0,0,0
3291235,+,b3147,hypothetical protein,187.0,2037.0,0,1,0,0,0,1
3291391,+,b3147,hypothetical protein,31.0,2037.0,1,0,0,0,0,1
3291591,-,b3146,16S rRNA C1402 2%27-O-ribose methyltransferase%2C SAM-dependent,234.0,861.0,1,0,0,0,0,1
3292496,-,b3147,hypothetical protein,,2037.0,0,0,0,1,0,1
3292525,-,b3147,hypothetical protein,,2037.0,0,0,0,1,0,1
3293721,+,b3149,DnaA initiator-associating factor for replication initiation,110.0,591.0,0,1,0,0,0,0
3293731,+,b3149,DnaA initiator-associating factor for replication initiation,100.0,591.0,1,0,0,0,0,0
3293738,+,b3149,DnaA initiator-associating factor for replication initiation,93.0,591.0,0,1,0,0,0,0
3293799,-,b3148,conserved protein%2C UPF0102 family,,396.0,0,0,0,1,0,1
3293995,-,b3149,DnaA initiator-associating factor for replication initiation,,591.0,0,0,0,1,0,1
3294041,-,b3149,DnaA initiator-associating factor for replication initiation,,591.0,0,0,0,1,0,1
3294088,+,b3149,DnaA initiator-associating factor for replication initiation,,591.0,0,0,1,0,0,0
3294094,+,b3149,DnaA initiator-associating factor for replication initiation,,591.0,0,0,1,0,0,0
3294432,-,b3149,DnaA initiator-associating factor for replication initiation,,591.0,0,0,0,1,0,1
3294562,-,b3150,outer membrane lipoprotein,,576.0,0,0,0,1,0,1
3295939,-,b3151,putative permease,,1041.0,0,0,1,0,0,0
3296176,-,b3151,putative permease,16.0,1041.0,0,1,0,0,0,0
3296188,+,b3151,putative permease,,1041.0,0,0,0,1,0,1
3296193,+,b3151,putative permease,,1041.0,0,0,0,1,0,1
3296194,-,b3151,putative permease,34.0,1041.0,1,0,0,0,0,0
3296421,+,b3152,putative nucleoside-diphosphate-sugar epimerase,,636.0,0,0,0,1,0,1
3296930,+,b3153,stress-resistance protein,66.0,519.0,1,0,0,0,0,1
3296934,-,b3152,putative nucleoside-diphosphate-sugar epimerase,66.0,636.0,1,0,0,0,0,1
3297845,+,b3155,conserved protein%2C GIY-YIG nuclease superfamily,143.0,303.0,1,0,0,0,0,1
3297958,-,b3154,conserved protein%2C UPF0306 family,21.0,444.0,1,0,0,0,0,1
3299058,-,b3156,putative acyltransferase with acyl-CoA N-acyltransferase domain,278.0,504.0,1,0,0,0,0,0
3299115,-,b3157,putative lipid carrier protein%2C COG3154 family,,525.0,0,0,1,0,0,0
3299323,-,b3157,putative lipid carrier protein%2C COG3154 family,25.0,525.0,1,0,0,0,0,0
3299390,-,b3157,putative lipid carrier protein%2C COG3154 family,92.0,525.0,0,1,0,0,0,0
3299398,-,b3157,putative lipid carrier protein%2C COG3154 family,100.0,525.0,0,1,0,0,0,0
3299463,+,b3158,putative peptidase %28collagenase-like%29,44.0,996.0,1,0,0,0,0,0
3299634,-,b3158,putative peptidase %28collagenase-like%29,,996.0,0,0,0,1,0,1
3300619,+,b3159,putative protease,,879.0,0,0,1,0,0,0
3301445,+,b3160,putative enzyme,25.0,1008.0,1,0,0,0,0,0
3302136,-,b3160,putative enzyme,,1008.0,0,0,0,1,0,1
3303036,-,b3161,tryptophan transporter of high affinity,,1245.0,0,0,1,0,0,0
3303777,+,b3161,tryptophan transporter of high affinity,,1245.0,0,0,0,1,0,1
3303882,-,b3161,tryptophan transporter of high affinity,43.0,1245.0,1,0,0,0,0,0
3303968,+,b3162,ATP-dependent RNA helicase,,1890.0,0,0,0,1,0,1
3304109,-,b3161,tryptophan transporter of high affinity,270.0,1245.0,0,1,0,0,0,0
3304311,-,b3162,ATP-dependent RNA helicase,,1890.0,0,0,1,0,0,0
3304563,-,b3162,ATP-dependent RNA helicase,,1890.0,0,0,1,0,0,0
3304809,+,b3162,ATP-dependent RNA helicase,,1890.0,0,0,0,1,0,1
3305373,+,b3162,ATP-dependent RNA helicase,,1890.0,0,0,0,1,0,1
3305674,-,b3162,ATP-dependent RNA helicase,,1890.0,0,0,1,0,0,0
3306536,+,b3163,lipoprotein involved in osmotic sensitivity and filamentation,,885.0,0,0,0,1,0,1
3306716,-,b3163,lipoprotein involved in osmotic sensitivity and filamentation,,885.0,0,0,1,0,0,0
3306720,-,b3163,lipoprotein involved in osmotic sensitivity and filamentation,,885.0,0,0,1,0,0,0
3306893,-,b3163,lipoprotein involved in osmotic sensitivity and filamentation,,885.0,0,0,1,0,0,0
3307306,-,b3164,polynucleotide phosphorylase%2Fpolyadenylase,,2136.0,0,0,1,0,0,0
3309209,+,b4449,novel sRNA%2C function unknown,38.0,174.0,1,0,0,0,0,1
3309346,-,b3164,polynucleotide phosphorylase%2Fpolyadenylase,156.0,2136.0,1,0,0,0,0,1
3309723,+,b3165,30S ribosomal subunit protein S15,,270.0,0,0,0,1,0,1
3309738,+,b3165,30S ribosomal subunit protein S15,,270.0,0,0,0,1,0,1
3309808,-,b3165,30S ribosomal subunit protein S15,102.0,270.0,1,0,0,0,0,0
3310011,+,b3166,tRNA pseudouridine%2855%29 synthase,,945.0,0,0,0,1,0,1
3310529,-,b3166,tRNA pseudouridine%2855%29 synthase,,945.0,0,0,1,0,0,0
3311039,-,b3166,tRNA pseudouridine%2855%29 synthase,240.0,945.0,1,0,0,0,0,0
3311056,+,b3167,30s ribosome binding factor,,402.0,0,0,0,1,0,1
3311364,-,b3167,30s ribosome binding factor,164.0,402.0,1,0,0,0,0,0
3311805,+,b3168,fused protein chain initiation factor 2%2C IF2: membrane protein%2Fconserved protein,,2673.0,0,0,0,1,0,1
3311876,-,b3168,fused protein chain initiation factor 2%2C IF2: membrane protein%2Fconserved protein,,2673.0,0,0,1,0,0,0
3313953,+,b3168,fused protein chain initiation factor 2%2C IF2: membrane protein%2Fconserved protein,,2673.0,0,0,0,1,0,1
3314065,+,b3168,fused protein chain initiation factor 2%2C IF2: membrane protein%2Fconserved protein,,2673.0,0,0,0,1,0,1
3314079,-,b3168,fused protein chain initiation factor 2%2C IF2: membrane protein%2Fconserved protein,43.0,2673.0,1,0,0,0,0,0
3314373,-,b3169,transcription termination%2Fantitermination L factor,,1488.0,0,0,1,0,0,0
3314708,-,b3169,transcription termination%2Fantitermination L factor,,1488.0,0,0,1,0,0,0
3315147,+,b3169,transcription termination%2Fantitermination L factor,,1488.0,0,0,0,1,0,1
3315236,-,b3169,transcription termination%2Fantitermination L factor,,1488.0,0,0,1,0,0,0
3316027,+,b3170,ribosome maturation factor for 30S subunits,,453.0,0,0,0,1,0,1
3316197,-,b3170,ribosome maturation factor for 30S subunits,169.0,453.0,1,0,0,0,0,0
3316218,+,b3171,tRNA-Met,,77.0,0,0,0,1,0,1
3316311,-,b3171,tRNA-Met,0.0,77.0,0,1,0,0,0,0
3316319,-,b3171,tRNA-Met,8.0,77.0,1,0,0,0,0,0
3316356,+,b3171,tRNA-Met,,77.0,0,0,0,1,0,1
3316397,-,b3171,tRNA-Met,86.0,77.0,0,1,0,0,0,0
3316514,-,b3171,tRNA-Met,203.0,77.0,0,1,0,0,0,0
3316552,+,b3172,argininosuccinate synthetase,107.0,1344.0,0,1,0,0,0,0
3316582,+,b3172,argininosuccinate synthetase,77.0,1344.0,1,0,0,0,0,0
3316828,+,b3172,argininosuccinate synthetase,,1344.0,0,0,1,0,0,0
3317540,+,b3172,argininosuccinate synthetase,,1344.0,0,0,1,0,0,0
3317615,+,b3172,argininosuccinate synthetase,,1344.0,0,0,1,0,0,0
3318317,-,b3173,putative hydrolase%2C inner membrane,,1626.0,0,0,1,0,0,0
3319560,-,b3173,putative hydrolase%2C inner membrane,,1626.0,0,0,1,0,0,0
3319600,-,b3173,putative hydrolase%2C inner membrane,,1626.0,0,0,1,0,0,0
3319676,-,b3173,putative hydrolase%2C inner membrane,41.0,1626.0,1,0,0,0,0,0
3320178,-,b3174,tRNA-Leu,,87.0,0,0,1,0,0,0
3320609,-,b3175,preprotein translocase membrane subunit,82.0,333.0,1,0,0,0,0,0
3321513,-,b3176,phosphoglucosamine mutase,,1338.0,0,0,1,0,0,0
3321747,-,b3176,phosphoglucosamine mutase,,1338.0,0,0,1,0,0,0
3321762,-,b3176,phosphoglucosamine mutase,,1338.0,0,0,1,0,0,0
3322347,-,b3176,phosphoglucosamine mutase,255.0,1338.0,1,0,0,0,0,0
3322790,-,b3177,7%2C8-dihydropteroate synthase,,849.0,0,0,1,0,0,0
3322985,-,b3177,7%2C8-dihydropteroate synthase,52.0,849.0,1,0,0,0,0,0
3323250,-,b3178,protease%2C ATP-dependent zinc-metallo,,1935.0,0,0,1,0,0,0
3323413,-,b3178,protease%2C ATP-dependent zinc-metallo,,1935.0,0,0,1,0,0,0
3323659,+,b3178,protease%2C ATP-dependent zinc-metallo,,1935.0,0,0,0,1,0,1
3323735,+,b3178,protease%2C ATP-dependent zinc-metallo,,1935.0,0,0,0,1,0,1
3324772,+,b3178,protease%2C ATP-dependent zinc-metallo,,1935.0,0,0,0,1,0,1
3325000,-,b3178,protease%2C ATP-dependent zinc-metallo,43.0,1935.0,1,0,0,0,0,0
3325007,+,b3178,protease%2C ATP-dependent zinc-metallo,,1935.0,0,0,0,1,0,1
3325074,-,b3178,protease%2C ATP-dependent zinc-metallo,117.0,1935.0,0,1,0,0,0,0
3325090,+,b3179,23S rRNA U2552 2%27-O-ribose methyltransferase%2C SAM-dependent,,630.0,0,0,0,1,0,1
3325369,-,b3179,23S rRNA U2552 2%27-O-ribose methyltransferase%2C SAM-dependent,,630.0,0,0,1,0,0,0
3325408,-,b3179,23S rRNA U2552 2%27-O-ribose methyltransferase%2C SAM-dependent,,630.0,0,0,1,0,0,0
3325537,-,b3179,23S rRNA U2552 2%27-O-ribose methyltransferase%2C SAM-dependent,,630.0,0,0,1,0,0,0
3325563,-,b3179,23S rRNA U2552 2%27-O-ribose methyltransferase%2C SAM-dependent,,630.0,0,0,1,0,0,0
3325644,+,b3180,RNA binding protein associated with pre-50S ribosomal subunits,168.0,294.0,0,1,0,0,0,1
3325705,-,b3179,23S rRNA U2552 2%27-O-ribose methyltransferase%2C SAM-dependent,19.0,630.0,0,1,0,0,0,0
3325752,+,b3180,RNA binding protein associated with pre-50S ribosomal subunits,60.0,294.0,0,1,0,0,0,1
3325753,-,b3179,23S rRNA U2552 2%27-O-ribose methyltransferase%2C SAM-dependent,67.0,630.0,1,0,0,0,0,1
3325764,-,b3179,23S rRNA U2552 2%27-O-ribose methyltransferase%2C SAM-dependent,78.0,630.0,0,1,0,0,0,1
3325781,+,b3180,RNA binding protein associated with pre-50S ribosomal subunits,31.0,294.0,1,0,0,0,0,1
3326096,+,b3180,RNA binding protein associated with pre-50S ribosomal subunits,,294.0,0,0,1,0,0,0
3326162,-,b3180,RNA binding protein associated with pre-50S ribosomal subunits,,294.0,0,0,0,1,0,1
3326359,-,b3181,transcript cleavage factor,,477.0,0,0,1,0,0,0
3326768,+,b3182,D-alanyl-D-alanine carboxypeptidase,217.0,1434.0,0,1,0,0,0,1
3326880,+,b3182,D-alanyl-D-alanine carboxypeptidase,105.0,1434.0,0,1,0,0,0,0
3326884,-,b3181,transcript cleavage factor,147.0,477.0,1,0,0,0,0,0
3326920,-,b3181,transcript cleavage factor,183.0,477.0,0,1,0,0,0,1
3326939,-,b3181,transcript cleavage factor,202.0,477.0,0,1,0,0,0,1
3326958,+,b3182,D-alanyl-D-alanine carboxypeptidase,27.0,1434.0,1,0,0,0,0,0
3326991,-,b3181,transcript cleavage factor,254.0,477.0,0,1,0,0,0,1
3328031,-,b3182,D-alanyl-D-alanine carboxypeptidase,,1434.0,0,0,0,1,0,1
3328130,-,b3182,D-alanyl-D-alanine carboxypeptidase,,1434.0,0,0,0,1,0,1
3328392,-,b3182,D-alanyl-D-alanine carboxypeptidase,,1434.0,0,0,0,1,0,1
3328508,+,b3183,GTPase involved in cell partioning and DNA repair,,1173.0,0,0,0,1,0,1
3328704,-,b3183,GTPase involved in cell partioning and DNA repair,,1173.0,0,0,1,0,0,0
3328858,+,b3183,GTPase involved in cell partioning and DNA repair,,1173.0,0,0,0,1,0,1
3328984,-,b3183,GTPase involved in cell partioning and DNA repair,,1173.0,0,0,1,0,0,0
3328999,+,b3183,GTPase involved in cell partioning and DNA repair,,1173.0,0,0,0,1,0,1
3329003,+,b3183,GTPase involved in cell partioning and DNA repair,,1173.0,0,0,0,1,0,1
3329839,+,b3183,GTPase involved in cell partioning and DNA repair,,1173.0,0,0,0,1,0,1
3329925,+,b3184,putative inner membrane permease,,966.0,0,0,0,1,0,1
3330055,-,b3183,GTPase involved in cell partioning and DNA repair,279.0,1173.0,1,0,0,0,0,0
3330152,-,b3184,putative inner membrane permease,,966.0,0,0,1,0,0,0
3330163,-,b3184,putative inner membrane permease,,966.0,0,0,1,0,0,0
3331534,+,b3187,octaprenyl diphosphate synthase,198.0,972.0,0,1,0,0,0,1
3331538,-,b3186,50S ribosomal subunit protein L21,65.0,312.0,1,0,0,0,0,0
3331658,+,b3187,octaprenyl diphosphate synthase,74.0,972.0,1,0,0,0,0,0
3331659,-,b3186,50S ribosomal subunit protein L21,186.0,312.0,0,1,0,0,0,1
3332647,+,b3188,DNA-binding transcriptional activator of maltose metabolism,284.0,279.0,0,1,0,0,0,0
3332720,+,b3188,DNA-binding transcriptional activator of maltose metabolism,211.0,279.0,1,0,0,0,0,0
3332880,+,b3188,DNA-binding transcriptional activator of maltose metabolism,51.0,279.0,0,1,0,0,0,0
3333149,-,b3188,DNA-binding transcriptional activator of maltose metabolism,,279.0,0,0,0,1,0,1
3334273,-,b3189,UDP-N-acetylglucosamine 1-carboxyvinyltransferase,,1260.0,0,0,1,0,0,0
3334685,-,b3189,UDP-N-acetylglucosamine 1-carboxyvinyltransferase,169.0,1260.0,1,0,0,0,0,0
3334854,-,b3190,acid stress protein%3B predicted transcriptional regulator%2C BolA family,29.0,255.0,0,1,0,0,0,0
3335005,-,b3190,acid stress protein%3B predicted transcriptional regulator%2C BolA family,180.0,255.0,1,0,0,0,0,0
3335058,-,b3190,acid stress protein%3B predicted transcriptional regulator%2C BolA family,233.0,255.0,0,1,0,0,0,0
3335356,+,b3191,ABC transporter maintaining OM lipid asymmetry%2C cytoplasmic STAS component,,294.0,0,0,0,1,0,1
3335523,-,b3191,ABC transporter maintaining OM lipid asymmetry%2C cytoplasmic STAS component,245.0,294.0,1,0,0,0,0,0
3335682,+,b3192,ABC transporter maintaining OM lipid asymmetry%2C periplasmic binding protein,,636.0,0,0,0,1,0,1
3335976,+,b3192,ABC transporter maintaining OM lipid asymmetry%2C periplasmic binding protein,,636.0,0,0,0,1,0,1
3336198,-,b3192,ABC transporter maintaining OM lipid asymmetry%2C periplasmic binding protein,285.0,636.0,1,0,0,0,0,0
3336330,-,b3193,ABC transporter maintaining OM lipid asymmetry%2C anchored periplasmic binding protein,,552.0,0,0,1,0,0,0
3337185,-,b3194,ABC transporter maintaining OM lipid asymmetry%2C inner membrane permease protein,,783.0,0,0,1,0,0,0
3337662,-,b3195,ABC transporter maintaining OM lipid asymmetry%2C ATP-binding protein,,810.0,0,0,1,0,0,0
3337712,-,b3195,ABC transporter maintaining OM lipid asymmetry%2C ATP-binding protein,,810.0,0,0,1,0,0,0
3338143,-,b3195,ABC transporter maintaining OM lipid asymmetry%2C ATP-binding protein,56.0,810.0,0,1,0,0,0,0
3338233,+,b3196,putative calcium%2Fsodium:proton antiporter,64.0,978.0,1,0,0,0,0,0
3338265,-,b3195,ABC transporter maintaining OM lipid asymmetry%2C ATP-binding protein,178.0,810.0,1,0,0,0,0,1
3338358,+,b3196,putative calcium%2Fsodium:proton antiporter,,978.0,0,0,1,0,0,0
3338527,-,b3196,putative calcium%2Fsodium:proton antiporter,,978.0,0,0,0,1,0,1
3338629,+,b3196,putative calcium%2Fsodium:proton antiporter,,978.0,0,0,1,0,0,0
3338741,+,b3196,putative calcium%2Fsodium:proton antiporter,,978.0,0,0,1,0,0,0
3339441,+,b3197,D-arabinose 5-phosphate isomerase,,987.0,0,0,1,0,0,0
3339740,+,b3197,D-arabinose 5-phosphate isomerase,,987.0,0,0,1,0,0,0
3339904,-,b3197,D-arabinose 5-phosphate isomerase,,987.0,0,0,0,1,0,1
3339921,+,b3197,D-arabinose 5-phosphate isomerase,,987.0,0,0,1,0,0,0
3340032,+,b3198,3-deoxy-D-manno-octulosonate 8-phosphate phosphatase,263.0,567.0,1,0,0,0,0,0
3340239,-,b3197,D-arabinose 5-phosphate isomerase,,987.0,0,0,0,1,0,1
3340249,+,b3198,3-deoxy-D-manno-octulosonate 8-phosphate phosphatase,46.0,567.0,0,1,0,0,0,0
3340659,+,b3199,lipopolysaccharide export%2C IM-tethered periplasmic protein of the LptBFGC export complex,199.0,576.0,1,0,0,0,0,0
3340893,+,b3199,lipopolysaccharide export%2C IM-tethered periplasmic protein of the LptBFGC export complex,,576.0,0,0,1,0,0,0
3341113,-,b3199,lipopolysaccharide export%2C IM-tethered periplasmic protein of the LptBFGC export complex,,576.0,0,0,0,1,0,1
3341136,+,b3200,periplasmic LPS-binding protein,266.0,558.0,1,0,0,0,0,0
3341273,-,b3199,lipopolysaccharide export%2C IM-tethered periplasmic protein of the LptBFGC export complex,,576.0,0,0,0,1,0,1
3341379,-,b3199,lipopolysaccharide export%2C IM-tethered periplasmic protein of the LptBFGC export complex,,576.0,0,0,0,1,0,1
3341841,-,b3200,periplasmic LPS-binding protein,,558.0,0,0,0,1,0,1
3342112,-,b3201,lipopolysaccharide export ABC transporter ATP-binding protein of the LptBFGC export complex,,726.0,0,0,0,1,0,1
3342628,-,b3201,lipopolysaccharide export ABC transporter ATP-binding protein of the LptBFGC export complex,,726.0,0,0,0,1,0,1
3342703,+,b3202,RNA polymerase%2C sigma 54 %28sigma N%29 factor,36.0,1434.0,1,0,0,0,0,0
3343221,-,b3202,RNA polymerase%2C sigma 54 %28sigma N%29 factor,,1434.0,0,0,0,1,0,1
3343627,+,b3202,RNA polymerase%2C sigma 54 %28sigma N%29 factor,,1434.0,0,0,1,0,0,0
3343694,-,b3202,RNA polymerase%2C sigma 54 %28sigma N%29 factor,,1434.0,0,0,0,1,0,1
3343807,-,b3202,RNA polymerase%2C sigma 54 %28sigma N%29 factor,,1434.0,0,0,0,1,0,1
3344100,+,b3203,ribosome hibernation promoting factor HPF%3B stabilizes 70S dimers %28100S%29,95.0,288.0,1,0,0,0,0,0
3344198,-,b3202,RNA polymerase%2C sigma 54 %28sigma N%29 factor,,1434.0,0,0,0,1,0,1
3344589,-,b3204,sugar-specific enzyme IIA component of PTS,,492.0,0,0,0,1,0,1
3344626,+,b3204,sugar-specific enzyme IIA component of PTS,,492.0,0,0,1,0,0,0
3345154,+,b3205,glmZ%28sRNA%29-inactivating NTPase%2C glucosamine-6-phosphate regulated,,855.0,0,0,1,0,0,0
3345304,-,b3205,glmZ%28sRNA%29-inactivating NTPase%2C glucosamine-6-phosphate regulated,,855.0,0,0,0,1,0,1
3345832,+,b3206,phosphohistidinoprotein-hexose phosphotransferase component of N-regulated PTS system %28Npr%29,156.0,273.0,1,0,0,0,0,0
3345915,+,b3206,phosphohistidinoprotein-hexose phosphotransferase component of N-regulated PTS system %28Npr%29,73.0,273.0,0,1,0,0,0,0
3346347,-,b3206,phosphohistidinoprotein-hexose phosphotransferase component of N-regulated PTS system %28Npr%29,,273.0,0,0,0,1,0,1
3346448,+,b3207,hypothetical protein,26.0,633.0,1,0,0,0,0,0
3346557,-,b3207,hypothetical protein,,633.0,0,0,0,1,0,1
3347093,-,b3207,hypothetical protein,,633.0,0,0,0,1,0,1
3348581,-,b3209,isoprenoid biosynthesis protein with amidotransferase-like domain,100.0,654.0,1,0,0,0,0,1
3348595,+,b4450,sRNA positive antisense regulator of rpoS%3B binds Hfq,4.0,121.0,0,1,0,0,0,0
3348599,+,b4450,sRNA positive antisense regulator of rpoS%3B binds Hfq,0.0,121.0,1,0,0,0,0,0
3349211,+,b3210,aerobic respiration control sensor histidine protein kinase%2C cognate to two-component response regulators ArcA and RssB,,2337.0,0,0,0,1,0,1
3349740,+,b3210,aerobic respiration control sensor histidine protein kinase%2C cognate to two-component response regulators ArcA and RssB,,2337.0,0,0,0,1,0,1
3350010,-,b3210,aerobic respiration control sensor histidine protein kinase%2C cognate to two-component response regulators ArcA and RssB,,2337.0,0,0,1,0,0,0
3350706,-,b3210,aerobic respiration control sensor histidine protein kinase%2C cognate to two-component response regulators ArcA and RssB,,2337.0,0,0,1,0,0,0
3350825,-,b3210,aerobic respiration control sensor histidine protein kinase%2C cognate to two-component response regulators ArcA and RssB,,2337.0,0,0,1,0,0,0
3350922,-,b3210,aerobic respiration control sensor histidine protein kinase%2C cognate to two-component response regulators ArcA and RssB,,2337.0,0,0,1,0,0,0
3351008,-,b3210,aerobic respiration control sensor histidine protein kinase%2C cognate to two-component response regulators ArcA and RssB,,2337.0,0,0,1,0,0,0
3351071,-,b3210,aerobic respiration control sensor histidine protein kinase%2C cognate to two-component response regulators ArcA and RssB,24.0,2337.0,1,0,0,0,0,0
3351079,-,b3210,aerobic respiration control sensor histidine protein kinase%2C cognate to two-component response regulators ArcA and RssB,32.0,2337.0,0,1,0,0,0,0
3351082,-,b3210,aerobic respiration control sensor histidine protein kinase%2C cognate to two-component response regulators ArcA and RssB,35.0,2337.0,0,1,0,0,0,0
3351934,+,b3211,putative Fe-S oxidoreductase,,930.0,0,0,0,1,0,1
3352084,+,b3211,putative Fe-S oxidoreductase,,930.0,0,0,0,1,0,1
3352099,-,b3211,putative Fe-S oxidoreductase,27.0,930.0,1,0,0,0,0,0
3352533,+,b3212,glutamate synthase%2C large subunit,214.0,4461.0,1,0,0,0,0,0
3352741,-,b3212,glutamate synthase%2C large subunit,,4461.0,0,0,0,1,0,1
3352766,+,b3212,glutamate synthase%2C large subunit,,4461.0,0,0,1,0,0,0
3353955,-,b3212,glutamate synthase%2C large subunit,,4461.0,0,0,0,1,0,1
3354818,-,b3212,glutamate synthase%2C large subunit,,4461.0,0,0,0,1,0,1
3358398,-,b3213,glutamate synthase%2C 4Fe-4S protein%2C small subunit,,1419.0,0,0,0,1,0,1
3359153,+,b3214,periplasmic protein,45.0,765.0,1,0,0,0,0,0
3359536,-,b3214,periplasmic protein,,765.0,0,0,0,1,0,1
3359546,+,b3214,periplasmic protein,,765.0,0,0,1,0,0,0
3359567,+,b3214,periplasmic protein,,765.0,0,0,1,0,0,0
3359720,+,b3214,periplasmic protein,,765.0,0,0,1,0,0,0
3360813,+,b3216,putative outer membrane mbrial subunitusher protein,16.0,2382.0,1,0,0,0,0,0
3360846,+,b3216,putative outer membrane mbrial subunitusher protein,,2382.0,0,0,1,0,0,0
3360947,+,b3216,putative outer membrane mbrial subunitusher protein,,2382.0,0,0,1,0,0,0
3360951,-,b3216,putative outer membrane mbrial subunitusher protein,,2382.0,0,0,0,1,0,1
3361008,-,b3216,putative outer membrane mbrial subunitusher protein,,2382.0,0,0,0,1,0,1
3361144,-,b3216,putative outer membrane mbrial subunitusher protein,,2382.0,0,0,0,1,0,1
3361188,+,b3216,putative outer membrane mbrial subunitusher protein,,2382.0,0,0,1,0,0,0
3361224,+,b3216,putative outer membrane mbrial subunitusher protein,,2382.0,0,0,1,0,0,0
3361305,+,b3216,putative outer membrane mbrial subunitusher protein,,2382.0,0,0,1,0,0,0
3361471,-,b3216,putative outer membrane mbrial subunitusher protein,,2382.0,0,0,0,1,0,1
3361509,-,b3216,putative outer membrane mbrial subunitusher protein,,2382.0,0,0,0,1,0,1
3361932,-,b3216,putative outer membrane mbrial subunitusher protein,,2382.0,0,0,0,1,0,1
3362160,-,b3216,putative outer membrane mbrial subunitusher protein,,2382.0,0,0,0,1,0,1
3362219,+,b3216,putative outer membrane mbrial subunitusher protein,,2382.0,0,0,1,0,0,0
3362289,-,b3216,putative outer membrane mbrial subunitusher protein,,2382.0,0,0,0,1,0,1
3362307,+,b3216,putative outer membrane mbrial subunitusher protein,,2382.0,0,0,1,0,0,0
3362435,-,b3216,putative outer membrane mbrial subunitusher protein,,2382.0,0,0,0,1,0,1
3362530,+,b3216,putative outer membrane mbrial subunitusher protein,,2382.0,0,0,1,0,0,0
3362967,-,b3216,putative outer membrane mbrial subunitusher protein,,2382.0,0,0,0,1,0,1
3363072,-,b3216,putative outer membrane mbrial subunitusher protein,,2382.0,0,0,0,1,0,1
3363119,+,b4569,pseudo,88.0,367.0,1,0,0,0,0,0
3363208,-,b3216,putative outer membrane mbrial subunitusher protein,,2382.0,0,0,0,1,0,1
3364731,-,b3218,IS5 transposase and trans-activator,,1017.0,0,0,1,0,0,1
3364767,-,b3218,IS5 transposase and trans-activator,27.0,1017.0,1,0,0,0,0,1
3364972,+,b3219,putative transcriptional regulator,,717.0,0,0,1,0,0,0
3365167,+,b3219,putative transcriptional regulator,,717.0,0,0,1,0,0,0
3365259,-,b3219,putative transcriptional regulator,,717.0,0,0,0,1,0,1
3365264,-,b3219,putative transcriptional regulator,,717.0,0,0,0,1,0,1
3365555,-,b3219,putative transcriptional regulator,,717.0,0,0,0,1,0,1
3365640,-,b3219,putative transcriptional regulator,,717.0,0,0,0,1,0,1
3365663,+,b3220,hypothetical protein,186.0,1128.0,1,0,0,0,0,0
3365775,+,b3220,hypothetical protein,74.0,1128.0,0,1,0,0,0,0
3365791,-,b3220,hypothetical protein,,1128.0,0,0,0,1,0,1
3366087,+,b3220,hypothetical protein,,1128.0,0,0,1,0,0,0
3366602,+,b3220,hypothetical protein,,1128.0,0,0,1,0,0,0
3366897,+,b3220,hypothetical protein,,1128.0,0,0,1,0,0,0
3368879,-,b3223,putative N-acetylmannosamine-6-P epimerase,,690.0,0,0,1,0,0,0
3370636,-,b3224,sialic acid transporter,40.0,1491.0,1,0,0,0,0,0
3370907,-,b3225,N-acetylneuraminate lyase,,894.0,0,0,1,0,0,0
3371257,-,b3225,N-acetylneuraminate lyase,,894.0,0,0,1,0,0,0
3371566,-,b3225,N-acetylneuraminate lyase,,894.0,0,0,1,0,0,0
3371684,-,b3225,N-acetylneuraminate lyase,86.0,894.0,1,0,0,0,0,0
3371702,+,b3226,DNA-binding transcriptional repressor of the nan operon%2C induced by sialic acid,,792.0,0,0,0,1,0,1
3372540,-,b3226,DNA-binding transcriptional repressor of the nan operon%2C induced by sialic acid,29.0,792.0,1,0,0,0,0,0
3372836,+,b3227,putative transporter,55.0,1368.0,1,0,0,0,0,0
3372896,-,b3227,putative transporter,,1368.0,0,0,0,1,0,1
3373086,+,b3227,putative transporter,,1368.0,0,0,1,0,0,0
3373094,+,b3227,putative transporter,,1368.0,0,0,1,0,0,0
3373246,-,b3227,putative transporter,,1368.0,0,0,0,1,0,1
3373619,-,b3227,putative transporter,,1368.0,0,0,0,1,0,1
3374242,-,b3227,putative transporter,,1368.0,0,0,0,1,0,1
3375588,-,b3229,stringent starvation protein A,146.0,639.0,1,0,0,0,0,0
3375788,+,b3230,30S ribosomal subunit protein S9,,393.0,0,0,0,1,0,1
3375850,+,b3230,30S ribosomal subunit protein S9,,393.0,0,0,0,1,0,1
3376155,+,b3230,30S ribosomal subunit protein S9,,393.0,0,0,0,1,0,1
3376465,+,b3231,50S ribosomal subunit protein L13,,429.0,0,0,0,1,0,1
3376527,+,b3231,50S ribosomal subunit protein L13,,429.0,0,0,0,1,0,1
3376830,-,b3231,50S ribosomal subunit protein L13,157.0,429.0,1,0,0,0,0,0
3376848,+,b3232,conserved protein with nucleoside triphosphate hydrolase domain,,1128.0,0,0,0,1,0,1
3377146,-,b3232,conserved protein with nucleoside triphosphate hydrolase domain,,1128.0,0,0,1,0,0,0
3377297,-,b3232,conserved protein with nucleoside triphosphate hydrolase domain,,1128.0,0,0,1,0,0,0
3378029,+,b3233,hypothetical protein,184.0,399.0,0,1,0,0,0,1
3378081,-,b3232,conserved protein with nucleoside triphosphate hydrolase domain,62.0,1128.0,0,1,0,0,0,0
3378129,-,b3232,conserved protein with nucleoside triphosphate hydrolase domain,110.0,1128.0,1,0,0,0,0,1
3378148,+,b3233,hypothetical protein,65.0,399.0,1,0,0,0,0,0
3378302,+,b3233,hypothetical protein,,399.0,0,0,1,0,0,0
3378517,+,b3234,serine endoprotease%2C periplasmic,248.0,1368.0,0,1,0,0,0,0
3378675,+,b3234,serine endoprotease%2C periplasmic,90.0,1368.0,0,1,0,0,0,0
3378682,+,b3234,serine endoprotease%2C periplasmic,83.0,1368.0,0,1,0,0,0,0
3378720,+,b3234,serine endoprotease%2C periplasmic,45.0,1368.0,1,0,0,0,0,0
3379412,-,b3234,serine endoprotease%2C periplasmic,,1368.0,0,0,0,1,0,1
3379952,+,b3235,serine endoprotease%2C periplasmic,270.0,1068.0,0,1,0,0,0,0
3380064,+,b3235,serine endoprotease%2C periplasmic,158.0,1068.0,0,1,0,0,0,0
3380195,+,b3235,serine endoprotease%2C periplasmic,27.0,1068.0,1,0,0,0,0,0
3380372,+,b3235,serine endoprotease%2C periplasmic,,1068.0,0,0,1,0,0,0
3381058,+,b3235,serine endoprotease%2C periplasmic,,1068.0,0,0,1,0,0,0
3381082,+,b3235,serine endoprotease%2C periplasmic,,1068.0,0,0,1,0,0,0
3381397,-,b3236,malate dehydrogenase%2C NAD%28P%29-binding,,939.0,0,0,1,0,0,0
3382326,+,b3236,malate dehydrogenase%2C NAD%28P%29-binding,,939.0,0,0,0,1,0,1
3382336,-,b3236,malate dehydrogenase%2C NAD%28P%29-binding,46.0,939.0,0,1,0,0,0,0
3382396,-,b3236,malate dehydrogenase%2C NAD%28P%29-binding,106.0,939.0,0,1,0,0,0,0
3382494,-,b3236,malate dehydrogenase%2C NAD%28P%29-binding,204.0,939.0,1,0,0,0,0,0
3382500,-,b3236,malate dehydrogenase%2C NAD%28P%29-binding,210.0,939.0,0,1,0,0,0,0
3382540,-,b3236,malate dehydrogenase%2C NAD%28P%29-binding,250.0,939.0,0,1,0,0,0,0
3382625,+,b3237,DNA-binding transcriptional dual regulator%2C L-arginine-binding,100.0,471.0,1,0,0,0,0,0
3382699,+,b3237,DNA-binding transcriptional dual regulator%2C L-arginine-binding,26.0,471.0,0,1,0,0,0,0
3382747,-,b3237,DNA-binding transcriptional dual regulator%2C L-arginine-binding,,471.0,0,0,0,1,0,1
3383159,-,b3237,DNA-binding transcriptional dual regulator%2C L-arginine-binding,,471.0,0,0,0,1,0,1
3383263,-,b3237,DNA-binding transcriptional dual regulator%2C L-arginine-binding,,471.0,0,0,0,1,0,1
3383504,+,b3238,hypothetical protein,56.0,264.0,1,0,0,0,0,0
3384152,+,b3239,putative barnase inhibitor,,273.0,0,0,0,1,0,1
3384191,-,b3239,putative barnase inhibitor,40.0,273.0,1,0,0,0,0,0
3384814,+,b3240,p-hydroxybenzoic acid efflux system component,,1968.0,0,0,0,1,0,1
3386293,-,b3240,p-hydroxybenzoic acid efflux system component,83.0,1968.0,0,1,0,0,0,0
3386392,-,b3240,p-hydroxybenzoic acid efflux system component,182.0,1968.0,1,0,0,0,0,0
3386771,+,b3241,p-hydroxybenzoic acid efflux system component,,933.0,0,0,0,1,0,1
3386965,+,b3241,p-hydroxybenzoic acid efflux system component,,933.0,0,0,0,1,0,1
3387405,+,b3243,transcriptional regulator for aaeXAB operon,137.0,930.0,0,1,0,0,0,1
3387465,-,b3242,membrane protein of efflux system,106.0,204.0,1,0,0,0,0,1
3387502,+,b3243,transcriptional regulator for aaeXAB operon,40.0,930.0,1,0,0,0,0,0
3387740,+,b3243,transcriptional regulator for aaeXAB operon,,930.0,0,0,1,0,0,0
3387835,-,b3243,transcriptional regulator for aaeXAB operon,,930.0,0,0,0,1,0,1
3387863,+,b3243,transcriptional regulator for aaeXAB operon,,930.0,0,0,1,0,0,0
3388445,+,b3243,transcriptional regulator for aaeXAB operon,,930.0,0,0,1,0,0,0
3388758,+,b3244,putative peptidase,,1446.0,0,0,0,1,0,1
3388791,-,b3244,putative peptidase,,1446.0,0,0,1,0,0,0
3389721,-,b3244,putative peptidase,,1446.0,0,0,1,0,0,0
3389745,+,b3244,putative peptidase,,1446.0,0,0,0,1,0,1
3390072,+,b3244,putative peptidase,,1446.0,0,0,0,1,0,1
3390860,-,b4472,conserved membrane protein%2C predicted transporter,,3801.0,0,0,1,0,0,0
3390952,-,b4472,conserved membrane protein%2C predicted transporter,,3801.0,0,0,1,0,0,0
3391554,+,b4472,conserved membrane protein%2C predicted transporter,,3801.0,0,0,0,1,0,1
3392191,+,b4472,conserved membrane protein%2C predicted transporter,,3801.0,0,0,0,1,0,1
3392463,+,b4472,conserved membrane protein%2C predicted transporter,,3801.0,0,0,0,1,0,1
3394541,-,b4472,conserved membrane protein%2C predicted transporter,261.0,3801.0,1,0,0,0,0,0
3395301,-,b3247,ribonuclease G,,1470.0,0,0,1,0,0,0
3395692,-,b3247,ribonuclease G,,1470.0,0,0,1,0,0,0
3395753,-,b3247,ribonuclease G,,1470.0,0,0,1,0,0,0
3395857,+,b3247,ribonuclease G,,1470.0,0,0,0,1,0,1
3396026,+,b3248,Maf-like protein,,594.0,0,0,0,1,0,1
3396537,-,b3248,Maf-like protein,137.0,594.0,1,0,0,0,0,0
3397244,-,b3250,cell wall structural complex MreBCD transmembrane component MreC,,1104.0,0,0,1,0,0,0
3397387,-,b3250,cell wall structural complex MreBCD transmembrane component MreC,,1104.0,0,0,1,0,0,0
3397793,+,b3250,cell wall structural complex MreBCD transmembrane component MreC,,1104.0,0,0,0,1,0,1
3398551,-,b3251,cell wall structural complex MreBCD%2C actin-like component MreB,,1044.0,0,0,1,0,0,0
3399150,-,b3251,cell wall structural complex MreBCD%2C actin-like component MreB,41.0,1044.0,0,1,0,0,0,0
3399376,-,b3251,cell wall structural complex MreBCD%2C actin-like component MreB,267.0,1044.0,1,0,0,0,0,0
3399807,-,b3252,targeting factor for csrBC sRNA degradation,,1941.0,0,0,1,0,0,0
3400820,-,b3252,targeting factor for csrBC sRNA degradation,,1941.0,0,0,1,0,0,0
3400905,-,b3252,targeting factor for csrBC sRNA degradation,,1941.0,0,0,1,0,0,0
3401259,+,b3253,putative acryloyl-CoA reductase,247.0,975.0,1,0,0,0,0,1
3401381,-,b3252,targeting factor for csrBC sRNA degradation,27.0,1941.0,1,0,0,0,0,0
3401399,+,b3253,putative acryloyl-CoA reductase,107.0,975.0,0,1,0,0,0,1
3401445,-,b3252,targeting factor for csrBC sRNA degradation,91.0,1941.0,0,1,0,0,0,1
3402364,-,b3253,putative acryloyl-CoA reductase,,975.0,0,0,0,1,0,1
3402474,-,b3253,putative acryloyl-CoA reductase,,975.0,0,0,0,1,0,1
3402582,-,b4697,pseudo,,143.0,0,0,0,1,0,1
3402685,+,b4646,pseudo,,394.0,0,0,1,0,0,0
3402769,+,b4646,pseudo,,394.0,0,0,1,0,0,0
3402868,+,b4646,pseudo,,394.0,0,0,1,0,0,0
3403054,-,b4646,pseudo,,394.0,0,0,0,1,0,1
3403161,+,b3255,acetyl CoA carboxylase%2C BCCP subunit,297.0,471.0,1,0,0,0,0,0
3403194,+,b3255,acetyl CoA carboxylase%2C BCCP subunit,264.0,471.0,0,1,0,0,0,0
3403642,+,b3256,acetyl-CoA carboxylase%2C biotin carboxylase subunit,297.0,1350.0,1,0,0,0,0,0
3403751,-,b3255,acetyl CoA carboxylase%2C BCCP subunit,,471.0,0,0,0,1,0,1
3405372,+,b3257,conserved inner membrane protein,25.0,243.0,1,0,0,0,0,0
3405637,-,b3257,conserved inner membrane protein,,243.0,0,0,0,1,0,1
3406337,+,b3258,pantothenate:sodium symporter,,1452.0,0,0,1,0,0,0
3406664,+,b3258,pantothenate:sodium symporter,,1452.0,0,0,1,0,0,0
3406676,+,b3258,pantothenate:sodium symporter,,1452.0,0,0,1,0,0,0
3407181,-,b3259,methyltransferase for 50S ribosomal subunit protein L11,,882.0,0,0,0,1,0,1
3407358,+,b3259,methyltransferase for 50S ribosomal subunit protein L11,,882.0,0,0,1,0,0,0
3407403,+,b3259,methyltransferase for 50S ribosomal subunit protein L11,,882.0,0,0,1,0,0,0
3407874,+,b3259,methyltransferase for 50S ribosomal subunit protein L11,,882.0,0,0,1,0,0,0
3408270,+,b3260,tRNA-dihydrouridine synthase B,32.0,966.0,1,0,0,0,0,0
3408274,-,b3260,tRNA-dihydrouridine synthase B,,966.0,0,0,0,1,0,1
3408583,-,b3260,tRNA-dihydrouridine synthase B,,966.0,0,0,0,1,0,1
3408721,+,b3260,tRNA-dihydrouridine synthase B,,966.0,0,0,1,0,0,0
3408934,-,b3260,tRNA-dihydrouridine synthase B,,966.0,0,0,0,1,0,1
3409583,+,b3262,DNA adenine methyltransferase%2C SAM-dependent,92.0,885.0,1,0,0,0,0,0
3409790,-,b3262,DNA adenine methyltransferase%2C SAM-dependent,,885.0,0,0,0,1,0,1
3410124,+,b3262,DNA adenine methyltransferase%2C SAM-dependent,,885.0,0,0,1,0,0,0
3410150,-,b3262,DNA adenine methyltransferase%2C SAM-dependent,,885.0,0,0,0,1,0,1
3410319,-,b3262,DNA adenine methyltransferase%2C SAM-dependent,,885.0,0,0,0,1,0,1
3410433,+,b3263,putative membrane protein,210.0,180.0,0,1,0,0,0,0
3410612,+,b3263,putative membrane protein,31.0,180.0,1,0,0,0,0,0
3410709,+,b3263,putative membrane protein,,180.0,0,0,1,0,0,0
3412004,-,b3265,cytoplasmic membrane lipoprotein,,1158.0,0,0,0,1,0,1
3412186,-,b3265,cytoplasmic membrane lipoprotein,,1158.0,0,0,0,1,0,1
3412542,-,b3265,cytoplasmic membrane lipoprotein,,1158.0,0,0,0,1,0,1
3413058,+,b3266,multidrug efflux system protein,,3105.0,0,0,1,0,0,0
3413632,-,b3266,multidrug efflux system protein,,3105.0,0,0,0,1,0,1
3413636,-,b3266,multidrug efflux system protein,,3105.0,0,0,0,1,0,1
3413643,+,b3266,multidrug efflux system protein,,3105.0,0,0,1,0,0,0
3413747,-,b3266,multidrug efflux system protein,,3105.0,0,0,0,1,0,1
3413807,+,b3266,multidrug efflux system protein,,3105.0,0,0,1,0,0,0
3413893,+,b3266,multidrug efflux system protein,,3105.0,0,0,1,0,0,0
3414110,+,b3266,multidrug efflux system protein,,3105.0,0,0,1,0,0,0
3414190,-,b3266,multidrug efflux system protein,,3105.0,0,0,0,1,0,1
3415245,+,b3266,multidrug efflux system protein,,3105.0,0,0,1,0,0,0
3415890,+,b3266,multidrug efflux system protein,,3105.0,0,0,1,0,0,0
3416009,+,b3266,multidrug efflux system protein,,3105.0,0,0,1,0,0,0
3416352,+,b3267,putative outer membrane protein,60.0,222.0,1,0,0,0,0,0
3416940,+,b3268,pseudo,124.0,1025.0,1,0,0,0,0,0
3417240,+,b3268,pseudo,,1025.0,0,0,1,0,0,0
3417657,-,b3268,pseudo,,1025.0,0,0,0,1,0,1
3417776,+,b3268,pseudo,,1025.0,0,0,1,0,0,0
3417945,+,b3269,putative amino-acid transporter subunit,211.0,1182.0,1,0,0,0,0,0
3418047,+,b3269,putative amino-acid transporter subunit,109.0,1182.0,0,1,0,0,0,0
3418744,+,b3269,putative amino-acid transporter subunit,,1182.0,0,0,1,0,0,0
3419916,-,b3270,putative amino-acid transporter subunit,,1104.0,0,0,0,1,0,1
3420072,+,b3270,putative amino-acid transporter subunit,,1104.0,0,0,1,0,0,0
3420510,-,b3270,putative amino-acid transporter subunit,,1104.0,0,0,0,1,0,1
3420560,+,b3271,putative amino-acid transporter subunit,,759.0,0,0,1,0,0,0
3421151,+,b3271,putative amino-acid transporter subunit,,759.0,0,0,1,0,0,0
3421564,-,b3272,5S ribosomal RNA of rrnD operon,0.0,120.0,1,0,0,0,0,0
3421677,-,b3273,tRNA-Thr,0.0,76.0,1,0,0,0,0,0
3421809,-,b3274,5S ribosomal RNA of rrnD operon,0.0,120.0,1,0,0,0,0,0
3422251,-,b3275,23S ribosomal RNA of rrnD operon,,2904.0,0,0,1,0,0,0
3422255,-,b3275,23S ribosomal RNA of rrnD operon,,2904.0,0,0,1,0,0,0
3422358,-,b3275,23S ribosomal RNA of rrnD operon,,2904.0,0,0,1,0,0,0
3423529,-,b3275,23S ribosomal RNA of rrnD operon,,2904.0,0,0,1,0,0,0
3424570,-,b3275,23S ribosomal RNA of rrnD operon,,2904.0,0,0,1,0,0,0
3425055,-,b3276,tRNA-Ala,0.0,76.0,1,0,0,0,0,0
3425174,-,b3277,tRNA-Ile,0.0,77.0,1,0,0,0,0,0
3425383,-,b3277,tRNA-Ile,209.0,77.0,0,1,0,0,0,0
3425539,-,b3278,16S ribosomal RNA of rrnD operon,,1542.0,0,0,1,0,0,0
3426099,+,b3278,16S ribosomal RNA of rrnD operon,,1542.0,0,0,0,1,0,1
3426446,-,b3278,16S ribosomal RNA of rrnD operon,,1542.0,0,0,1,0,0,0
3426961,-,b3278,16S ribosomal RNA of rrnD operon,177.0,1542.0,0,1,0,0,0,0
3427069,-,b3278,16S ribosomal RNA of rrnD operon,285.0,1542.0,1,0,0,0,0,0
3427225,-,b3279,hypothetical protein,,555.0,0,0,0,1,0,1
3427234,+,b3279,hypothetical protein,24.0,555.0,1,0,0,0,0,0
3427399,-,b3279,hypothetical protein,,555.0,0,0,0,1,0,1
3427729,+,b3279,hypothetical protein,,555.0,0,0,1,0,0,1
3429029,-,b3281,dehydroshikimate reductase%2C NAD%28P%29-binding,169.0,819.0,1,0,0,0,0,0
3429192,+,b3282,tRNA%28ANN%29 t%286%29A37 threonylcarbamoyladenosine modification protein%2C threonine-dependent ADP-forming ATPase,,573.0,0,0,0,1,0,1
3429441,+,b3282,tRNA%28ANN%29 t%286%29A37 threonylcarbamoyladenosine modification protein%2C threonine-dependent ADP-forming ATPase,,573.0,0,0,0,1,0,1
3429461,-,b3282,tRNA%28ANN%29 t%286%29A37 threonylcarbamoyladenosine modification protein%2C threonine-dependent ADP-forming ATPase,24.0,573.0,0,1,0,0,0,0
3429558,-,b3282,tRNA%28ANN%29 t%286%29A37 threonylcarbamoyladenosine modification protein%2C threonine-dependent ADP-forming ATPase,121.0,573.0,1,0,0,0,0,0
3429701,-,b3282,tRNA%28ANN%29 t%286%29A37 threonylcarbamoyladenosine modification protein%2C threonine-dependent ADP-forming ATPase,264.0,573.0,0,1,0,0,0,0
3429882,+,b3283,putative DNA topoisomerase,,543.0,0,0,0,1,0,1
3430201,-,b3283,putative DNA topoisomerase,217.0,543.0,1,0,0,0,0,0
3430409,+,b3284,hypothetical protein,,474.0,0,0,0,1,0,1
3430625,-,b3284,hypothetical protein,139.0,474.0,1,0,0,0,0,0
3430687,-,b3284,hypothetical protein,201.0,474.0,0,1,0,0,0,0
3431626,-,b4473,hypothetical protein,44.0,1125.0,1,0,0,0,0,1
3431655,-,b4473,hypothetical protein,73.0,1125.0,0,1,0,0,0,1
3431719,-,b4473,hypothetical protein,137.0,1125.0,0,1,0,0,0,1
3431820,+,b3287,peptide deformylase,,510.0,0,0,1,0,0,0
3431872,-,b4473,hypothetical protein,290.0,1125.0,0,1,0,0,0,1
3432045,+,b3288,10-formyltetrahydrofolate:L-methionyl-tRNA%28fMet%29 N-formyltransferase,191.0,948.0,1,0,0,0,0,0
3432643,-,b3288,10-formyltetrahydrofolate:L-methionyl-tRNA%28fMet%29 N-formyltransferase,,948.0,0,0,0,1,0,1
3432712,-,b3288,10-formyltetrahydrofolate:L-methionyl-tRNA%28fMet%29 N-formyltransferase,,948.0,0,0,0,1,0,1
3432746,+,b3288,10-formyltetrahydrofolate:L-methionyl-tRNA%28fMet%29 N-formyltransferase,,948.0,0,0,1,0,0,0
3433087,+,b3289,16S rRNA m%285%29C967 methyltransferase%2C SAM-dependent,142.0,1290.0,1,0,0,0,0,0
3433256,+,b3289,16S rRNA m%285%29C967 methyltransferase%2C SAM-dependent,,1290.0,0,0,1,0,0,0
3433265,+,b3289,16S rRNA m%285%29C967 methyltransferase%2C SAM-dependent,,1290.0,0,0,1,0,0,0
3433302,-,b3289,16S rRNA m%285%29C967 methyltransferase%2C SAM-dependent,,1290.0,0,0,0,1,0,1
3433410,-,b3289,16S rRNA m%285%29C967 methyltransferase%2C SAM-dependent,,1290.0,0,0,0,1,0,1
3434177,-,b3289,16S rRNA m%285%29C967 methyltransferase%2C SAM-dependent,,1290.0,0,0,0,1,0,1
3434877,+,b3290,NAD-binding component of TrK potassium transporter,,1377.0,0,0,1,0,0,0
3435274,+,b3290,NAD-binding component of TrK potassium transporter,,1377.0,0,0,1,0,0,0
3436012,+,b3291,mechanosensitive channel protein%2C high conductance,34.0,411.0,0,1,0,0,0,0
3436023,+,b3291,mechanosensitive channel protein%2C high conductance,23.0,411.0,1,0,0,0,0,0
3436031,-,b3291,mechanosensitive channel protein%2C high conductance,,411.0,0,0,0,1,0,1
3436695,-,b4550,alternate ribosome-rescue factor A,24.0,219.0,1,0,0,0,0,0
3436793,+,b3292,DNA-binding transcriptional activator in response to Zn%28II%29,,426.0,0,0,0,1,0,1
3436908,+,b3292,DNA-binding transcriptional activator in response to Zn%28II%29,,426.0,0,0,0,1,0,1
3437150,-,b3292,DNA-binding transcriptional activator in response to Zn%28II%29,,426.0,0,0,1,0,0,0
3437560,-,b3293,conserved protein%2C DUF1992 family,29.0,369.0,0,1,0,0,0,0
3437568,-,b3293,conserved protein%2C DUF1992 family,37.0,369.0,1,0,0,0,0,0
3437607,+,b3293,conserved protein%2C DUF1992 family,,369.0,0,0,0,1,0,1
3438283,-,b3294,50S ribosomal subunit protein L17,262.0,384.0,1,0,0,0,0,0
3439083,+,b3295,RNA polymerase%2C alpha subunit,,990.0,0,0,0,1,0,1
3439556,+,b3296,30S ribosomal subunit protein S4,,621.0,0,0,0,1,0,1
3439775,-,b3296,30S ribosomal subunit protein S4,78.0,621.0,1,0,0,0,0,0
3440130,+,b3297,30S ribosomal subunit protein S11,,390.0,0,0,0,1,0,1
3440770,+,b3299,50S ribosomal subunit protein L36,,117.0,0,0,0,1,0,1
3441152,-,b3300,preprotein translocase membrane subunit,,1332.0,0,0,1,0,0,0
3441884,+,b3300,preprotein translocase membrane subunit,,1332.0,0,0,0,1,0,1
3442130,-,b3300,preprotein translocase membrane subunit,11.0,1332.0,0,1,0,0,0,0
3442255,-,b3300,preprotein translocase membrane subunit,136.0,1332.0,1,0,0,0,0,0
3443339,-,b3303,30S ribosomal subunit protein S5,88.0,504.0,1,0,0,0,0,0
3444263,-,b3305,50S ribosomal subunit protein L6,101.0,534.0,1,0,0,0,0,0
3444608,+,b3306,30S ribosomal subunit protein S8,,393.0,0,0,0,1,0,1
3445011,+,b3308,50S ribosomal subunit protein L5,,540.0,0,0,0,1,0,1
3445022,-,b3307,30S ribosomal subunit protein S14,116.0,306.0,1,0,0,0,0,0
3445188,-,b3307,30S ribosomal subunit protein S14,282.0,306.0,0,1,0,0,0,0
3445710,-,b3308,50S ribosomal subunit protein L5,250.0,540.0,1,0,0,0,0,0
3445769,+,b3309,50S ribosomal subunit protein L24,,315.0,0,0,0,1,0,1
3446244,-,b3310,50S ribosomal subunit protein L14,73.0,372.0,1,0,0,0,0,0
3446248,-,b3310,50S ribosomal subunit protein L14,77.0,372.0,0,1,0,0,0,0
3446323,-,b3310,50S ribosomal subunit protein L14,152.0,372.0,0,1,0,0,0,0
3446474,-,b3311,30S ribosomal subunit protein S17,,255.0,0,0,1,0,0,0
3446810,+,b3312,50S ribosomal subunit protein L29,,192.0,0,0,0,1,0,1
3446872,-,b3312,50S ribosomal subunit protein L29,91.0,192.0,1,0,0,0,0,0
3447185,+,b3313,50S ribosomal subunit protein L16,,411.0,0,0,0,1,0,1
3447300,-,b3313,50S ribosomal subunit protein L16,109.0,411.0,1,0,0,0,0,0
3447446,-,b3313,50S ribosomal subunit protein L16,255.0,411.0,0,1,0,0,0,0
3447890,+,b3314,30S ribosomal subunit protein S3,,702.0,0,0,0,1,0,1
3448595,+,b3316,30S ribosomal subunit protein S19,,279.0,0,0,0,1,0,1
3448973,+,b3317,50S ribosomal subunit protein L2,,822.0,0,0,0,1,0,1
3449402,+,b3317,50S ribosomal subunit protein L2,,822.0,0,0,0,1,0,1
3449910,-,b3318,50S ribosomal subunit protein L23,204.0,303.0,1,0,0,0,0,0
3450507,-,b3319,50S ribosomal subunit protein L4,199.0,606.0,1,0,0,0,0,0
3451463,-,b3321,30S ribosomal subunit protein S10,171.0,312.0,1,0,0,0,0,0
3451504,-,b3321,30S ribosomal subunit protein S10,212.0,312.0,0,1,0,0,0,0
3451616,+,b3322,part of gsp divergon involved in type II protein secretion,,420.0,0,0,0,1,0,1
3451857,-,b3322,part of gsp divergon involved in type II protein secretion,,420.0,0,0,1,0,0,0
3451875,+,b3322,part of gsp divergon involved in type II protein secretion,,420.0,0,0,0,1,0,1
3452114,+,b3323,general secretory pathway component%2C cryptic,,1470.0,0,0,0,1,0,1
3452208,-,b3322,part of gsp divergon involved in type II protein secretion,259.0,420.0,0,1,0,0,0,0
3452248,-,b3322,part of gsp divergon involved in type II protein secretion,299.0,420.0,1,0,0,0,0,0
3453124,+,b3323,general secretory pathway component%2C cryptic,,1470.0,0,0,0,1,0,1
3453406,+,b3324,general secretory pathway component%2C cryptic,194.0,816.0,1,0,0,0,0,1
3453553,+,b3324,general secretory pathway component%2C cryptic,47.0,816.0,0,1,0,0,0,0
3454069,-,b3324,general secretory pathway component%2C cryptic,,816.0,0,0,0,1,0,1
3454113,-,b3324,general secretory pathway component%2C cryptic,,816.0,0,0,0,1,0,1
3454281,-,b3324,general secretory pathway component%2C cryptic,,816.0,0,0,0,1,0,1
3454312,-,b3324,general secretory pathway component%2C cryptic,,816.0,0,0,0,1,0,1
3454591,-,b3325,general secretory pathway component%2C cryptic,,1953.0,0,0,0,1,0,1
3454652,+,b3325,general secretory pathway component%2C cryptic,,1953.0,0,0,1,0,0,0
3454722,+,b3325,general secretory pathway component%2C cryptic,,1953.0,0,0,1,0,0,0
3454887,-,b3325,general secretory pathway component%2C cryptic,,1953.0,0,0,0,1,0,1
3455115,-,b3325,general secretory pathway component%2C cryptic,,1953.0,0,0,0,1,0,1
3456548,-,b3326,general secretory pathway component%2C cryptic,,1482.0,0,0,0,1,0,1
3456556,-,b3326,general secretory pathway component%2C cryptic,,1482.0,0,0,0,1,0,1
3456799,-,b3326,general secretory pathway component%2C cryptic,,1482.0,0,0,0,1,0,1
3456892,+,b3326,general secretory pathway component%2C cryptic,,1482.0,0,0,1,0,0,0
3458181,-,b3327,general secretory pathway component%2C cryptic,,1197.0,0,0,0,1,0,1
3458208,-,b3327,general secretory pathway component%2C cryptic,,1197.0,0,0,0,1,0,1
3458759,-,b3327,general secretory pathway component%2C cryptic,,1197.0,0,0,0,1,0,1
3460647,-,b3331,putative general secretory pathway component%2C cryptic,,588.0,0,0,0,1,0,1
3460962,+,b3332,general secretory pathway component%2C cryptic,,984.0,0,0,1,0,0,0
3461138,-,b3332,general secretory pathway component%2C cryptic,,984.0,0,0,0,1,0,1
3461156,+,b3332,general secretory pathway component%2C cryptic,,984.0,0,0,1,0,0,0
3461587,-,b3332,general secretory pathway component%2C cryptic,,984.0,0,0,0,1,0,1
3461596,-,b3332,general secretory pathway component%2C cryptic,,984.0,0,0,0,1,0,1
3461800,-,b3332,general secretory pathway component%2C cryptic,,984.0,0,0,0,1,0,1
3462038,+,b3333,general secretory pathway component%2C cryptic,,1164.0,0,0,1,0,0,0
3462194,-,b3333,general secretory pathway component%2C cryptic,,1164.0,0,0,0,1,0,1
3462576,-,b3333,general secretory pathway component%2C cryptic,,1164.0,0,0,0,1,0,1
3462749,-,b3333,general secretory pathway component%2C cryptic,,1164.0,0,0,0,1,0,1
3462904,+,b3334,general secretory pathway component%2C cryptic,200.0,462.0,0,1,0,0,0,0
3463003,+,b3334,general secretory pathway component%2C cryptic,101.0,462.0,1,0,0,0,0,0
3463099,-,b3333,general secretory pathway component%2C cryptic,,1164.0,0,0,0,1,0,1
3463227,+,b3334,general secretory pathway component%2C cryptic,,462.0,0,0,1,0,0,0
3463494,-,b3334,general secretory pathway component%2C cryptic,,462.0,0,0,0,1,0,1
3463563,-,b3334,general secretory pathway component%2C cryptic,,462.0,0,0,0,1,0,1
3463735,+,b3335,bifunctional prepilin leader peptidase%2F methylase,,678.0,0,0,1,0,0,0
3463837,-,b3335,bifunctional prepilin leader peptidase%2F methylase,,678.0,0,0,0,1,0,1
3463936,+,b3335,bifunctional prepilin leader peptidase%2F methylase,,678.0,0,0,1,0,0,0
3464603,-,b3336,bacterioferritin%2C iron storage and detoxification protein,,477.0,0,0,1,0,0,0
3464730,+,b3336,bacterioferritin%2C iron storage and detoxification protein,,477.0,0,0,0,1,0,1
3464769,-,b3336,bacterioferritin%2C iron storage and detoxification protein,22.0,477.0,1,0,0,0,0,0
3465001,+,b3337,bacterioferritin-associated ferredoxin,,195.0,0,0,0,1,0,1
3465032,-,b3337,bacterioferritin-associated ferredoxin,19.0,195.0,1,0,0,0,0,0
3465412,-,b3338,periplasmic endochitinase,,2694.0,0,0,1,0,0,0
3465532,-,b3338,periplasmic endochitinase,,2694.0,0,0,1,0,0,0
3465721,+,b3338,periplasmic endochitinase,,2694.0,0,0,0,1,0,1
3465800,-,b3338,periplasmic endochitinase,,2694.0,0,0,1,0,0,0
3465817,-,b3338,periplasmic endochitinase,,2694.0,0,0,1,0,0,0
3465835,+,b3338,periplasmic endochitinase,,2694.0,0,0,0,1,0,1
3466224,-,b3338,periplasmic endochitinase,,2694.0,0,0,1,0,0,0
3466304,+,b3338,periplasmic endochitinase,,2694.0,0,0,0,1,0,1
3466586,+,b3338,periplasmic endochitinase,,2694.0,0,0,0,1,0,1
3466834,+,b3338,periplasmic endochitinase,,2694.0,0,0,0,1,0,1
3467185,-,b3338,periplasmic endochitinase,,2694.0,0,0,1,0,0,0
3468320,-,b3339,protein chain elongation factor EF-Tu %28duplicate of tufB%29,,1185.0,0,0,1,0,0,0
3469072,-,b3339,protein chain elongation factor EF-Tu %28duplicate of tufB%29,,1185.0,0,0,1,0,0,0
3469078,-,b3339,protein chain elongation factor EF-Tu %28duplicate of tufB%29,,1185.0,0,0,1,0,0,0
3469310,+,b3339,protein chain elongation factor EF-Tu %28duplicate of tufB%29,,1185.0,0,0,0,1,0,1
3469368,+,b3339,protein chain elongation factor EF-Tu %28duplicate of tufB%29,,1185.0,0,0,0,1,0,1
3469378,+,b3339,protein chain elongation factor EF-Tu %28duplicate of tufB%29,,1185.0,0,0,0,1,0,1
3469467,-,b3339,protein chain elongation factor EF-Tu %28duplicate of tufB%29,116.0,1185.0,0,1,0,0,0,0
3469510,+,b3340,protein chain elongation factor EF-G%2C GTP-binding,,2115.0,0,0,0,1,0,1
3469604,-,b3339,protein chain elongation factor EF-Tu %28duplicate of tufB%29,253.0,1185.0,1,0,0,0,0,0
3469746,-,b3340,protein chain elongation factor EF-G%2C GTP-binding,,2115.0,0,0,1,0,0,0
3470293,+,b3340,protein chain elongation factor EF-G%2C GTP-binding,,2115.0,0,0,0,1,0,1
3471462,+,b3340,protein chain elongation factor EF-G%2C GTP-binding,,2115.0,0,0,0,1,0,1
3472469,+,b3342,30S ribosomal subunit protein S12,,375.0,0,0,0,1,0,1
3472641,-,b3342,30S ribosomal subunit protein S12,67.0,375.0,1,0,0,0,0,0
3472741,-,b3342,30S ribosomal subunit protein S12,167.0,375.0,0,1,0,0,0,0
3472822,-,b3342,30S ribosomal subunit protein S12,248.0,375.0,0,1,0,0,0,0
3472893,-,b3343,protein required for 2-thiolation step of mnm%285%29-s%282%29U34-tRNA synthesis,,288.0,0,0,1,0,0,0
3474128,-,b3346,hypothetical protein,,723.0,0,0,1,0,0,0
3474153,-,b3346,hypothetical protein,,723.0,0,0,1,0,0,0
3474370,-,b3346,hypothetical protein,,723.0,0,0,1,0,0,0
3474528,-,b3346,hypothetical protein,66.0,723.0,1,0,0,0,0,0
3474564,-,b3346,hypothetical protein,102.0,723.0,0,1,0,0,0,0
3474743,+,b3347,FKBP-type peptidyl-prolyl cis-trans isomerase %28rotamase%29,,813.0,0,0,0,1,0,1
3475148,+,b3347,FKBP-type peptidyl-prolyl cis-trans isomerase %28rotamase%29,,813.0,0,0,0,1,0,1
3475490,-,b3347,FKBP-type peptidyl-prolyl cis-trans isomerase %28rotamase%29,49.0,813.0,1,0,0,0,0,0
3475495,+,b3348,protein required for phi X174 lysis,167.0,219.0,0,1,0,0,0,1
3475534,-,b3347,FKBP-type peptidyl-prolyl cis-trans isomerase %28rotamase%29,93.0,813.0,0,1,0,0,0,0
3475548,-,b3347,FKBP-type peptidyl-prolyl cis-trans isomerase %28rotamase%29,107.0,813.0,0,1,0,0,0,0
3475582,+,b3348,protein required for phi X174 lysis,80.0,219.0,1,0,0,0,0,0
3475800,+,b3348,protein required for phi X174 lysis,,219.0,0,0,1,0,0,0
3476157,+,b3349,FKBP-type peptidyl prolyl cis-trans isomerase %28rotamase%29,,591.0,0,0,0,1,0,1
3476523,+,b3349,FKBP-type peptidyl prolyl cis-trans isomerase %28rotamase%29,,591.0,0,0,0,1,0,1
3476547,-,b3349,FKBP-type peptidyl prolyl cis-trans isomerase %28rotamase%29,28.0,591.0,1,0,0,0,0,0
3476580,-,b3349,FKBP-type peptidyl prolyl cis-trans isomerase %28rotamase%29,61.0,591.0,0,1,0,0,0,0
3476709,-,b3349,FKBP-type peptidyl prolyl cis-trans isomerase %28rotamase%29,190.0,591.0,0,1,0,0,0,0
3477157,+,b3350,potassium:proton antiporter,,1806.0,0,0,0,1,0,1
3477304,+,b3350,potassium:proton antiporter,,1806.0,0,0,0,1,0,1
3477489,+,b3350,potassium:proton antiporter,,1806.0,0,0,0,1,0,1
3479217,+,b3352,fused predicted transporter subunits of ABC superfamily: ATP-binding components,94.0,1914.0,0,1,0,0,0,1
3479258,-,b3351,potassium-efflux system ancillary protein for KefB%2C glutathione-regulated,75.0,555.0,0,1,0,0,0,1
3479273,-,b3351,potassium-efflux system ancillary protein for KefB%2C glutathione-regulated,90.0,555.0,1,0,0,0,0,1
3479296,+,b3352,fused predicted transporter subunits of ABC superfamily: ATP-binding components,15.0,1914.0,1,0,0,0,0,0
3479298,-,b3351,potassium-efflux system ancillary protein for KefB%2C glutathione-regulated,115.0,555.0,0,1,0,0,0,1
3481989,-,b3353,putative hydrolase,,1023.0,0,0,0,1,0,1
3481999,+,b3354,hypothetical protein,241.0,219.0,1,0,0,0,0,0
3482333,+,b3355,putative phosphoribulokinase,179.0,870.0,1,0,0,0,0,0
3482562,-,b3355,putative phosphoribulokinase,,870.0,0,0,0,1,0,1
3483291,+,b3355,putative phosphoribulokinase,,870.0,0,0,1,0,0,0
3483585,+,b3356,conserved protein%2C OsmC family,,405.0,0,0,0,1,0,1
3483626,-,b3356,conserved protein%2C OsmC family,,405.0,0,0,1,0,0,0
3483781,+,b3356,conserved protein%2C OsmC family,,405.0,0,0,0,1,0,1
3483974,-,b3356,conserved protein%2C OsmC family,134.0,405.0,1,0,0,0,0,0
3483975,+,b3357,DNA-binding transcriptional dual regulator,167.0,633.0,1,0,0,0,0,0
3484121,-,b3356,conserved protein%2C OsmC family,281.0,405.0,0,1,0,0,0,1
3484340,-,b3357,DNA-binding transcriptional dual regulator,,633.0,0,0,0,1,0,1
3485507,-,b3358,conserved inner membrane protein,,2103.0,0,0,0,1,0,1
3487291,-,b3359,bifunctional acetylornithine aminotransferase%2F succinyldiaminopimelate aminotransferase,,1221.0,0,0,1,0,0,0
3488243,-,b3359,bifunctional acetylornithine aminotransferase%2F succinyldiaminopimelate aminotransferase,41.0,1221.0,1,0,0,0,0,0
3488873,-,b3360,aminodeoxychorismate synthase%2C subunit II,22.0,564.0,1,0,0,0,0,0
3489166,+,b3361,stationary-phase adenosine monophosphate-protein transferase domain protein,,603.0,0,0,0,1,0,1
3489603,+,b3362,putative Fic-binding protein,,168.0,0,0,0,1,0,1
3489911,-,b3362,putative Fic-binding protein,269.0,168.0,1,0,0,0,0,0
3490357,-,b3363,peptidyl-prolyl cis-trans isomerase A %28rotamase A%29,38.0,573.0,1,0,0,0,0,0
3490385,-,b3363,peptidyl-prolyl cis-trans isomerase A %28rotamase A%29,66.0,573.0,0,1,0,0,0,0
3490542,+,b3364,putative transporter,48.0,1182.0,1,0,0,0,0,0
3490712,-,b3364,putative transporter,,1182.0,0,0,0,1,0,1
3490748,-,b3364,putative transporter,,1182.0,0,0,0,1,0,1
3491538,+,b3364,putative transporter,,1182.0,0,0,1,0,0,0
3491625,+,b3364,putative transporter,,1182.0,0,0,1,0,0,0
3491658,+,b3364,putative transporter,,1182.0,0,0,1,0,0,0
3491739,-,b3364,putative transporter,,1182.0,0,0,0,1,0,1
3491990,-,b3365,nitrite reductase%2C large subunit%2C NAD%28P%29H-binding,,2544.0,0,0,0,1,0,1
3492135,+,b3365,nitrite reductase%2C large subunit%2C NAD%28P%29H-binding,,2544.0,0,0,1,0,0,0
3493226,-,b3365,nitrite reductase%2C large subunit%2C NAD%28P%29H-binding,,2544.0,0,0,0,1,0,1
3494861,+,b3367,nitrite transporter,164.0,807.0,1,0,0,0,0,0
3495028,+,b3367,nitrite transporter,,807.0,0,0,1,0,0,0
3495467,-,b3367,nitrite transporter,,807.0,0,0,0,1,0,1
3495493,-,b3367,nitrite transporter,,807.0,0,0,0,1,0,1
3495716,-,b3367,nitrite transporter,,807.0,0,0,0,1,0,1
3495769,+,b3368,fused siroheme synthase 1%2C3-dimethyluroporphyriongen III dehydrogenase and siroheme ferrochelatase%2Furoporphyrinogen methyltransferase,81.0,1374.0,0,1,0,0,0,0
3495775,+,b3368,fused siroheme synthase 1%2C3-dimethyluroporphyriongen III dehydrogenase and siroheme ferrochelatase%2Furoporphyrinogen methyltransferase,75.0,1374.0,1,0,0,0,0,0
3495879,+,b3368,fused siroheme synthase 1%2C3-dimethyluroporphyriongen III dehydrogenase and siroheme ferrochelatase%2Furoporphyrinogen methyltransferase,,1374.0,0,0,1,0,0,0
3496695,-,b3368,fused siroheme synthase 1%2C3-dimethyluroporphyriongen III dehydrogenase and siroheme ferrochelatase%2Furoporphyrinogen methyltransferase,,1374.0,0,0,0,1,0,1
3497208,+,b3369,small lipoprotein,262.0,168.0,0,1,0,0,0,0
3497404,+,b3369,small lipoprotein,66.0,168.0,1,0,0,0,0,0
3497443,-,b3369,small lipoprotein,,168.0,0,0,0,1,0,1
3498924,-,b3370,putative fructoselysine transporter,,1338.0,0,0,0,1,0,1
3500396,-,b3371,fructoselysine-6-P-deglycase,,1023.0,0,0,0,1,0,1
3501074,+,b3374,fructoselysine 6-kinase,115.0,786.0,1,0,0,0,0,0
3501373,+,b3374,fructoselysine 6-kinase,,786.0,0,0,1,0,0,0
3501611,+,b3374,fructoselysine 6-kinase,,786.0,0,0,1,0,0,0
3501792,+,b3375,putative DNA-binding transcriptional regulator,282.0,732.0,0,1,0,0,0,0
3501880,+,b3375,putative DNA-binding transcriptional regulator,194.0,732.0,1,0,0,0,0,0
3502545,+,b3375,putative DNA-binding transcriptional regulator,,732.0,0,0,1,0,0,0
3502972,+,b3376,hypothetical protein,,1086.0,0,0,0,1,0,1
3504832,+,b3377,putative inner membrane protein,,1305.0,0,0,0,1,0,1
3505337,-,b3377,putative inner membrane protein,,1305.0,0,0,1,0,0,0
3505507,-,b3377,putative inner membrane protein,149.0,1305.0,1,0,0,0,0,0
3505530,+,b3378,hypothetical protein,,354.0,0,0,0,1,0,1
3505777,+,b3378,hypothetical protein,,354.0,0,0,0,1,0,1
3505845,+,b3379,putative hydrolase,,879.0,0,0,0,1,0,1
3506797,+,b3380,putative mutase,,1227.0,0,0,0,1,0,1
3510389,-,b3383,hypothetical protein,23.0,906.0,1,0,0,0,0,0
3510596,-,b3383,hypothetical protein,230.0,906.0,0,1,0,0,0,0
3510800,-,b3384,tryptophanyl-tRNA synthetase,,1005.0,0,0,1,0,0,0
3510946,-,b3384,tryptophanyl-tRNA synthetase,,1005.0,0,0,1,0,0,0
3511231,-,b3384,tryptophanyl-tRNA synthetase,,1005.0,0,0,1,0,0,0
3511341,+,b3384,tryptophanyl-tRNA synthetase,,1005.0,0,0,0,1,0,1
3511529,-,b3384,tryptophanyl-tRNA synthetase,,1005.0,0,0,1,0,0,0
3511720,-,b3384,tryptophanyl-tRNA synthetase,60.0,1005.0,1,0,0,0,0,0
3512860,+,b3386,D-ribulose-5-phosphate 3-epimerase,,678.0,0,0,0,1,0,1
3513252,+,b3387,DNA adenine methyltransferase,,837.0,0,0,0,1,0,1
3513461,-,b3387,DNA adenine methyltransferase,,837.0,0,0,1,0,0,0
3513503,+,b3387,DNA adenine methyltransferase,,837.0,0,0,0,1,0,1
3513613,+,b3387,DNA adenine methyltransferase,,837.0,0,0,0,1,0,1
3513938,-,b3387,DNA adenine methyltransferase,3.0,837.0,1,0,0,0,0,0
3513947,+,b3387,DNA adenine methyltransferase,,837.0,0,0,0,1,0,1
3514273,-,b3388,cell division protein that binds to the septal ring,,1287.0,0,0,1,0,0,0
3515621,-,b3388,cell division protein that binds to the septal ring,293.0,1287.0,1,0,0,0,0,0
3516522,-,b3389,3-dehydroquinate synthase,14.0,1089.0,1,0,0,0,0,0
3516645,-,b3389,3-dehydroquinate synthase,137.0,1089.0,0,1,0,0,0,0
3516771,-,b3389,3-dehydroquinate synthase,263.0,1089.0,0,1,0,0,0,0
3516793,+,b3390,shikimate kinase I,,522.0,0,0,0,1,0,1
3517188,-,b3390,shikimate kinase I,102.0,522.0,1,0,0,0,0,0
3517306,-,b3390,shikimate kinase I,220.0,522.0,0,1,0,0,0,0
3517426,+,b3391,protein required for the utilization of DNA as a carbon source%3B fimbrial transporter homolog,,1239.0,0,0,0,1,0,1
3517557,-,b3391,protein required for the utilization of DNA as a carbon source%3B fimbrial transporter homolog,,1239.0,0,0,1,0,0,0
3518370,+,b3391,protein required for the utilization of DNA as a carbon source%3B fimbrial transporter homolog,,1239.0,0,0,0,1,0,1
3519657,+,b3394,protein required for the utilization of DNA as a carbon source%3B fimbrial assembly protein homolog,,540.0,0,0,0,1,0,1
3520549,-,b3395,protein required for the utilization of DNA as a carbon source%2C pilus assembly protein homolog,,780.0,0,0,1,0,0,0
3520789,+,b3396,fused penicillin-binding protein 1a: murein transglycosylase%2Fmurein transpeptidase,104.0,2553.0,0,1,0,0,0,1
3520829,-,b3395,protein required for the utilization of DNA as a carbon source%2C pilus assembly protein homolog,56.0,780.0,1,0,0,0,0,1
3520848,+,b3396,fused penicillin-binding protein 1a: murein transglycosylase%2Fmurein transpeptidase,45.0,2553.0,1,0,0,0,0,1
3520869,+,b3396,fused penicillin-binding protein 1a: murein transglycosylase%2Fmurein transpeptidase,24.0,2553.0,0,1,0,0,0,1
3521321,+,b3396,fused penicillin-binding protein 1a: murein transglycosylase%2Fmurein transpeptidase,,2553.0,0,0,1,0,0,0
3521888,-,b3396,fused penicillin-binding protein 1a: murein transglycosylase%2Fmurein transpeptidase,,2553.0,0,0,0,1,0,1
3523591,+,b3397,adenosine nucleotide hydrolase%3B substrates include Ap3A%2C Ap2A%2C ADP-ribose%2C NADH,,561.0,0,0,0,1,0,1
3523839,+,b3397,adenosine nucleotide hydrolase%3B substrates include Ap3A%2C Ap2A%2C ADP-ribose%2C NADH,,561.0,0,0,0,1,0,1
3524193,+,b3398,inner membrane protein,298.0,2136.0,0,1,0,0,0,1
3524195,-,b3397,adenosine nucleotide hydrolase%3B substrates include Ap3A%2C Ap2A%2C ADP-ribose%2C NADH,24.0,561.0,0,1,0,0,0,0
3524201,+,b3398,inner membrane protein,290.0,2136.0,0,1,0,0,0,1
3524252,-,b3397,adenosine nucleotide hydrolase%3B substrates include Ap3A%2C Ap2A%2C ADP-ribose%2C NADH,81.0,561.0,1,0,0,0,0,0
3524259,+,b3398,inner membrane protein,232.0,2136.0,0,1,0,0,0,1
3524265,-,b3397,adenosine nucleotide hydrolase%3B substrates include Ap3A%2C Ap2A%2C ADP-ribose%2C NADH,94.0,561.0,0,1,0,0,0,0
3524269,-,b3397,adenosine nucleotide hydrolase%3B substrates include Ap3A%2C Ap2A%2C ADP-ribose%2C NADH,98.0,561.0,0,1,0,0,0,0
3524273,+,b3398,inner membrane protein,218.0,2136.0,0,1,0,0,0,0
3524342,+,b3398,inner membrane protein,149.0,2136.0,1,0,0,0,0,0
3524488,+,b3398,inner membrane protein,3.0,2136.0,0,1,0,0,0,0
3524761,-,b3398,inner membrane protein,,2136.0,0,0,0,1,0,1
3525422,+,b3398,inner membrane protein,,2136.0,0,0,1,0,0,0
3525442,-,b3398,inner membrane protein,,2136.0,0,0,0,1,0,1
3526512,+,b3399,GMP%2FIMP nucleotidase,179.0,669.0,1,0,0,0,0,0
3526640,-,b3398,inner membrane protein,,2136.0,0,0,0,1,0,1
3526867,-,b3399,GMP%2FIMP nucleotidase,,669.0,0,0,0,1,0,1
3526896,+,b3399,GMP%2FIMP nucleotidase,,669.0,0,0,1,0,0,0
3527132,+,b3400,ribosome-associated heat shock protein Hsp15,238.0,402.0,1,0,0,0,0,0
3527688,+,b3401,heat shock protein Hsp33,108.0,879.0,1,0,0,0,0,0
3527786,-,b3400,ribosome-associated heat shock protein Hsp15,,402.0,0,0,0,1,0,1
3527979,+,b3401,heat shock protein Hsp33,,879.0,0,0,1,0,0,0
3528209,+,b3401,heat shock protein Hsp33,,879.0,0,0,1,0,0,0
3528803,-,b3402,putative inner membrane protein,,1725.0,0,0,1,0,0,0
3528878,+,b3402,putative inner membrane protein,,1725.0,0,0,0,1,0,1
3529064,-,b3402,putative inner membrane protein,,1725.0,0,0,1,0,0,0
3529122,+,b3402,putative inner membrane protein,,1725.0,0,0,0,1,0,1
3529663,-,b3402,putative inner membrane protein,,1725.0,0,0,1,0,0,0
3529775,-,b3402,putative inner membrane protein,,1725.0,0,0,1,0,0,0
3529968,-,b3402,putative inner membrane protein,,1725.0,0,0,1,0,0,0
3530059,+,b3402,putative inner membrane protein,,1725.0,0,0,0,1,0,1
3530191,-,b3402,putative inner membrane protein,,1725.0,0,0,1,0,0,0
3530485,-,b3402,putative inner membrane protein,24.0,1725.0,1,0,0,0,0,0
3530489,-,b3402,putative inner membrane protein,28.0,1725.0,0,1,0,0,0,0
3530684,+,b3403,phosphoenolpyruvate carboxykinase,156.0,1623.0,0,1,0,0,0,0
3530702,+,b3403,phosphoenolpyruvate carboxykinase,138.0,1623.0,1,0,0,0,0,0
3530918,+,b3403,phosphoenolpyruvate carboxykinase,,1623.0,0,0,1,0,0,0
3532056,+,b3403,phosphoenolpyruvate carboxykinase,,1623.0,0,0,1,0,0,0
3533456,-,b3404,sensory histidine kinase in two-component regulatory system with OmpR,,1353.0,0,0,1,0,0,0
3533738,-,b3404,sensory histidine kinase in two-component regulatory system with OmpR,,1353.0,0,0,1,0,0,0
3533934,-,b3404,sensory histidine kinase in two-component regulatory system with OmpR,44.0,1353.0,1,0,0,0,0,0
3534045,-,b3404,sensory histidine kinase in two-component regulatory system with OmpR,155.0,1353.0,0,1,0,0,0,0
3534428,-,b3405,DNA-binding response regulator in two-component regulatory system with EnvZ,,720.0,0,0,1,0,0,0
3534446,+,b3405,DNA-binding response regulator in two-component regulatory system with EnvZ,,720.0,0,0,0,1,0,1
3534460,+,b3405,DNA-binding response regulator in two-component regulatory system with EnvZ,,720.0,0,0,0,1,0,1
3534641,-,b3405,DNA-binding response regulator in two-component regulatory system with EnvZ,35.0,720.0,0,1,0,0,0,0
3534701,+,b3406,transcript cleavage factor,133.0,477.0,0,1,0,0,0,1
3534707,-,b3405,DNA-binding response regulator in two-component regulatory system with EnvZ,101.0,720.0,1,0,0,0,0,0
3534736,-,b3405,DNA-binding response regulator in two-component regulatory system with EnvZ,130.0,720.0,0,1,0,0,0,1
3534777,-,b3405,DNA-binding response regulator in two-component regulatory system with EnvZ,171.0,720.0,0,1,0,0,0,1
3534789,+,b3406,transcript cleavage factor,45.0,477.0,1,0,0,0,0,0
3534797,-,b3405,DNA-binding response regulator in two-component regulatory system with EnvZ,191.0,720.0,0,1,0,0,0,1
3534971,-,b3406,transcript cleavage factor,,477.0,0,0,0,1,0,1
3534994,+,b3406,transcript cleavage factor,,477.0,0,0,1,0,0,0
3535165,+,b3407,putative transcriptional accessory protein,242.0,2322.0,0,1,0,0,0,0
3535376,+,b3407,putative transcriptional accessory protein,31.0,2322.0,1,0,0,0,0,0
3535505,-,b3407,putative transcriptional accessory protein,,2322.0,0,0,0,1,0,1
3536529,-,b3407,putative transcriptional accessory protein,,2322.0,0,0,0,1,0,1
3536553,+,b3407,putative transcriptional accessory protein,,2322.0,0,0,1,0,0,0
3536804,-,b3407,putative transcriptional accessory protein,,2322.0,0,0,0,1,0,1
3537133,-,b3407,putative transcriptional accessory protein,,2322.0,0,0,0,1,0,1
3537445,-,b3407,putative transcriptional accessory protein,,2322.0,0,0,0,1,0,1
3538080,+,b3408,ferrous iron transporter%2C protein A,105.0,228.0,1,0,0,0,0,0
3538767,-,b3409,fused ferrous iron transporter%2C protein B: GTP-binding protein%2Fmembrane protein,,2322.0,0,0,0,1,0,1
3539299,+,b3409,fused ferrous iron transporter%2C protein B: GTP-binding protein%2Fmembrane protein,,2322.0,0,0,1,0,0,0
3540459,-,b3409,fused ferrous iron transporter%2C protein B: GTP-binding protein%2Fmembrane protein,,2322.0,0,0,0,1,0,1
3540563,+,b3410,putative DNA-binding transcriptional regulator,187.0,237.0,0,1,0,0,0,0
3540643,+,b3410,putative DNA-binding transcriptional regulator,107.0,237.0,1,0,0,0,0,0
3540864,-,b3410,putative DNA-binding transcriptional regulator,,237.0,0,0,0,1,0,1
3541324,+,b3411,putative transposase,,879.0,0,0,1,0,0,0
3541492,+,b3411,putative transposase,,879.0,0,0,1,0,0,0
3541839,+,b3411,putative transposase,,879.0,0,0,1,0,0,0
3541860,-,b3411,putative transposase,,879.0,0,0,0,1,0,1
3542441,-,b3412,pimeloyl-ACP carboxylesterase,,771.0,0,0,1,0,0,0
3542881,+,b3413,protein required for the utilization of DNA as a carbon source,23.0,684.0,1,0,0,0,0,1
3542897,-,b3412,pimeloyl-ACP carboxylesterase,31.0,771.0,1,0,0,0,0,1
3542903,-,b3412,pimeloyl-ACP carboxylesterase,37.0,771.0,0,1,0,0,0,1
3543206,+,b3413,protein required for the utilization of DNA as a carbon source,,684.0,0,0,1,0,0,0
3543480,+,b3414,Fe%2FS biogenesis protein%3B possible scaffold%2Fchaperone for damaged Fe%2FS proteins,166.0,576.0,1,0,0,0,0,0
3543523,-,b3413,protein required for the utilization of DNA as a carbon source,,684.0,0,0,0,1,0,1
3543599,-,b3413,protein required for the utilization of DNA as a carbon source,,684.0,0,0,0,1,0,1
3543670,-,b3413,protein required for the utilization of DNA as a carbon source,,684.0,0,0,0,1,0,1
3544427,+,b3415,gluconate transporter%2C high-affinity GNT I system,154.0,1317.0,0,1,0,0,0,0
3544468,+,b3415,gluconate transporter%2C high-affinity GNT I system,113.0,1317.0,1,0,0,0,0,0
3544622,+,b3415,gluconate transporter%2C high-affinity GNT I system,,1317.0,0,0,1,0,0,0
3544652,+,b3415,gluconate transporter%2C high-affinity GNT I system,,1317.0,0,0,1,0,0,0
3544873,+,b3415,gluconate transporter%2C high-affinity GNT I system,,1317.0,0,0,1,0,0,0
3545126,+,b3415,gluconate transporter%2C high-affinity GNT I system,,1317.0,0,0,1,0,0,0
3545751,+,b3415,gluconate transporter%2C high-affinity GNT I system,,1317.0,0,0,1,0,0,0
3545759,+,b3415,gluconate transporter%2C high-affinity GNT I system,,1317.0,0,0,1,0,0,0
3546027,-,b3416,4-alpha-glucanotransferase %28amylomaltase%29,,2085.0,0,0,1,0,0,0
3547432,+,b3416,4-alpha-glucanotransferase %28amylomaltase%29,,2085.0,0,0,0,1,0,1
3547782,+,b3416,4-alpha-glucanotransferase %28amylomaltase%29,,2085.0,0,0,0,1,0,1
3548316,+,b3417,maltodextrin phosphorylase,,2394.0,0,0,0,1,0,1
3548477,+,b3417,maltodextrin phosphorylase,,2394.0,0,0,0,1,0,1
3549392,+,b3417,maltodextrin phosphorylase,,2394.0,0,0,0,1,0,1
3549469,+,b3417,maltodextrin phosphorylase,,2394.0,0,0,0,1,0,1
3549919,+,b3417,maltodextrin phosphorylase,,2394.0,0,0,0,1,0,1
3550532,-,b3417,maltodextrin phosphorylase,37.0,2394.0,1,0,0,0,0,0
3550629,-,b3417,maltodextrin phosphorylase,134.0,2394.0,0,1,0,0,0,0
3551046,+,b3418,DNA-binding transcriptional activator for the mal regulon and maltotriose-ATP-binding protein,61.0,2706.0,1,0,0,0,0,0
3551113,+,b3418,DNA-binding transcriptional activator for the mal regulon and maltotriose-ATP-binding protein,,2706.0,0,0,1,0,0,0
3552007,-,b3418,DNA-binding transcriptional activator for the mal regulon and maltotriose-ATP-binding protein,,2706.0,0,0,0,1,0,1
3553512,-,b3418,DNA-binding transcriptional activator for the mal regulon and maltotriose-ATP-binding protein,,2706.0,0,0,0,1,0,1
3553803,-,b3418,DNA-binding transcriptional activator for the mal regulon and maltotriose-ATP-binding protein,,2706.0,0,0,0,1,0,1
3554335,-,b4475,RNA 3%27-terminal phosphate cyclase,,1017.0,0,0,1,0,0,0
3554949,-,b4475,RNA 3%27-terminal phosphate cyclase,78.0,1017.0,1,0,0,0,0,0
3556221,+,b3422,sigma 54-dependent transcriptional regulator of rtcBA expression,69.0,1599.0,0,1,0,0,0,0
3556265,+,b3422,sigma 54-dependent transcriptional regulator of rtcBA expression,25.0,1599.0,0,1,0,0,0,0
3556270,-,b3421,hypothetical protein,169.0,1227.0,1,0,0,0,0,1
3556283,+,b3422,sigma 54-dependent transcriptional regulator of rtcBA expression,7.0,1599.0,1,0,0,0,0,0
3556446,-,b3422,sigma 54-dependent transcriptional regulator of rtcBA expression,,1599.0,0,0,0,1,0,1
3556711,+,b3422,sigma 54-dependent transcriptional regulator of rtcBA expression,,1599.0,0,0,1,0,0,0
3556992,-,b3422,sigma 54-dependent transcriptional regulator of rtcBA expression,,1599.0,0,0,0,1,0,1
3558113,-,b3423,DNA-binding transcriptional repressor,,759.0,0,0,1,0,0,0
3558777,-,b3423,DNA-binding transcriptional repressor,149.0,759.0,1,0,0,0,0,0
3558947,-,b3424,rhomboid intramembrane serine protease,,831.0,0,0,1,0,0,0
3559125,+,b3424,rhomboid intramembrane serine protease,,831.0,0,0,0,1,0,1
3559176,-,b3424,rhomboid intramembrane serine protease,,831.0,0,0,1,0,0,0
3559507,-,b3424,rhomboid intramembrane serine protease,32.0,831.0,0,1,0,0,0,0
3559546,-,b3424,rhomboid intramembrane serine protease,71.0,831.0,1,0,0,0,0,0
3559920,-,b3425,thiosulfate:cyanide sulfurtransferase %28rhodanese%29,74.0,327.0,1,0,0,0,0,0
3559931,+,b3426,sn-glycerol-3-phosphate dehydrogenase%2C aerobic%2C FAD%2FNAD%28P%29-binding,105.0,1506.0,1,0,0,0,0,1
3559947,-,b3425,thiosulfate:cyanide sulfurtransferase %28rhodanese%29,101.0,327.0,0,1,0,0,0,1
3559952,+,b3426,sn-glycerol-3-phosphate dehydrogenase%2C aerobic%2C FAD%2FNAD%28P%29-binding,84.0,1506.0,0,1,0,0,0,0
3561611,-,b3426,sn-glycerol-3-phosphate dehydrogenase%2C aerobic%2C FAD%2FNAD%28P%29-binding,,1506.0,0,0,0,1,0,1
3561816,-,b3427,pseudo,,219.0,0,0,1,0,0,0
3561887,-,b3427,pseudo,,219.0,0,0,1,0,0,0
3562051,-,b3427,pseudo,23.0,219.0,1,0,0,0,0,0
3562070,+,b3427,pseudo,,219.0,0,0,0,1,0,1
3562198,+,b3428,glycogen phosphorylase,,2448.0,0,0,0,1,0,1
3562339,-,b3428,glycogen phosphorylase,,2448.0,0,0,1,0,0,0
3562616,-,b3428,glycogen phosphorylase,,2448.0,0,0,1,0,0,0
3563026,+,b3428,glycogen phosphorylase,,2448.0,0,0,0,1,0,1
3563527,-,b3428,glycogen phosphorylase,,2448.0,0,0,1,0,0,0
3563690,+,b3428,glycogen phosphorylase,,2448.0,0,0,0,1,0,1
3563723,+,b3428,glycogen phosphorylase,,2448.0,0,0,0,1,0,1
3564557,-,b3428,glycogen phosphorylase,,2448.0,0,0,1,0,0,0
3564875,-,b3428,glycogen phosphorylase,271.0,2448.0,1,0,0,0,0,0
3565242,-,b3429,glycogen synthase,,1434.0,0,0,1,0,0,0
3565493,-,b3429,glycogen synthase,,1434.0,0,0,1,0,0,0
3566231,-,b3429,glycogen synthase,175.0,1434.0,1,0,0,0,0,0
3566416,-,b3430,glucose-1-phosphate adenylyltransferase,,1296.0,0,0,1,0,0,0
3567203,+,b3430,glucose-1-phosphate adenylyltransferase,,1296.0,0,0,0,1,0,1
3567897,-,b3431,glycogen debranching enzyme,,1974.0,0,0,1,0,0,0
3567989,+,b3431,glycogen debranching enzyme,,1974.0,0,0,0,1,0,1
3568800,+,b3431,glycogen debranching enzyme,,1974.0,0,0,0,1,0,1
3569971,-,b3432,1%2C4-alpha-glucan branching enzyme,,2187.0,0,0,1,0,0,0
3570418,-,b3432,1%2C4-alpha-glucan branching enzyme,,2187.0,0,0,1,0,0,0
3571553,+,b3432,1%2C4-alpha-glucan branching enzyme,,2187.0,0,0,0,1,0,1
3571680,-,b3432,1%2C4-alpha-glucan branching enzyme,155.0,2187.0,1,0,0,0,0,0
3572139,-,b3433,aspartate-semialdehyde dehydrogenase%2C NAD%28P%29-binding,,1104.0,0,0,1,0,0,0
3572301,-,b3433,aspartate-semialdehyde dehydrogenase%2C NAD%28P%29-binding,,1104.0,0,0,1,0,0,0
3572321,+,b3433,aspartate-semialdehyde dehydrogenase%2C NAD%28P%29-binding,,1104.0,0,0,0,1,0,1
3572636,+,b3433,aspartate-semialdehyde dehydrogenase%2C NAD%28P%29-binding,,1104.0,0,0,0,1,0,1
3572682,+,b3433,aspartate-semialdehyde dehydrogenase%2C NAD%28P%29-binding,,1104.0,0,0,0,1,0,1
3572960,-,b3433,aspartate-semialdehyde dehydrogenase%2C NAD%28P%29-binding,59.0,1104.0,1,0,0,0,0,0
3573067,-,b3433,aspartate-semialdehyde dehydrogenase%2C NAD%28P%29-binding,166.0,1104.0,0,1,0,0,0,1
3573360,+,b3434,putative antibiotic transporter,,594.0,0,0,1,0,0,0
3573579,+,b3434,putative antibiotic transporter,,594.0,0,0,1,0,0,0
3574860,+,b4476,gluconate transporter%2C low affinity GNT 1 system,,1341.0,0,0,0,1,0,1
3575621,-,b3437,gluconate kinase 2,6.0,528.0,0,1,0,0,0,0
3575666,-,b3437,gluconate kinase 2,51.0,528.0,0,1,0,0,0,0
3575782,-,b3437,gluconate kinase 2,167.0,528.0,1,0,0,0,0,0
3576249,-,b3438,DNA-binding transcriptional repressor,,996.0,0,0,1,0,0,0
3576592,-,b3438,DNA-binding transcriptional repressor,,996.0,0,0,1,0,0,0
3576776,-,b3438,DNA-binding transcriptional repressor,27.0,996.0,1,0,0,0,0,0
3576784,+,b3438,DNA-binding transcriptional repressor,,996.0,0,0,0,1,0,1
3576834,-,b3438,DNA-binding transcriptional repressor,85.0,996.0,0,1,0,0,0,0
3576841,-,b3438,DNA-binding transcriptional repressor,92.0,996.0,0,1,0,0,0,0
3576892,-,b3438,DNA-binding transcriptional repressor,143.0,996.0,0,1,0,0,0,0
3577280,-,b3439,quercetinase activity in vitro,,696.0,0,0,1,0,0,0
3578040,-,b3440,putative oxidoreductase with NAD%28P%29-binding Rossmann-fold domain,,1038.0,0,0,1,0,0,0
3578988,+,b3441,putative acetyltransferase,173.0,489.0,1,0,0,0,0,1
3579039,-,b4451,sRNA antisense regulator mediating positive Fur regulon response%2C Hfq-dependent%3B global iron regulator,0.0,90.0,1,0,0,0,0,0
3579134,+,b3441,putative acetyltransferase,27.0,489.0,0,1,0,0,0,1
3579162,-,b4451,sRNA antisense regulator mediating positive Fur regulon response%2C Hfq-dependent%3B global iron regulator,123.0,90.0,0,1,0,0,0,1
3579659,+,b3442,hypothetical protein,227.0,1179.0,1,0,0,0,0,0
3579877,+,b3442,hypothetical protein,9.0,1179.0,0,1,0,0,0,0
3581407,-,b3443,pseudo,,381.0,0,0,0,1,0,1
3581452,+,b3444,IS1 repressor TnpA,54.0,276.0,0,1,0,0,0,0
3581490,+,b3444,IS1 repressor TnpA,16.0,276.0,1,0,0,0,0,0
3581736,-,b3444,IS1 repressor TnpA,,276.0,0,0,0,1,0,1
3582183,-,b3443,pseudo,,114.0,0,0,0,1,0,1
3582463,+,b4612,hypothetical protein,,156.0,0,0,1,0,0,0
3582482,-,b4612,hypothetical protein,,156.0,0,0,0,1,0,1
3582741,-,b3446,stable heat shock chaperone,,285.0,0,0,0,1,0,1
3582788,+,b3446,stable heat shock chaperone,,285.0,0,0,1,0,0,0
3582998,+,b3446,stable heat shock chaperone,,285.0,0,0,1,0,0,0
3583562,-,b3447,gamma-glutamyltranspeptidase,,1743.0,0,0,1,0,0,0
3583783,+,b3447,gamma-glutamyltranspeptidase,,1743.0,0,0,0,1,0,1
3583956,+,b3447,gamma-glutamyltranspeptidase,,1743.0,0,0,0,1,0,1
3584407,+,b3447,gamma-glutamyltranspeptidase,,1743.0,0,0,0,1,0,1
3584877,-,b3447,gamma-glutamyltranspeptidase,31.0,1743.0,1,0,0,0,0,1
3584906,+,b3448,conserved protein%2C DUF2756 family,60.0,441.0,0,1,0,0,0,1
3584943,+,b3448,conserved protein%2C DUF2756 family,23.0,441.0,1,0,0,0,0,1
3585747,-,b3449,glycerophosphodiester phosphodiesterase%2C cytosolic,,744.0,0,0,1,0,0,0
3586630,-,b3450,glycerol-3-phosphate transporter subunit,,1071.0,0,0,1,0,0,0
3587755,+,b3451,glycerol-3-phosphate transporter subunit,,846.0,0,0,0,1,0,1
3590187,+,b3453,glycerol-3-phosphate transporter subunit,,1317.0,0,0,0,1,0,1
3590342,+,b3453,glycerol-3-phosphate transporter subunit,,1317.0,0,0,0,1,0,1
3590449,-,b3453,glycerol-3-phosphate transporter subunit,101.0,1317.0,1,0,0,0,0,0
3591275,+,b3454,leucine%2Fisoleucine%2Fvaline transporter subunit,,714.0,0,0,0,1,0,1
3592053,+,b3455,leucine%2Fisoleucine%2Fvaline transporter subunit,,768.0,0,0,0,1,0,1
3593392,-,b3456,leucine%2Fisoleucine%2Fvaline transporter subunit,,1278.0,0,0,1,0,0,0
3594443,+,b3457,leucine%2Fisoleucine%2Fvaline transporter subunit,,927.0,0,0,0,1,0,1
3595224,-,b3458,leucine transporter subunit,,1110.0,0,0,1,0,0,0
3595376,-,b3458,leucine transporter subunit,,1110.0,0,0,1,0,0,0
3595746,-,b3458,leucine transporter subunit,163.0,1110.0,1,0,0,0,0,0
3595818,+,b3459,PanD autocleavage accelerator%2C panothenate synthesis,189.0,384.0,0,1,0,0,0,0
3595895,+,b3459,PanD autocleavage accelerator%2C panothenate synthesis,112.0,384.0,1,0,0,0,0,0
3596091,+,b3459,PanD autocleavage accelerator%2C panothenate synthesis,,384.0,0,0,1,0,0,0
3596839,+,b3460,leucine%2Fisoleucine%2Fvaline transporter subunit,,1104.0,0,0,0,1,0,1
3597784,-,b3460,leucine%2Fisoleucine%2Fvaline transporter subunit,103.0,1104.0,1,0,0,0,0,0
3597817,-,b3460,leucine%2Fisoleucine%2Fvaline transporter subunit,136.0,1104.0,0,1,0,0,0,0
3598668,-,b3461,RNA polymerase%2C sigma 32 %28sigma H%29 factor,,855.0,0,0,1,0,0,0
3598872,-,b3461,RNA polymerase%2C sigma 32 %28sigma H%29 factor,66.0,855.0,0,1,0,0,0,0
3598886,-,b3461,RNA polymerase%2C sigma 32 %28sigma H%29 factor,80.0,855.0,0,1,0,0,0,0
3599025,-,b3461,RNA polymerase%2C sigma 32 %28sigma H%29 factor,219.0,855.0,1,0,0,0,0,0
3599027,-,b3461,RNA polymerase%2C sigma 32 %28sigma H%29 factor,221.0,855.0,0,1,0,0,0,0
3599276,-,b3462,putative transporter subunit: membrane component of ABC superfamily,,1059.0,0,0,1,0,0,0
3600233,+,b3463,putative transporter subunit: ATP-binding component of ABC superfamily,,669.0,0,0,0,1,0,1
3600253,+,b3463,putative transporter subunit: ATP-binding component of ABC superfamily,,669.0,0,0,0,1,0,1
3600779,+,b3463,putative transporter subunit: ATP-binding component of ABC superfamily,,669.0,0,0,0,1,0,1
3600887,-,b3463,putative transporter subunit: ATP-binding component of ABC superfamily,117.0,669.0,1,0,0,0,0,0
3602339,-,b3464,Signal Recognition Particle %28SRP%29 receptor,73.0,1494.0,1,0,0,0,0,1
3602350,+,b3465,16S rRNA m%282%29G966 methyltransferase%2C SAM-dependent,66.0,597.0,1,0,0,0,0,1
3602402,-,b3464,Signal Recognition Particle %28SRP%29 receptor,136.0,1494.0,0,1,0,0,0,1
3602647,+,b3465,16S rRNA m%282%29G966 methyltransferase%2C SAM-dependent,,597.0,0,0,1,0,0,0
3603153,-,b3466,conserved protein%2C DUF1145 family,,270.0,0,0,0,1,0,1
3603302,-,b3467,conserved protein%2C DUF2500 family,,360.0,0,0,1,0,0,1
3603437,+,b3467,conserved protein%2C DUF2500 family,,360.0,0,0,0,1,0,1
3603656,-,b3467,conserved protein%2C DUF2500 family,23.0,360.0,1,0,0,0,0,0
3603723,+,b3468,putative inner membrane protein%2C TMEM86 family,51.0,627.0,1,0,0,0,0,1
3604298,+,b3469,zinc%2C cobalt and lead efflux system,176.0,2199.0,0,1,0,0,0,0
3604414,+,b3469,zinc%2C cobalt and lead efflux system,60.0,2199.0,1,0,0,0,0,0
3605502,-,b3469,zinc%2C cobalt and lead efflux system,,2199.0,0,0,0,1,0,1
3606075,+,b3469,zinc%2C cobalt and lead efflux system,,2199.0,0,0,1,0,0,0
3606662,+,b3469,zinc%2C cobalt and lead efflux system,,2199.0,0,0,1,0,0,0
3606725,-,b3469,zinc%2C cobalt and lead efflux system,,2199.0,0,0,0,1,0,1
3607043,-,b3470,sulfurtransferase required 2-thiolation step of mnm%285%29-s%282%29U34-tRNA synthesis,24.0,246.0,1,0,0,0,0,0
3607143,+,b3471,inner membrane protein%2C DUF165 family,97.0,666.0,1,0,0,0,0,0
3607168,-,b3470,sulfurtransferase required 2-thiolation step of mnm%285%29-s%282%29U34-tRNA synthesis,149.0,246.0,0,1,0,0,0,1
3607178,+,b3471,inner membrane protein%2C DUF165 family,62.0,666.0,0,1,0,0,0,0
3607222,-,b3470,sulfurtransferase required 2-thiolation step of mnm%285%29-s%282%29U34-tRNA synthesis,203.0,246.0,0,1,0,0,0,1
3607936,+,b3472,periplasmic protein%2C predicted lipoprotein,42.0,558.0,0,1,0,0,0,0
3607940,+,b3472,periplasmic protein%2C predicted lipoprotein,38.0,558.0,1,0,0,0,0,0
3608300,+,b3472,periplasmic protein%2C predicted lipoprotein,,558.0,0,0,1,0,0,0
3608372,-,b3472,periplasmic protein%2C predicted lipoprotein,,558.0,0,0,0,1,0,1
3608739,-,b3473,putative arabinose efflux transporter,,1218.0,0,0,1,0,0,0
3608872,-,b3473,putative arabinose efflux transporter,,1218.0,0,0,1,0,0,0
3608881,-,b3473,putative arabinose efflux transporter,,1218.0,0,0,1,0,0,0
3609411,+,b3473,putative arabinose efflux transporter,,1218.0,0,0,0,1,0,1
3609782,-,b3473,putative arabinose efflux transporter,26.0,1218.0,1,0,0,0,0,0
3610244,+,b3474,inner membrane protein%2C predicted membrane permease%2C UPF0118 family,,1050.0,0,0,1,0,0,0
3610480,-,b3474,inner membrane protein%2C predicted membrane permease%2C UPF0118 family,,1050.0,0,0,0,1,0,1
3610485,+,b3474,inner membrane protein%2C predicted membrane permease%2C UPF0118 family,,1050.0,0,0,1,0,0,0
3610962,+,b3475,holo-%28acyl carrier protein%29 synthase 2,30.0,588.0,1,0,0,0,0,0
3610985,-,b3474,inner membrane protein%2C predicted membrane permease%2C UPF0118 family,,1050.0,0,0,0,1,0,1
3611209,+,b3475,holo-%28acyl carrier protein%29 synthase 2,,588.0,0,0,1,0,0,0
3611651,+,b3476,nickel-binding%2C heme-binding periplasmic protein,39.0,1575.0,1,0,0,0,0,0
3611699,+,b3476,nickel-binding%2C heme-binding periplasmic protein,,1575.0,0,0,1,0,0,0
3612073,-,b3476,nickel-binding%2C heme-binding periplasmic protein,,1575.0,0,0,0,1,0,1
3612145,+,b3476,nickel-binding%2C heme-binding periplasmic protein,,1575.0,0,0,1,0,0,0
3615115,+,b3479,nickel transporter subunit,,765.0,0,0,1,0,0,0
3615583,+,b3480,nickel transporter subunit,216.0,807.0,0,1,0,0,0,0
3615585,-,b3479,nickel transporter subunit,,765.0,0,0,0,1,0,1
3615700,+,b3480,nickel transporter subunit,99.0,807.0,1,0,0,0,0,0
3615795,-,b3479,nickel transporter subunit,,765.0,0,0,0,1,0,1
3615845,+,b3480,nickel transporter subunit,,807.0,0,0,1,0,0,0
3616400,+,b3481,DNA-binding transcriptional repressor%2C Ni-binding,211.0,402.0,0,1,0,0,0,0
3616560,+,b3481,DNA-binding transcriptional repressor%2C Ni-binding,51.0,402.0,1,0,0,0,0,0
3617010,-,b3481,DNA-binding transcriptional repressor%2C Ni-binding,,402.0,0,0,0,1,0,1
3617188,+,b3482,rhsB element core protein RshB,27.0,4236.0,1,0,0,0,0,0
3617590,+,b3482,rhsB element core protein RshB,,4236.0,0,0,1,0,0,0
3618118,-,b3482,rhsB element core protein RshB,,4236.0,0,0,0,1,0,1
3619006,+,b3482,rhsB element core protein RshB,,4236.0,0,0,1,0,0,0
3620313,-,b3482,rhsB element core protein RshB,,4236.0,0,0,0,1,0,1
3621030,+,b3482,rhsB element core protein RshB,,4236.0,0,0,1,0,0,0
3621229,-,b3482,rhsB element core protein RshB,,4236.0,0,0,0,1,0,1
3621639,+,b4552,pseudo,271.0,351.0,1,0,0,0,0,0
3623216,+,b3484,putative transposase,,1137.0,0,0,1,0,0,0
3623242,-,b3484,putative transposase,,1137.0,0,0,0,1,0,1
3623454,+,b3484,putative transposase,,1137.0,0,0,1,0,0,0
3626747,+,b3486,fused ribosome-associated ATPase: ATP-binding protein%2FATP-binding protein%2Fpredicted membrane protein,,2736.0,0,0,0,1,0,1
3627273,+,b3486,fused ribosome-associated ATPase: ATP-binding protein%2FATP-binding protein%2Fpredicted membrane protein,,2736.0,0,0,0,1,0,1
3627507,+,b3486,fused ribosome-associated ATPase: ATP-binding protein%2FATP-binding protein%2Fpredicted membrane protein,,2736.0,0,0,0,1,0,1
3628975,+,b3488,hypothetical protein,,1623.0,0,0,0,1,0,1
3628997,-,b3488,hypothetical protein,,1623.0,0,0,1,0,0,0
3629104,-,b3488,hypothetical protein,,1623.0,0,0,1,0,0,0
3629221,-,b3488,hypothetical protein,,1623.0,0,0,1,0,0,0
3629702,+,b3488,hypothetical protein,,1623.0,0,0,0,1,0,1
3630331,-,b3488,hypothetical protein,,1623.0,0,0,1,0,0,0
3630607,-,b3488,hypothetical protein,,1623.0,0,0,1,0,0,0
3631108,-,b4660,pseudo,,1607.0,0,0,1,0,0,0
3632117,-,b4660,pseudo,,1607.0,0,0,1,0,0,0
3632162,+,b4660,pseudo,,1607.0,0,0,0,1,0,1
3632210,+,b4660,pseudo,,1607.0,0,0,0,1,0,1
3632238,+,b4660,pseudo,,1607.0,0,0,0,1,0,1
3632337,-,b4660,pseudo,,1607.0,0,0,1,0,0,0
3632507,+,b4660,pseudo,,1607.0,0,0,0,1,0,1
3632673,-,b4660,pseudo,192.0,1607.0,1,0,0,0,0,0
3633088,+,b3491,acid resistance protein%2C inner membrane,,1053.0,0,0,1,0,0,0
3634632,+,b3492,putative oxidoreductase with FAD%2FNAD%28P%29-binding domain,,1203.0,0,0,0,1,0,1
3634709,+,b3492,putative oxidoreductase with FAD%2FNAD%28P%29-binding domain,,1203.0,0,0,0,1,0,1
3635419,+,b3493,phosphate transporter%2C low-affinity%3B tellurite importer,246.0,1500.0,0,1,0,0,0,1
3635459,-,b3492,putative oxidoreductase with FAD%2FNAD%28P%29-binding domain,26.0,1203.0,1,0,0,0,0,0
3635527,-,b3492,putative oxidoreductase with FAD%2FNAD%28P%29-binding domain,94.0,1203.0,0,1,0,0,0,0
3635545,+,b3493,phosphate transporter%2C low-affinity%3B tellurite importer,120.0,1500.0,0,1,0,0,0,0
3635601,+,b3493,phosphate transporter%2C low-affinity%3B tellurite importer,64.0,1500.0,0,1,0,0,0,0
3635635,+,b3493,phosphate transporter%2C low-affinity%3B tellurite importer,30.0,1500.0,1,0,0,0,0,0
3636683,-,b3493,phosphate transporter%2C low-affinity%3B tellurite importer,,1500.0,0,0,0,1,0,1
3637403,+,b3494,universal stress %28ethanol tolerance%29 protein B,,336.0,0,0,0,1,0,1
3637461,-,b3494,universal stress %28ethanol tolerance%29 protein B,,336.0,0,0,1,0,0,0
3637869,-,b3494,universal stress %28ethanol tolerance%29 protein B,126.0,336.0,1,0,0,0,0,0
3637928,+,b3495,universal stress global response regulator,206.0,435.0,0,1,0,0,0,0
3637960,+,b3495,universal stress global response regulator,174.0,435.0,1,0,0,0,0,0
3638008,+,b3495,universal stress global response regulator,126.0,435.0,0,1,0,0,0,0
3638544,+,b3495,universal stress global response regulator,,435.0,0,0,1,0,0,0
3638774,+,b3496,dipeptide and tripeptide permease B,111.0,1470.0,0,1,0,0,0,0
3638788,+,b3496,dipeptide and tripeptide permease B,97.0,1470.0,1,0,0,0,0,0
3638853,-,b3496,dipeptide and tripeptide permease B,,1470.0,0,0,0,1,0,1
3638861,+,b3496,dipeptide and tripeptide permease B,24.0,1470.0,0,1,0,0,0,0
3639717,-,b3496,dipeptide and tripeptide permease B,,1470.0,0,0,0,1,0,1
3640274,+,b3496,dipeptide and tripeptide permease B,,1470.0,0,0,1,0,0,0
3640543,-,b3497,16S rRNA m%282%29G1516 methyltransferase%2C SAM-dependent,,753.0,0,0,1,0,0,0
3642342,-,b3498,oligopeptidase A,,2043.0,0,0,1,0,0,0
3642357,+,b3498,oligopeptidase A,,2043.0,0,0,0,1,0,1
3643261,-,b3498,oligopeptidase A,56.0,2043.0,1,0,0,0,0,0
3643272,-,b3498,oligopeptidase A,67.0,2043.0,0,1,0,0,0,0
3643349,+,b3499,23S rRNA m%286%29A2030 methyltransferase%2C SAM-dependent,59.0,843.0,1,0,0,0,0,0
3644038,+,b3500,glutathione oxidoreductase,284.0,1353.0,1,0,0,0,0,0
3645240,+,b3500,glutathione oxidoreductase,,1353.0,0,0,1,0,0,0
3645443,+,b3500,glutathione oxidoreductase,,1353.0,0,0,1,0,0,0
3645886,+,b4613,damage inducible protein,,129.0,0,0,0,1,0,1
3646005,-,b4613,damage inducible protein,149.0,129.0,1,0,0,0,0,0
3646010,-,b4613,damage inducible protein,154.0,129.0,0,1,0,0,0,0
3646316,+,b3501,DNA-binding transcriptional repressor,235.0,354.0,1,0,0,0,0,0
3646533,+,b3501,DNA-binding transcriptional repressor,18.0,354.0,0,1,0,0,0,0
3647950,-,b3502,arsenite%2Fantimonite transporter,,1290.0,0,0,0,1,0,1
3647969,+,b3503,arsenate reductase,291.0,426.0,1,0,0,0,0,0
3648120,+,b3503,arsenate reductase,140.0,426.0,0,1,0,0,0,0
3648342,-,b3502,arsenite%2Fantimonite transporter,,1290.0,0,0,0,1,0,1
3648362,+,b3503,arsenate reductase,,426.0,0,0,1,0,0,0
3648523,+,b3503,arsenate reductase,,426.0,0,0,1,0,0,0
3649099,+,b3504,pseudo,215.0,741.0,1,0,0,0,0,0
3649271,-,b3504,pseudo,,741.0,0,0,0,1,0,1
3651212,-,b3505,IS5 transposase and trans-activator,,1017.0,0,0,1,0,0,1
3651248,-,b3505,IS5 transposase and trans-activator,27.0,1017.0,1,0,0,0,0,1
3651259,-,b3505,IS5 transposase and trans-activator,38.0,1017.0,0,1,0,0,0,1
3651291,-,b3505,IS5 transposase and trans-activator,70.0,1017.0,0,1,0,0,0,1
3651544,+,b3504,pseudo,,483.0,0,0,1,0,0,0
3651718,-,b3504,pseudo,,483.0,0,0,0,1,0,1
3651959,+,b3506,outer membrane lipoprotein,25.0,567.0,1,0,0,0,0,0
3651968,-,b3506,outer membrane lipoprotein,,567.0,0,0,0,1,0,1
3652135,+,b3506,outer membrane lipoprotein,,567.0,0,0,1,0,0,0
3652332,+,b3506,outer membrane lipoprotein,,567.0,0,0,1,0,0,0
3652625,-,b3506,outer membrane lipoprotein,,567.0,0,0,0,1,0,1
3652865,-,b3507,putative DNA-binding transcriptional regulator,,531.0,0,0,0,1,0,1
3652978,-,b3507,putative DNA-binding transcriptional regulator,,531.0,0,0,0,1,0,1
3653504,+,b3508,putative Mg%282%2B%29 transport ATPase%2C inner membrane protein,,648.0,0,0,0,1,0,1
3653965,-,b3508,putative Mg%282%2B%29 transport ATPase%2C inner membrane protein,40.0,648.0,1,0,0,0,0,0
3654332,-,b3509,acid-resistance protein,17.0,327.0,1,0,0,0,0,0
3654505,+,b3510,stress response protein acid-resistance protein,,333.0,0,0,0,1,0,1
3654780,+,b3511,acid-resistance membrane protein,238.0,573.0,0,1,0,0,0,1
3654814,-,b3510,stress response protein acid-resistance protein,51.0,333.0,1,0,0,0,0,0
3654983,+,b3511,acid-resistance membrane protein,35.0,573.0,1,0,0,0,0,0
3655034,+,b3511,acid-resistance membrane protein,,573.0,0,0,1,0,0,0
3656077,-,b4704,antisense sRNA ArrS%2C function unknown,0.0,69.0,1,0,0,0,0,0
3656896,-,b3512,DNA-binding transcriptional activator,,528.0,0,0,0,1,0,1
3657476,+,b3513,anaerobic multidrug efflux transporter%2C ArcA-regulated,,1158.0,0,0,1,0,0,0
3657480,+,b3513,anaerobic multidrug efflux transporter%2C ArcA-regulated,,1158.0,0,0,1,0,0,0
3658346,-,b3513,anaerobic multidrug efflux transporter%2C ArcA-regulated,,1158.0,0,0,0,1,0,1
3658481,-,b3513,anaerobic multidrug efflux transporter%2C ArcA-regulated,,1158.0,0,0,0,1,0,1
3658500,+,b3514,anaerobic multidrug efflux transporter%2C ArcA-regulated,,3114.0,0,0,1,0,0,0
3659013,-,b3514,anaerobic multidrug efflux transporter%2C ArcA-regulated,,3114.0,0,0,0,1,0,1
3659189,+,b3514,anaerobic multidrug efflux transporter%2C ArcA-regulated,,3114.0,0,0,1,0,0,0
3659490,+,b3514,anaerobic multidrug efflux transporter%2C ArcA-regulated,,3114.0,0,0,1,0,0,0
3659998,-,b3514,anaerobic multidrug efflux transporter%2C ArcA-regulated,,3114.0,0,0,0,1,0,1
3660231,+,b3514,anaerobic multidrug efflux transporter%2C ArcA-regulated,,3114.0,0,0,1,0,0,0
3660901,-,b3514,anaerobic multidrug efflux transporter%2C ArcA-regulated,,3114.0,0,0,0,1,0,1
3661323,+,b3514,anaerobic multidrug efflux transporter%2C ArcA-regulated,,3114.0,0,0,1,0,0,0
3661530,+,b3514,anaerobic multidrug efflux transporter%2C ArcA-regulated,,3114.0,0,0,1,0,0,0
3662006,+,b3515,transcriptional activator of gadA and gadBC%3B repressor of gadX,,729.0,0,0,0,1,0,1
3662086,-,b3515,transcriptional activator of gadA and gadBC%3B repressor of gadX,,729.0,0,0,1,0,0,0
3662166,+,b3515,transcriptional activator of gadA and gadBC%3B repressor of gadX,,729.0,0,0,0,1,0,1
3662434,+,b3515,transcriptional activator of gadA and gadBC%3B repressor of gadX,,729.0,0,0,0,1,0,1
3662665,+,b4452,sRNA antisense regulator of gadAB transcriptional activator GadX mRNA%2C Hfq-dependent,222.0,105.0,0,1,0,0,0,1
3662675,-,b3515,transcriptional activator of gadA and gadBC%3B repressor of gadX,34.0,729.0,0,1,0,0,0,0
3662689,-,b3515,transcriptional activator of gadA and gadBC%3B repressor of gadX,48.0,729.0,1,0,0,0,0,0
3662696,+,b4452,sRNA antisense regulator of gadAB transcriptional activator GadX mRNA%2C Hfq-dependent,191.0,105.0,0,1,0,0,0,1
3662763,-,b3515,transcriptional activator of gadA and gadBC%3B repressor of gadX,122.0,729.0,0,1,0,0,0,0
3662797,+,b4452,sRNA antisense regulator of gadAB transcriptional activator GadX mRNA%2C Hfq-dependent,90.0,105.0,0,1,0,0,0,0
3662887,+,b4452,sRNA antisense regulator of gadAB transcriptional activator GadX mRNA%2C Hfq-dependent,0.0,105.0,1,0,0,0,0,0
3663132,-,b3516,DNA-binding transcriptional dual regulator,,825.0,0,0,1,0,0,0
3663181,-,b3516,DNA-binding transcriptional dual regulator,,825.0,0,0,1,0,0,0
3663388,+,b3516,DNA-binding transcriptional dual regulator,,825.0,0,0,0,1,0,1
3663864,-,b3516,DNA-binding transcriptional dual regulator,31.0,825.0,0,1,0,0,0,0
3664083,-,b3516,DNA-binding transcriptional dual regulator,250.0,825.0,1,0,0,0,0,0
3664209,+,b3517,glutamate decarboxylase A%2C PLP-dependent,,1401.0,0,0,0,1,0,1
3664633,+,b3517,glutamate decarboxylase A%2C PLP-dependent,,1401.0,0,0,0,1,0,1
3665441,-,b3517,glutamate decarboxylase A%2C PLP-dependent,,1401.0,0,0,1,0,0,0
3665466,+,b3517,glutamate decarboxylase A%2C PLP-dependent,,1401.0,0,0,0,1,0,1
3665731,-,b3517,glutamate decarboxylase A%2C PLP-dependent,128.0,1401.0,0,1,0,0,0,0
3665864,-,b3517,glutamate decarboxylase A%2C PLP-dependent,261.0,1401.0,1,0,0,0,0,0
3666627,+,b3518,putative cytochrome C peroxidase,,1398.0,0,0,0,1,0,1
3666802,-,b3518,putative cytochrome C peroxidase,,1398.0,0,0,1,0,0,0
3666839,-,b3518,putative cytochrome C peroxidase,,1398.0,0,0,1,0,0,0
3666932,-,b3518,putative cytochrome C peroxidase,,1398.0,0,0,1,0,0,0
3667285,-,b3518,putative cytochrome C peroxidase,74.0,1398.0,1,0,0,0,0,0
3667372,+,b3519,cytoplasmic trehalase,243.0,1650.0,0,1,0,0,0,0
3667411,+,b3519,cytoplasmic trehalase,204.0,1650.0,0,1,0,0,0,0
3667593,+,b3519,cytoplasmic trehalase,22.0,1650.0,1,0,0,0,0,0
3668862,-,b3519,cytoplasmic trehalase,,1650.0,0,0,0,1,0,1
3668870,-,b3519,cytoplasmic trehalase,,1650.0,0,0,0,1,0,1
3669033,+,b3519,cytoplasmic trehalase,,1650.0,0,0,1,0,0,0
3669249,+,b3519,cytoplasmic trehalase,,1650.0,0,0,1,0,0,1
3669318,-,b3520,putative two-component system response regulator%2C LuxR-like HTH domain%2C function unknown,,603.0,0,0,1,0,0,1
3669620,-,b3520,putative two-component system response regulator%2C LuxR-like HTH domain%2C function unknown,,603.0,0,0,1,0,0,0
3669825,-,b3520,putative two-component system response regulator%2C LuxR-like HTH domain%2C function unknown,,603.0,0,0,1,0,0,0
3670004,-,b3520,putative two-component system response regulator%2C LuxR-like HTH domain%2C function unknown,87.0,603.0,1,0,0,0,0,0
3670379,+,b3521,putative DNA-binding transcriptional regulator,58.0,900.0,1,0,0,0,0,0
3670624,-,b3521,putative DNA-binding transcriptional regulator,,900.0,0,0,0,1,0,1
3671635,+,b3522,putative alternate lipid exporter%2C suppressor of msbA and KDO essentiality%2C inner membrane protein,,1014.0,0,0,1,0,0,0
3671692,-,b3522,putative alternate lipid exporter%2C suppressor of msbA and KDO essentiality%2C inner membrane protein,,1014.0,0,0,0,1,0,1
3671935,+,b3522,putative alternate lipid exporter%2C suppressor of msbA and KDO essentiality%2C inner membrane protein,,1014.0,0,0,1,0,0,0
3672509,+,b3523,inner membrane protein%2C predicted transporter,300.0,1323.0,0,1,0,0,0,0
3672782,+,b3523,inner membrane protein%2C predicted transporter,27.0,1323.0,1,0,0,0,0,0
3674174,-,b3523,inner membrane protein%2C predicted transporter,,1323.0,0,0,0,1,0,1
3674585,-,b3524,Inner membrane protein%2C AsmA family,,2061.0,0,0,1,0,0,0
3675410,+,b3524,Inner membrane protein%2C AsmA family,,2061.0,0,0,0,1,0,1
3675942,+,b3524,Inner membrane protein%2C AsmA family,,2061.0,0,0,0,1,0,1
3677015,+,b3525,cyclic-di-GMP phosphodiesterase%2C FlhDC-regulated,,768.0,0,0,0,1,0,1
3677250,-,b3525,cyclic-di-GMP phosphodiesterase%2C FlhDC-regulated,40.0,768.0,1,0,0,0,0,0
3677255,-,b3525,cyclic-di-GMP phosphodiesterase%2C FlhDC-regulated,45.0,768.0,0,1,0,0,0,0
3677415,+,b3526,ketodeoxygluconokinase,27.0,930.0,1,0,0,0,0,0
3677511,-,b3526,ketodeoxygluconokinase,,930.0,0,0,0,1,0,1
3678736,-,b3527,putative zinc-dependent peptidase,,1497.0,0,0,1,0,0,0
3678766,-,b3527,putative zinc-dependent peptidase,,1497.0,0,0,1,0,0,0
3679784,+,b3527,putative zinc-dependent peptidase,,1497.0,0,0,0,1,0,1
3680044,+,b3527,putative zinc-dependent peptidase,,1497.0,0,0,0,1,0,1
3680123,-,b3527,putative zinc-dependent peptidase,160.0,1497.0,1,0,0,0,0,0
3680580,-,b3528,C4-dicarboxylic acid%2C orotate and citrate transporter,,1287.0,0,0,1,0,0,0
3680695,+,b3528,C4-dicarboxylic acid%2C orotate and citrate transporter,,1287.0,0,0,0,1,0,1
3680841,-,b3528,C4-dicarboxylic acid%2C orotate and citrate transporter,,1287.0,0,0,1,0,0,0
3681521,-,b3528,C4-dicarboxylic acid%2C orotate and citrate transporter,51.0,1287.0,1,0,0,0,0,0
3682082,-,b3529,cyclic-di-GMP phosphodiesterase,,1989.0,0,0,1,0,0,0
3683449,-,b3529,cyclic-di-GMP phosphodiesterase,,1989.0,0,0,1,0,0,0
3683462,-,b3529,cyclic-di-GMP phosphodiesterase,,1989.0,0,0,1,0,0,0
3683670,-,b3529,cyclic-di-GMP phosphodiesterase,29.0,1989.0,1,0,0,0,0,0
3684226,-,b3530,cellulose synthase subunit,,3474.0,0,0,1,0,0,0
3684328,-,b3530,cellulose synthase subunit,,3474.0,0,0,1,0,0,0
3685544,+,b3530,cellulose synthase subunit,,3474.0,0,0,0,1,0,1
3685834,-,b3530,cellulose synthase subunit,,3474.0,0,0,1,0,0,0
3686562,-,b3530,cellulose synthase subunit,,3474.0,0,0,1,0,0,0
3687052,+,b3530,cellulose synthase subunit,,3474.0,0,0,0,1,0,1
3689474,-,b3532,regulator of cellulose synthase%2C cyclic di-GMP binding,,2340.0,0,0,1,0,0,0
3689728,+,b3532,regulator of cellulose synthase%2C cyclic di-GMP binding,,2340.0,0,0,0,1,0,1
3689819,-,b3532,regulator of cellulose synthase%2C cyclic di-GMP binding,,2340.0,0,0,1,0,0,0
3690162,+,b3532,regulator of cellulose synthase%2C cyclic di-GMP binding,,2340.0,0,0,0,1,0,1
3690649,+,b3532,regulator of cellulose synthase%2C cyclic di-GMP binding,,2340.0,0,0,0,1,0,1
3692902,-,b3533,cellulose synthase%2C catalytic subunit,,2619.0,0,0,1,0,0,0
3693655,+,b3534,pseudo,,753.0,0,0,0,1,0,1
3694022,-,b3534,pseudo,14.0,753.0,1,0,0,0,0,0
3694152,+,b3535,hypothetical protein,,189.0,0,0,0,1,0,1
3694260,+,b3536,cellulose production protein,221.0,1572.0,1,0,0,0,0,1
3694387,-,b3535,hypothetical protein,179.0,189.0,1,0,0,0,0,1
3694416,-,b3535,hypothetical protein,208.0,189.0,0,1,0,0,0,1
3694420,+,b3536,cellulose production protein,61.0,1572.0,0,1,0,0,0,0
3694518,-,b3536,cellulose production protein,,1572.0,0,0,0,1,0,1
3694770,+,b3536,cellulose production protein,,1572.0,0,0,1,0,0,0
3695090,-,b3536,cellulose production protein,,1572.0,0,0,0,1,0,1
3695256,+,b3536,cellulose production protein,,1572.0,0,0,1,0,0,0
3695449,+,b3536,cellulose production protein,,1572.0,0,0,1,0,0,0
3696175,-,b3537,hypothetical protein,,192.0,0,0,0,1,0,1
3697260,+,b3538,inner membrane protein%2C predicted endoglucanase%2C DUF3260 family,,1680.0,0,0,1,0,0,0
3698137,+,b4454,sRNA antisense regulator affects LdrD translation%3B proposed addiction module in LDR-D repeat%2C with toxic peptide LdrD,22.0,66.0,0,1,0,0,0,1
3698159,+,b4454,sRNA antisense regulator affects LdrD translation%3B proposed addiction module in LDR-D repeat%2C with toxic peptide LdrD,0.0,66.0,1,0,0,0,0,1
3698295,-,b4454,sRNA antisense regulator affects LdrD translation%3B proposed addiction module in LDR-D repeat%2C with toxic peptide LdrD,,66.0,0,0,0,1,0,1
3698454,+,b3539,putative transporter,132.0,1272.0,1,0,0,0,0,0
3698609,+,b3539,putative transporter,,1272.0,0,0,1,0,0,0
3698769,+,b3539,putative transporter,,1272.0,0,0,1,0,0,0
3698825,-,b3539,putative transporter,,1272.0,0,0,0,1,0,1
3699202,-,b3539,putative transporter,,1272.0,0,0,0,1,0,1
3699320,-,b3539,putative transporter,,1272.0,0,0,0,1,0,1
3699572,+,b3539,putative transporter,,1272.0,0,0,1,0,0,0
3699731,+,b3539,putative transporter,,1272.0,0,0,1,0,0,0
3699836,+,b3539,putative transporter,,1272.0,0,0,1,0,0,1
3700508,+,b3540,dipeptide transporter,,1005.0,0,0,0,1,0,1
3702380,-,b3542,dipeptide%2Fheme transporter,,903.0,0,0,1,0,0,0
3703071,+,b3543,dipeptide%2Fheme transporter,,1020.0,0,0,0,1,0,1
3703269,+,b3543,dipeptide%2Fheme transporter,,1020.0,0,0,0,1,0,1
3704297,+,b3544,dipeptide transporter,,1608.0,0,0,0,1,0,1
3704494,-,b3544,dipeptide transporter,,1608.0,0,0,1,0,0,0
3705893,-,b3544,dipeptide transporter,165.0,1608.0,1,0,0,0,0,0
3706720,-,b3545,tRNA-Pro,5.0,77.0,1,0,0,0,0,0
3706902,-,b3545,tRNA-Pro,187.0,77.0,0,1,0,0,0,0
3706920,+,b3546,KDO phosphoethanolamine transferase%2C Ca%282%2B%29-inducible,,1692.0,0,0,0,1,0,1
3707307,+,b3546,KDO phosphoethanolamine transferase%2C Ca%282%2B%29-inducible,,1692.0,0,0,0,1,0,1
3707558,-,b3546,KDO phosphoethanolamine transferase%2C Ca%282%2B%29-inducible,,1692.0,0,0,1,0,0,0
3707730,-,b3546,KDO phosphoethanolamine transferase%2C Ca%282%2B%29-inducible,,1692.0,0,0,1,0,0,0
3707749,+,b3546,KDO phosphoethanolamine transferase%2C Ca%282%2B%29-inducible,,1692.0,0,0,0,1,0,1
3707982,-,b3546,KDO phosphoethanolamine transferase%2C Ca%282%2B%29-inducible,,1692.0,0,0,1,0,0,0
3708602,-,b3546,KDO phosphoethanolamine transferase%2C Ca%282%2B%29-inducible,104.0,1692.0,1,0,0,0,0,0
3708606,-,b3546,KDO phosphoethanolamine transferase%2C Ca%282%2B%29-inducible,108.0,1692.0,0,1,0,0,0,0
3708692,-,b3546,KDO phosphoethanolamine transferase%2C Ca%282%2B%29-inducible,194.0,1692.0,0,1,0,0,0,0
3708951,-,b3547,inner membrane protein%2C predicted oxalate-formate antiporter,,1209.0,0,0,1,0,0,0
3710313,+,b3548,hypothetical protein,,699.0,0,0,0,1,0,1
3710765,+,b3548,hypothetical protein,,699.0,0,0,0,1,0,1
3710962,+,b3549,3-methyl-adenine DNA glycosylase I%2C constitutive,153.0,564.0,0,1,0,0,0,1
3711033,-,b3548,hypothetical protein,76.0,699.0,1,0,0,0,0,1
3711034,+,b3549,3-methyl-adenine DNA glycosylase I%2C constitutive,81.0,564.0,1,0,0,0,0,1
3711840,-,b3550,putative acyltransferase with acyl-CoA N-acyltransferase domain,,441.0,0,0,0,1,0,1
3712069,+,b3550,putative acyltransferase with acyl-CoA N-acyltransferase domain,,441.0,0,0,1,0,0,1
3712354,-,b3551,biotin sulfoxide reductase,,2334.0,0,0,1,0,0,0
3712868,-,b3551,biotin sulfoxide reductase,,2334.0,0,0,1,0,0,0
3712949,-,b3551,biotin sulfoxide reductase,,2334.0,0,0,1,0,0,0
3713460,-,b3551,biotin sulfoxide reductase,,2334.0,0,0,1,0,0,0
3714320,-,b3551,biotin sulfoxide reductase,,2334.0,0,0,1,0,0,0
3714451,-,b3551,biotin sulfoxide reductase,34.0,2334.0,0,1,0,0,0,0
3714505,-,b3551,biotin sulfoxide reductase,88.0,2334.0,0,1,0,0,0,1
3714525,+,b3552,multicopy suppressor of bamB%3B outer membrane lipoprotein,45.0,660.0,1,0,0,0,0,0
3714534,-,b3551,biotin sulfoxide reductase,117.0,2334.0,1,0,0,0,0,1
3714979,-,b3552,multicopy suppressor of bamB%3B outer membrane lipoprotein,,660.0,0,0,0,1,0,1
3715310,+,b3553,glyoxylate%2Fhydroxypyruvate reductase B,23.0,975.0,1,0,0,0,0,0
3715467,-,b3553,glyoxylate%2Fhydroxypyruvate reductase B,,975.0,0,0,0,1,0,1
3716197,+,b3553,glyoxylate%2Fhydroxypyruvate reductase B,,975.0,0,0,1,0,0,0
3716423,-,b3554,hypothetical protein,,711.0,0,0,1,0,0,0
3716449,+,b3554,hypothetical protein,,711.0,0,0,0,1,0,1
3716835,-,b3554,hypothetical protein,,711.0,0,0,1,0,0,0
3717120,-,b3554,hypothetical protein,53.0,711.0,1,0,0,0,0,0
3717143,-,b3554,hypothetical protein,76.0,711.0,0,1,0,0,0,0
3717151,-,b3554,hypothetical protein,84.0,711.0,0,1,0,0,0,0
3717336,+,b3555,putative transcriptional regulator%2C HTH_CROC1 family,165.0,291.0,0,1,0,0,0,0
3717454,+,b3555,putative transcriptional regulator%2C HTH_CROC1 family,47.0,291.0,1,0,0,0,0,0
3717912,+,b3556,RNA chaperone and anti-terminator%2C cold-inducible,160.0,213.0,1,0,0,0,0,0
3718873,+,b3557,IS150 transposase A,,522.0,0,0,1,0,0,0
3719297,-,b3557,IS150 transposase A,,522.0,0,0,0,1,0,1
3719826,-,b3558,IS150 transposase B,,852.0,0,0,0,1,0,1
3719887,+,b4614,pseudo,212.0,30.0,0,1,0,0,0,0
3719955,+,b4614,pseudo,144.0,30.0,1,0,0,0,0,0
3720251,+,b3559,glycine tRNA synthetase%2C beta subunit,,2070.0,0,0,0,1,0,1
3720573,-,b3559,glycine tRNA synthetase%2C beta subunit,,2070.0,0,0,1,0,0,0
3721818,+,b3559,glycine tRNA synthetase%2C beta subunit,,2070.0,0,0,0,1,0,1
3722494,+,b3559,glycine tRNA synthetase%2C beta subunit,,2070.0,0,0,0,1,0,1
3723377,-,b3560,glycine tRNA synthetase%2C alpha subunit,36.0,912.0,1,0,0,0,0,0
3723610,-,b3560,glycine tRNA synthetase%2C alpha subunit,269.0,912.0,0,1,0,0,0,0
3723792,+,b3561,O-acetyltransferase for enterobacterial common antigen %28ECA%29,118.0,996.0,0,1,0,0,0,1
3723794,+,b3561,O-acetyltransferase for enterobacterial common antigen %28ECA%29,116.0,996.0,1,0,0,0,0,1
3723804,+,b3561,O-acetyltransferase for enterobacterial common antigen %28ECA%29,106.0,996.0,0,1,0,0,0,1
3723816,-,b4553,hypothetical protein,81.0,300.0,1,0,0,0,0,1
3723832,+,b3561,O-acetyltransferase for enterobacterial common antigen %28ECA%29,78.0,996.0,0,1,0,0,0,1
3724468,+,b3561,O-acetyltransferase for enterobacterial common antigen %28ECA%29,,996.0,0,0,1,0,0,0
3724827,+,b3561,O-acetyltransferase for enterobacterial common antigen %28ECA%29,,996.0,0,0,1,0,0,0
3725035,-,b3562,inner membrane protein%2C YiaAB family,,438.0,0,0,1,0,0,0
3725168,+,b3562,inner membrane protein%2C YiaAB family,,438.0,0,0,0,1,0,1
3725305,-,b3562,inner membrane protein%2C YiaAB family,,438.0,0,0,1,0,0,0
3725334,-,b3562,inner membrane protein%2C YiaAB family,,438.0,0,0,1,0,0,0
3726654,+,b3564,xylulokinase,,1455.0,0,0,0,1,0,1
3726799,+,b3564,xylulokinase,,1455.0,0,0,0,1,0,1
3726954,+,b3564,xylulokinase,,1455.0,0,0,0,1,0,1
3727122,+,b3564,xylulokinase,,1455.0,0,0,0,1,0,1
3727386,+,b3564,xylulokinase,,1455.0,0,0,0,1,0,1
3727694,-,b3564,xylulokinase,300.0,1455.0,1,0,0,0,0,0
3727988,-,b3565,D-xylose isomerase,,1323.0,0,0,1,0,0,0
3728712,-,b3565,D-xylose isomerase,,1323.0,0,0,1,0,0,0
3729094,+,b3566,D-xylose transporter subunit,60.0,993.0,1,0,0,0,0,0
3729768,-,b3566,D-xylose transporter subunit,,993.0,0,0,0,1,0,1
3730392,+,b3567,fused D-xylose transporter subunits of ABC superfamily: ATP-binding components,,1542.0,0,0,1,0,0,0
3730533,+,b3567,fused D-xylose transporter subunits of ABC superfamily: ATP-binding components,,1542.0,0,0,1,0,0,0
3730606,-,b3567,fused D-xylose transporter subunits of ABC superfamily: ATP-binding components,,1542.0,0,0,0,1,0,1
3730754,-,b3567,fused D-xylose transporter subunits of ABC superfamily: ATP-binding components,,1542.0,0,0,0,1,0,1
3730806,-,b3567,fused D-xylose transporter subunits of ABC superfamily: ATP-binding components,,1542.0,0,0,0,1,0,1
3730866,+,b3567,fused D-xylose transporter subunits of ABC superfamily: ATP-binding components,,1542.0,0,0,1,0,0,0
3730913,-,b3567,fused D-xylose transporter subunits of ABC superfamily: ATP-binding components,,1542.0,0,0,0,1,0,1
3731033,-,b3567,fused D-xylose transporter subunits of ABC superfamily: ATP-binding components,,1542.0,0,0,0,1,0,1
3731387,+,b3567,fused D-xylose transporter subunits of ABC superfamily: ATP-binding components,,1542.0,0,0,1,0,0,0
3732840,+,b3569,DNA-binding transcriptional activator%2C xylose-binding,162.0,1179.0,0,1,0,0,0,0
3732885,+,b3569,DNA-binding transcriptional activator%2C xylose-binding,117.0,1179.0,1,0,0,0,0,0
3733163,+,b3569,DNA-binding transcriptional activator%2C xylose-binding,,1179.0,0,0,1,0,0,0
3733324,-,b3569,DNA-binding transcriptional activator%2C xylose-binding,,1179.0,0,0,0,1,0,1
3733920,+,b3569,DNA-binding transcriptional activator%2C xylose-binding,,1179.0,0,0,1,0,0,0
3734616,-,b3570,hypothetical protein,,825.0,0,0,1,0,0,0
3735030,+,b3570,hypothetical protein,,825.0,0,0,0,1,0,1
3735263,-,b3570,hypothetical protein,63.0,825.0,1,0,0,0,0,0
3735297,-,b3570,hypothetical protein,97.0,825.0,0,1,0,0,0,0
3735336,+,b3571,alpha-amylase,184.0,2031.0,0,1,0,0,0,0
3735378,+,b3571,alpha-amylase,142.0,2031.0,1,0,0,0,0,0
3735643,-,b3571,alpha-amylase,,2031.0,0,0,0,1,0,1
3735987,-,b3571,alpha-amylase,,2031.0,0,0,0,1,0,1
3737095,+,b3571,alpha-amylase,,2031.0,0,0,1,0,0,0
3737203,-,b3571,alpha-amylase,,2031.0,0,0,0,1,0,1
3737530,+,b3572,valine-pyruvate aminotransferase 1,198.0,1254.0,0,1,0,0,0,0
3737613,+,b3572,valine-pyruvate aminotransferase 1,115.0,1254.0,0,1,0,0,0,0
3737667,-,b3572,valine-pyruvate aminotransferase 1,,1254.0,0,0,0,1,0,1
3737679,-,b3572,valine-pyruvate aminotransferase 1,,1254.0,0,0,0,1,0,1
3737697,+,b3572,valine-pyruvate aminotransferase 1,31.0,1254.0,1,0,0,0,0,0
3738211,-,b3572,valine-pyruvate aminotransferase 1,,1254.0,0,0,0,1,0,1
3738232,+,b3572,valine-pyruvate aminotransferase 1,,1254.0,0,0,1,0,0,0
3738495,-,b3572,valine-pyruvate aminotransferase 1,,1254.0,0,0,0,1,0,1
3739310,-,b3573,putative hydrogenase%2C 4Fe-4S ferredoxin-type component,,474.0,0,0,1,0,0,0
3739626,-,b3573,putative hydrogenase%2C 4Fe-4S ferredoxin-type component,21.0,474.0,1,0,0,0,0,0
3739693,+,b3573,putative hydrogenase%2C 4Fe-4S ferredoxin-type component,,474.0,0,0,0,1,0,1
3739856,-,b3573,putative hydrogenase%2C 4Fe-4S ferredoxin-type component,251.0,474.0,0,1,0,0,0,0
3739977,-,b3574,DNA-binding transcriptional repressor of yiaK-S operon,,849.0,0,0,1,0,0,0
3740023,-,b3574,DNA-binding transcriptional repressor of yiaK-S operon,,849.0,0,0,1,0,0,0
3740563,-,b3574,DNA-binding transcriptional repressor of yiaK-S operon,8.0,849.0,1,0,0,0,0,0
3742411,-,b3577,L-dehydroascorbate transporter%2C TRAP permease small subunit for TRAP %28TRipartite ATP-independent Periplasmic%29 family transporter YiaMNO,,474.0,0,0,0,1,0,1
3742437,+,b3577,L-dehydroascorbate transporter%2C TRAP permease small subunit for TRAP %28TRipartite ATP-independent Periplasmic%29 family transporter YiaMNO,,474.0,0,0,1,0,0,0
3747997,+,b3583,L-ribulose-5-phosphate 4-epimerase,112.0,696.0,1,0,0,0,0,0
3748239,+,b3583,L-ribulose-5-phosphate 4-epimerase,,696.0,0,0,1,0,0,0
3748539,+,b3583,L-ribulose-5-phosphate 4-epimerase,,696.0,0,0,1,0,0,0
3748750,+,b3583,L-ribulose-5-phosphate 4-epimerase,,696.0,0,0,1,0,0,1
3749004,-,b4648,pseudo,67.0,102.0,1,0,0,0,0,1
3749369,-,b3584,putative outer membrane protein,,741.0,0,0,1,0,0,0
3749619,+,b3584,putative outer membrane protein,,741.0,0,0,0,1,0,1
3749762,-,b3584,putative outer membrane protein,,741.0,0,0,1,0,0,0
3749991,+,b3585,putative DNA-binding transcriptional regulator,24.0,975.0,1,0,0,0,0,1
3751234,-,b3586,membrane fusion protein %28MFP%29 component of efflux pump%2C signal anchor,,1137.0,0,0,1,0,0,0
3751489,+,b3586,membrane fusion protein %28MFP%29 component of efflux pump%2C signal anchor,,1137.0,0,0,0,1,0,1
3751701,+,b3586,membrane fusion protein %28MFP%29 component of efflux pump%2C signal anchor,,1137.0,0,0,0,1,0,1
3752389,+,b3587,inner membrane protein%2C DUF3302 family,,324.0,0,0,0,1,0,1
3754687,-,b3588,aldehyde dehydrogenase B,153.0,1539.0,1,0,0,0,0,0
3758630,+,b3591,selenocysteine synthase,,1392.0,0,0,0,1,0,1
3759762,-,b3592,glutathione S-transferase homolog,,609.0,0,0,1,0,0,0
3760005,-,b3592,glutathione S-transferase homolog,27.0,609.0,1,0,0,0,0,0
3760168,+,b3593,rhsA element core protein RshA,38.0,4134.0,1,0,0,0,0,0
3760581,+,b3593,rhsA element core protein RshA,,4134.0,0,0,1,0,0,0
3761109,-,b3593,rhsA element core protein RshA,,4134.0,0,0,0,1,0,1
3761997,+,b3593,rhsA element core protein RshA,,4134.0,0,0,1,0,0,0
3763304,-,b3593,rhsA element core protein RshA,,4134.0,0,0,0,1,0,1
3764095,+,b3594,putative lyase containing HEAT-repeat,265.0,843.0,0,1,0,0,0,0
3764114,-,b3593,rhsA element core protein RshA,,4134.0,0,0,0,1,0,1
3764123,+,b3594,putative lyase containing HEAT-repeat,237.0,843.0,1,0,0,0,0,0
3764171,-,b3593,rhsA element core protein RshA,,4134.0,0,0,0,1,0,1
3764250,-,b3593,rhsA element core protein RshA,,4134.0,0,0,0,1,0,1
3764361,-,b3593,rhsA element core protein RshA,,4134.0,0,0,0,1,0,1
3765083,+,b3595,pseudo,161.0,945.0,0,1,0,0,0,0
3765092,+,b3595,pseudo,152.0,945.0,0,1,0,0,0,0
3765157,-,b3594,putative lyase containing HEAT-repeat,,843.0,0,0,0,1,0,1
3765176,+,b3595,pseudo,68.0,945.0,1,0,0,0,0,0
3765702,-,b3595,pseudo,,945.0,0,0,0,1,0,1
3765719,+,b3595,pseudo,,945.0,0,0,1,0,0,0
3765833,-,b3595,pseudo,,945.0,0,0,0,1,0,1
3766708,+,b4651,pseudo,207.0,365.0,1,0,0,0,0,0
3766916,+,b4651,pseudo,,365.0,0,0,1,0,0,0
3768753,-,b3597,hypothetical protein,,1137.0,0,0,1,0,0,0
3769150,-,b3597,hypothetical protein,,1137.0,0,0,1,0,0,0
3769412,+,b3597,hypothetical protein,,1137.0,0,0,0,1,0,1
3769834,-,b3598,inner membrane protein%2C DUF3302 family,67.0,363.0,1,0,0,0,0,0
3769914,-,b3598,inner membrane protein%2C DUF3302 family,147.0,363.0,0,1,0,0,0,0
3770149,+,b3599,fused mannitol-specific PTS enzymes: IIA components%2FIIB components%2FIIC components,155.0,1914.0,0,1,0,0,0,0
3770212,+,b3599,fused mannitol-specific PTS enzymes: IIA components%2FIIB components%2FIIC components,92.0,1914.0,1,0,0,0,0,0
3770234,-,b3599,fused mannitol-specific PTS enzymes: IIA components%2FIIB components%2FIIC components,,1914.0,0,0,0,1,0,1
3770330,+,b3599,fused mannitol-specific PTS enzymes: IIA components%2FIIB components%2FIIC components,,1914.0,0,0,1,0,0,0
3770523,+,b3599,fused mannitol-specific PTS enzymes: IIA components%2FIIB components%2FIIC components,,1914.0,0,0,1,0,0,0
3771212,+,b3599,fused mannitol-specific PTS enzymes: IIA components%2FIIB components%2FIIC components,,1914.0,0,0,1,0,0,0
3771788,+,b3599,fused mannitol-specific PTS enzymes: IIA components%2FIIB components%2FIIC components,,1914.0,0,0,1,0,0,0
3772281,-,b3599,fused mannitol-specific PTS enzymes: IIA components%2FIIB components%2FIIC components,,1914.0,0,0,0,1,0,1
3773122,+,b3600,mannitol-1-phosphate dehydrogenase%2C NAD-dependent,,1149.0,0,0,1,0,0,0
3773826,+,b3601,mannitol operon repressor,,588.0,0,0,1,0,0,0
3774469,-,b4554,hypothetical protein,66.0,210.0,1,0,0,0,0,0
3774660,-,b4554,hypothetical protein,257.0,210.0,0,1,0,0,0,1
3775312,+,b3603,L-lactate permease,110.0,1656.0,0,1,0,0,0,0
3775315,+,b3603,L-lactate permease,107.0,1656.0,1,0,0,0,0,0
3775494,+,b3603,L-lactate permease,,1656.0,0,0,1,0,0,0
3775608,+,b3603,L-lactate permease,,1656.0,0,0,1,0,0,0
3776962,-,b3603,L-lactate permease,,1656.0,0,0,0,1,0,1
3777947,+,b3605,L-lactate dehydrogenase%2C FMN-linked,,1191.0,0,0,1,0,0,0
3778476,+,b3605,L-lactate dehydrogenase%2C FMN-linked,,1191.0,0,0,1,0,0,0
3778499,-,b3605,L-lactate dehydrogenase%2C FMN-linked,,1191.0,0,0,0,1,0,1
3779222,+,b3606,tRNA Leu mC34%2CmU34 2%27-O-methyltransferase%2C SAM-dependent,16.0,474.0,1,0,0,0,0,0
3779239,-,b3606,tRNA Leu mC34%2CmU34 2%27-O-methyltransferase%2C SAM-dependent,,474.0,0,0,0,1,0,1
3779388,-,b3606,tRNA Leu mC34%2CmU34 2%27-O-methyltransferase%2C SAM-dependent,,474.0,0,0,0,1,0,1
3780041,-,b3607,serine acetyltransferase,,822.0,0,0,1,0,0,0
3781059,-,b3608,glycerol-3-phosphate dehydrogenase %28NAD%2B%29,,1020.0,0,0,1,0,0,0
3781701,+,b3608,glycerol-3-phosphate dehydrogenase %28NAD%2B%29,,1020.0,0,0,0,1,0,1
3782226,-,b3609,protein export chaperone,75.0,468.0,1,0,0,0,0,0
3782257,-,b3609,protein export chaperone,106.0,468.0,0,1,0,0,0,0
3782990,-,b3611,putative rhodanese-related sulfurtransferase,,432.0,0,0,1,0,0,0
3783003,+,b3612,phosphoglycero mutase III%2C cofactor-independent,280.0,1545.0,0,1,0,0,0,1
3783037,+,b3612,phosphoglycero mutase III%2C cofactor-independent,246.0,1545.0,1,0,0,0,0,1
3783077,-,b3611,putative rhodanese-related sulfurtransferase,39.0,432.0,1,0,0,0,0,0
3783209,+,b3612,phosphoglycero mutase III%2C cofactor-independent,74.0,1545.0,0,1,0,0,0,0
3785825,+,b3614,putative polysaccharide deacetylase,299.0,960.0,0,1,0,0,0,0
3785974,+,b3614,putative polysaccharide deacetylase,150.0,960.0,1,0,0,0,0,0
3786451,+,b3614,putative polysaccharide deacetylase,,960.0,0,0,1,0,0,0
3786568,+,b3614,putative polysaccharide deacetylase,,960.0,0,0,1,0,0,0
3786946,-,b3614,putative polysaccharide deacetylase,,960.0,0,0,0,1,0,1
3787053,-,b3614,putative polysaccharide deacetylase,,960.0,0,0,0,1,0,1
3788063,-,b3615,putative glycosyl transferase,,1035.0,0,0,1,0,0,0
3788558,-,b3616,threonine 3-dehydrogenase%2C NAD%28P%29-binding,,1026.0,0,0,1,0,0,0
3788568,+,b3616,threonine 3-dehydrogenase%2C NAD%28P%29-binding,,1026.0,0,0,0,1,0,1
3790600,-,b3617,glycine C-acetyltransferase,26.0,1197.0,1,0,0,0,0,0
3790698,-,b3617,glycine C-acetyltransferase,124.0,1197.0,0,1,0,0,0,0
3790746,-,b3617,glycine C-acetyltransferase,172.0,1197.0,0,1,0,0,0,0
3791016,-,b3618,conserved protein%2C pfam09612 family,,858.0,0,0,1,0,0,0
3791734,-,b3618,conserved protein%2C pfam09612 family,28.0,858.0,1,0,0,0,0,0
3791776,+,b3619,ADP-L-glycero-D-mannoheptose-6-epimerase%2C NAD%28P%29-binding,234.0,933.0,0,1,0,0,0,1
3791815,-,b3618,conserved protein%2C pfam09612 family,109.0,858.0,0,1,0,0,0,0
3791887,-,b3618,conserved protein%2C pfam09612 family,181.0,858.0,0,1,0,0,0,0
3791904,+,b3619,ADP-L-glycero-D-mannoheptose-6-epimerase%2C NAD%28P%29-binding,106.0,933.0,0,1,0,0,0,0
3791962,+,b3619,ADP-L-glycero-D-mannoheptose-6-epimerase%2C NAD%28P%29-binding,48.0,933.0,1,0,0,0,0,0
3792262,-,b3619,ADP-L-glycero-D-mannoheptose-6-epimerase%2C NAD%28P%29-binding,,933.0,0,0,0,1,0,1
3792819,+,b3620,ADP-heptose:LPS heptosyltransferase II,133.0,1047.0,1,0,0,0,0,0
3793309,+,b3620,ADP-heptose:LPS heptosyltransferase II,,1047.0,0,0,1,0,0,0
3793374,-,b3620,ADP-heptose:LPS heptosyltransferase II,,1047.0,0,0,0,1,0,1
3793920,-,b3620,ADP-heptose:LPS heptosyltransferase II,,1047.0,0,0,0,1,0,1
3793988,+,b3621,ADP-heptose:LPS heptosyl transferase I,14.0,960.0,1,0,0,0,0,0
3794372,-,b3621,ADP-heptose:LPS heptosyl transferase I,,960.0,0,0,0,1,0,1
3794380,-,b3621,ADP-heptose:LPS heptosyl transferase I,,960.0,0,0,0,1,0,1
3794396,+,b3621,ADP-heptose:LPS heptosyl transferase I,,960.0,0,0,1,0,0,0
3794557,+,b3621,ADP-heptose:LPS heptosyl transferase I,,960.0,0,0,1,0,0,0
3794997,+,b3622,O-antigen ligase,,1260.0,0,0,1,0,0,0
3795128,-,b3622,O-antigen ligase,,1260.0,0,0,0,1,0,1
3795436,+,b3622,O-antigen ligase,,1260.0,0,0,1,0,0,0
3796323,-,b3623,lipopolysaccharide core biosynthesis,,1074.0,0,0,1,0,0,1
3796434,+,b3623,lipopolysaccharide core biosynthesis,,1074.0,0,0,0,1,0,1
3796943,+,b3623,lipopolysaccharide core biosynthesis,,1074.0,0,0,0,1,0,1
3796954,+,b3623,lipopolysaccharide core biosynthesis,,1074.0,0,0,0,1,0,1
3799061,+,b3625,lipopolysaccharide core biosynthesis protein,,699.0,0,0,0,1,0,1
3799387,-,b3626,UDP-D-glucose:%28galactosyl%29lipopolysaccharide glucosyltransferase,,1017.0,0,0,1,0,0,0
3800135,+,b3627,UDP-D-galactose:%28glucosyl%29lipopolysaccharide-alpha-1%2C3-D-galactosyltransferase,,1020.0,0,0,0,1,0,1
3800288,-,b3626,UDP-D-glucose:%28galactosyl%29lipopolysaccharide glucosyltransferase,266.0,1017.0,1,0,0,0,0,0
3800399,-,b3627,UDP-D-galactose:%28glucosyl%29lipopolysaccharide-alpha-1%2C3-D-galactosyltransferase,,1020.0,0,0,1,0,0,0
3800444,+,b3627,UDP-D-galactose:%28glucosyl%29lipopolysaccharide-alpha-1%2C3-D-galactosyltransferase,,1020.0,0,0,0,1,0,1
3801118,-,b3627,UDP-D-galactose:%28glucosyl%29lipopolysaccharide-alpha-1%2C3-D-galactosyltransferase,37.0,1020.0,1,0,0,0,0,0
3801749,-,b3628,UDP-D-galactose:%28glucosyl%29lipopolysaccharide-1%2C6-D-galactosyltransferase,,1080.0,0,0,1,0,0,0
3802396,+,b3629,lipopolysaccharide core biosynthesis protein,,936.0,0,0,0,1,0,1
3803691,-,b3630,kinase that phosphorylates core heptose of lipopolysaccharide,,798.0,0,0,1,0,0,0
3803854,-,b3630,kinase that phosphorylates core heptose of lipopolysaccharide,,798.0,0,0,1,0,0,0
3804023,+,b3630,kinase that phosphorylates core heptose of lipopolysaccharide,,798.0,0,0,0,1,0,1
3804418,+,b3631,glucosyltransferase I,,1125.0,0,0,0,1,0,1
3804736,-,b3631,glucosyltransferase I,,1125.0,0,0,1,0,0,0
3804896,+,b3631,glucosyltransferase I,,1125.0,0,0,0,1,0,1
3805486,-,b3632,lipopolysaccharide core biosynthesis protein,,1035.0,0,0,1,0,0,0
3806103,-,b3632,lipopolysaccharide core biosynthesis protein,,1035.0,0,0,1,0,0,0
3806261,-,b3632,lipopolysaccharide core biosynthesis protein,140.0,1035.0,1,0,0,0,0,0
3806539,+,b3633,3-deoxy-D-manno-octulosonic-acid transferase %28KDO transferase%29,24.0,1278.0,1,0,0,0,0,0
3806852,+,b3633,3-deoxy-D-manno-octulosonic-acid transferase %28KDO transferase%29,,1278.0,0,0,1,0,0,0
3807066,+,b3633,3-deoxy-D-manno-octulosonic-acid transferase %28KDO transferase%29,,1278.0,0,0,1,0,0,0
3807080,-,b3633,3-deoxy-D-manno-octulosonic-acid transferase %28KDO transferase%29,,1278.0,0,0,0,1,0,1
3807114,-,b3633,3-deoxy-D-manno-octulosonic-acid transferase %28KDO transferase%29,,1278.0,0,0,0,1,0,1
3807432,+,b3633,3-deoxy-D-manno-octulosonic-acid transferase %28KDO transferase%29,,1278.0,0,0,1,0,0,0
3807749,+,b3634,pantetheine-phosphate adenylyltransferase,99.0,480.0,1,0,0,0,0,0
3807758,-,b3633,3-deoxy-D-manno-octulosonic-acid transferase %28KDO transferase%29,,1278.0,0,0,0,1,0,1
3808055,-,b3634,pantetheine-phosphate adenylyltransferase,,480.0,0,0,0,1,0,1
3808074,+,b3634,pantetheine-phosphate adenylyltransferase,,480.0,0,0,1,0,0,0
3808793,-,b3635,formamidopyrimidine%2F5-formyluracil%2F 5-hydroxymethyluracil DNA glycosylase,,810.0,0,0,1,0,0,0
3808981,+,b3635,formamidopyrimidine%2F5-formyluracil%2F 5-hydroxymethyluracil DNA glycosylase,,810.0,0,0,0,1,0,1
3809198,-,b3635,formamidopyrimidine%2F5-formyluracil%2F 5-hydroxymethyluracil DNA glycosylase,23.0,810.0,1,0,0,0,0,0
3809835,-,b3637,50S ribosomal subunit protein L28,138.0,237.0,1,0,0,0,0,0
3809854,+,b3638,conserved protein%2C UPF0758 family,,669.0,0,0,0,1,0,1
3810018,-,b3638,conserved protein%2C UPF0758 family,,669.0,0,0,1,0,0,0
3810060,-,b3638,conserved protein%2C UPF0758 family,,669.0,0,0,1,0,0,0
3810089,+,b3638,conserved protein%2C UPF0758 family,,669.0,0,0,0,1,0,1
3810395,-,b3638,conserved protein%2C UPF0758 family,,669.0,0,0,1,0,0,0
3810600,-,b3638,conserved protein%2C UPF0758 family,18.0,669.0,1,0,0,0,0,0
3810724,+,b3639,fused 4%27-phosphopantothenoylcysteine decarboxylase%2Fphosphopantothenoylcysteine synthetase%2C FMN-binding,30.0,1221.0,1,0,0,0,0,0
3811171,+,b3639,fused 4%27-phosphopantothenoylcysteine decarboxylase%2Fphosphopantothenoylcysteine synthetase%2C FMN-binding,,1221.0,0,0,1,0,0,0
3811561,-,b3639,fused 4%27-phosphopantothenoylcysteine decarboxylase%2Fphosphopantothenoylcysteine synthetase%2C FMN-binding,,1221.0,0,0,0,1,0,1
3811770,+,b3640,deoxyuridinetriphosphatase,185.0,456.0,1,0,0,0,0,0
3811933,+,b3640,deoxyuridinetriphosphatase,22.0,456.0,0,1,0,0,0,0
3812220,+,b3641,DNA-binding anti-FtsZ division inhibitor,297.0,597.0,1,0,0,0,0,0
3812518,+,b3641,DNA-binding anti-FtsZ division inhibitor,,597.0,0,0,1,0,0,0
3813240,-,b3642,orotate phosphoribosyltransferase,,642.0,0,0,1,0,0,0
3813410,-,b3642,orotate phosphoribosyltransferase,,642.0,0,0,1,0,0,0
3813779,+,b3642,orotate phosphoribosyltransferase,,642.0,0,0,0,1,0,1
3813899,+,b3643,defective ribonuclease PH,,687.0,0,0,0,1,0,1
3814600,-,b3643,defective ribonuclease PH,28.0,687.0,1,0,0,0,0,1
3814602,-,b3643,defective ribonuclease PH,30.0,687.0,0,1,0,0,0,1
3814671,+,b3644,conserved protein%2C UPF0701 family,28.0,864.0,1,0,0,0,0,1
3814891,+,b3644,conserved protein%2C UPF0701 family,,864.0,0,0,1,0,0,0
3815527,+,b3645,DNA-damage-inducible protein,256.0,825.0,0,1,0,0,0,0
3815724,+,b3645,DNA-damage-inducible protein,59.0,825.0,1,0,0,0,0,0
3815888,-,b3645,DNA-damage-inducible protein,,825.0,0,0,0,1,0,1
3816134,-,b3645,DNA-damage-inducible protein,,825.0,0,0,0,1,0,1
3816798,-,b3646,inner membrane protein%2C UPF0126 family,,618.0,0,0,0,1,0,1
3817084,-,b3646,inner membrane protein%2C UPF0126 family,,618.0,0,0,0,1,0,1
3817427,+,b3646,inner membrane protein%2C UPF0126 family,,618.0,0,0,1,0,0,1
3817602,+,b3647,DNA ligase%2C NAD%28%2B%29-dependent,,1683.0,0,0,0,1,0,1
3818468,+,b3647,DNA ligase%2C NAD%28%2B%29-dependent,,1683.0,0,0,0,1,0,1
3818732,+,b3647,DNA ligase%2C NAD%28%2B%29-dependent,,1683.0,0,0,0,1,0,1
3819163,-,b3647,DNA ligase%2C NAD%28%2B%29-dependent,,1683.0,0,0,1,0,0,0
3819195,+,b3648,guanylate kinase,256.0,624.0,0,1,0,0,0,1
3819215,-,b3647,DNA ligase%2C NAD%28%2B%29-dependent,22.0,1683.0,1,0,0,0,0,0
3819409,+,b3648,guanylate kinase,42.0,624.0,1,0,0,0,0,0
3819810,-,b3648,guanylate kinase,,624.0,0,0,0,1,0,1
3819822,+,b3648,guanylate kinase,,624.0,0,0,1,0,0,0
3819946,+,b3649,RNA polymerase%2C omega subunit,183.0,276.0,1,0,0,0,0,0
3820119,-,b3648,guanylate kinase,,624.0,0,0,0,1,0,1
3820465,+,b3650,bifunctional %28p%29ppGpp synthetase II%2F guanosine-3%27%2C5%27-bis pyrophosphate 3%27-pyrophosphohydrolase,,2109.0,0,0,1,0,0,0
3820723,-,b3650,bifunctional %28p%29ppGpp synthetase II%2F guanosine-3%27%2C5%27-bis pyrophosphate 3%27-pyrophosphohydrolase,,2109.0,0,0,0,1,0,1
3820746,+,b3650,bifunctional %28p%29ppGpp synthetase II%2F guanosine-3%27%2C5%27-bis pyrophosphate 3%27-pyrophosphohydrolase,,2109.0,0,0,1,0,0,0
3820947,-,b3650,bifunctional %28p%29ppGpp synthetase II%2F guanosine-3%27%2C5%27-bis pyrophosphate 3%27-pyrophosphohydrolase,,2109.0,0,0,0,1,0,1
3821875,+,b3650,bifunctional %28p%29ppGpp synthetase II%2F guanosine-3%27%2C5%27-bis pyrophosphate 3%27-pyrophosphohydrolase,,2109.0,0,0,1,0,0,0
3822236,+,b3650,bifunctional %28p%29ppGpp synthetase II%2F guanosine-3%27%2C5%27-bis pyrophosphate 3%27-pyrophosphohydrolase,,2109.0,0,0,1,0,0,0
3823045,+,b3652,ATP-dependent DNA helicase,188.0,2082.0,1,0,0,0,0,0
3823219,+,b3652,ATP-dependent DNA helicase,14.0,2082.0,0,1,0,0,0,0
3824385,-,b3652,ATP-dependent DNA helicase,,2082.0,0,0,0,1,0,1
3824701,+,b3652,ATP-dependent DNA helicase,,2082.0,0,0,1,0,0,0
3825337,-,b3652,ATP-dependent DNA helicase,,2082.0,0,0,0,1,0,1
3825389,-,b3652,ATP-dependent DNA helicase,,2082.0,0,0,0,1,0,1
3825834,-,b3653,glutamate transporter,,1206.0,0,0,1,0,0,0
3825984,-,b3653,glutamate transporter,,1206.0,0,0,1,0,0,0
3826241,-,b3653,glutamate transporter,,1206.0,0,0,1,0,0,0
3826698,+,b3654,xanthine permease,270.0,1392.0,0,1,0,0,0,1
3826788,-,b3653,glutamate transporter,100.0,1206.0,1,0,0,0,0,0
3826944,+,b3654,xanthine permease,24.0,1392.0,1,0,0,0,0,0
3827177,-,b3654,xanthine permease,,1392.0,0,0,0,1,0,1
3828454,+,b3655,hypothetical protein,26.0,1710.0,1,0,0,0,0,0
3828605,-,b3655,hypothetical protein,,1710.0,0,0,0,1,0,1
3828625,+,b3655,hypothetical protein,,1710.0,0,0,1,0,0,0
3828963,+,b3655,hypothetical protein,,1710.0,0,0,1,0,0,0
3830154,-,b3655,hypothetical protein,,1710.0,0,0,0,1,0,1
3830157,+,b3655,hypothetical protein,,1710.0,0,0,1,0,0,1
3830569,+,b3656,putative alpha-glucosidase,,2319.0,0,0,0,1,0,1
3830715,-,b3656,putative alpha-glucosidase,,2319.0,0,0,1,0,0,0
3830846,-,b3656,putative alpha-glucosidase,,2319.0,0,0,1,0,0,0
3830949,+,b3656,putative alpha-glucosidase,,2319.0,0,0,0,1,0,1
3831119,-,b3656,putative alpha-glucosidase,,2319.0,0,0,1,0,0,0
3831523,+,b3656,putative alpha-glucosidase,,2319.0,0,0,0,1,0,1
3831707,+,b3656,putative alpha-glucosidase,,2319.0,0,0,0,1,0,1
3833852,-,b3657,putative transporter,,1383.0,0,0,1,0,0,0
3834060,+,b3658,tRNA-Sec,185.0,95.0,0,1,0,0,0,0
3834115,+,b3658,tRNA-Sec,130.0,95.0,0,1,0,0,0,0
3834135,+,b3658,tRNA-Sec,110.0,95.0,0,1,0,0,0,0
3834221,+,b3658,tRNA-Sec,24.0,95.0,1,0,0,0,0,0
3834245,+,b3658,tRNA-Sec,0.0,95.0,0,1,0,0,0,0
3834413,+,b4653,pseudo,35.0,132.0,1,0,0,0,0,0
3835743,+,b3659,putative arabinose efflux transporter,,1185.0,0,0,1,0,0,0
3836473,+,b3660,putative inner membrane protein,,924.0,0,0,1,0,0,0
3836773,-,b3660,putative inner membrane protein,,924.0,0,0,0,1,0,1
3837947,+,b4555,putative periplasmic protein,291.0,294.0,0,1,0,0,0,1
3838039,-,b3661,cytoplasmic membrane lipoprotein-28,23.0,819.0,1,0,0,0,0,0
3838205,+,b4555,putative periplasmic protein,33.0,294.0,1,0,0,0,0,0
3838375,+,b4555,putative periplasmic protein,,294.0,0,0,1,0,0,0
3838379,-,b4555,putative periplasmic protein,,294.0,0,0,0,1,0,1
3838524,+,b4555,putative periplasmic protein,,294.0,0,0,1,0,0,1
3838838,-,b3662,putative transporter,,1191.0,0,0,1,0,0,0
3839275,+,b3662,putative transporter,,1191.0,0,0,0,1,0,1
3839794,-,b3662,putative transporter,32.0,1191.0,1,0,0,0,0,0
3839806,-,b3662,putative transporter,44.0,1191.0,0,1,0,0,0,0
3840050,+,b3663,hypothetical protein,,453.0,0,0,0,1,0,1
3840443,-,b3663,hypothetical protein,18.0,453.0,1,0,0,0,0,0
3840562,-,b3663,hypothetical protein,137.0,453.0,0,1,0,0,0,0
3840572,+,b3664,putative adenine permease,,1335.0,0,0,0,1,0,1
3840679,+,b3664,putative adenine permease,,1335.0,0,0,0,1,0,1
3840912,-,b3664,putative adenine permease,,1335.0,0,0,1,0,0,0
3841219,-,b3664,putative adenine permease,,1335.0,0,0,1,0,0,0
3841925,+,b3665,cryptic adenine deaminase,62.0,1767.0,1,0,0,0,0,0
3842655,-,b3665,cryptic adenine deaminase,,1767.0,0,0,0,1,0,1
3842738,-,b3665,cryptic adenine deaminase,,1767.0,0,0,0,1,0,1
3843424,+,b3665,cryptic adenine deaminase,,1767.0,0,0,1,0,0,0
3843711,-,b3665,cryptic adenine deaminase,,1767.0,0,0,0,1,0,1
3844017,-,b3666,hexose phosphate transporter,,1392.0,0,0,1,0,0,0
3845196,+,b3666,hexose phosphate transporter,,1392.0,0,0,0,1,0,1
3845221,-,b3666,hexose phosphate transporter,31.0,1392.0,1,0,0,0,0,0
3845907,-,b3667,membrane protein regulates uhpT expression,,1320.0,0,0,1,0,0,0
3846730,+,b3667,membrane protein regulates uhpT expression,,1320.0,0,0,0,1,0,1
3846794,-,b3667,membrane protein regulates uhpT expression,147.0,1320.0,1,0,0,0,0,0
3848778,-,b3669,DNA-binding response regulator in two-component regulatory system wtih UhpB,29.0,591.0,1,0,0,0,0,0
3850612,-,b3671,acetolactate synthase I%2C large subunit,,1689.0,0,0,1,0,0,0
3851039,-,b3672,ilvB operon leader peptide,28.0,99.0,1,0,0,0,0,0
3851215,-,b3672,ilvB operon leader peptide,204.0,99.0,0,1,0,0,0,0
3851216,+,b4616,sRNA antisense regulators IstR-1 and IstR-2%2C affectr tisB%2C Hfq-dependent,,140.0,0,0,0,1,0,1
3851280,-,b4616,sRNA antisense regulators IstR-1 and IstR-2%2C affectr tisB%2C Hfq-dependent,0.0,140.0,1,0,0,0,0,0
3851362,+,b4618,toxic membrane persister formation peptide%2C LexA-regulated,214.0,90.0,1,0,0,0,0,1
3851868,+,b3673,multidrug efflux system protein,77.0,1185.0,0,1,0,0,0,0
3851886,+,b3673,multidrug efflux system protein,59.0,1185.0,1,0,0,0,0,0
3852035,+,b3673,multidrug efflux system protein,,1185.0,0,0,1,0,0,0
3852291,-,b3673,multidrug efflux system protein,,1185.0,0,0,0,1,0,1
3853214,-,b3674,putative DNA-binding transcriptional regulator,,498.0,0,0,1,0,0,1
3853715,-,b3674,putative DNA-binding transcriptional regulator,81.0,498.0,1,0,0,0,0,0
3853765,-,b3674,putative DNA-binding transcriptional regulator,131.0,498.0,0,1,0,0,0,0
3853835,-,b3674,putative DNA-binding transcriptional regulator,201.0,498.0,0,1,0,0,0,0
3854418,+,b3677,inner membrane protein,20.0,450.0,1,0,0,0,0,1
3854437,-,b3676,inner membrane protein%2C DUF202 family,107.0,348.0,1,0,0,0,0,1
3854675,+,b3677,inner membrane protein,,450.0,0,0,1,0,0,0
3854805,-,b3677,inner membrane protein,,450.0,0,0,0,1,0,1
3855417,-,b3678,putative sulfatase%2Fphosphatase,,1494.0,0,0,1,0,0,0
3855596,+,b3678,putative sulfatase%2Fphosphatase,,1494.0,0,0,0,1,0,1
3855926,-,b3678,putative sulfatase%2Fphosphatase,,1494.0,0,0,1,0,0,0
3856146,+,b3678,putative sulfatase%2Fphosphatase,,1494.0,0,0,0,1,0,1
3856327,-,b3678,putative sulfatase%2Fphosphatase,,1494.0,0,0,1,0,0,0
3857335,-,b3679,putative transporter,,1716.0,0,0,1,0,0,0
3857646,+,b3679,putative transporter,,1716.0,0,0,0,1,0,1
3857809,+,b3679,putative transporter,,1716.0,0,0,0,1,0,1
3858276,+,b3680,putative transcriptional regulator%2C AraC family,30.0,894.0,1,0,0,0,0,0
3858563,-,b3680,putative transcriptional regulator%2C AraC family,,894.0,0,0,0,1,0,1
3858587,+,b3680,putative transcriptional regulator%2C AraC family,,894.0,0,0,1,0,0,0
3858825,-,b3680,putative transcriptional regulator%2C AraC family,,894.0,0,0,0,1,0,1
3859165,+,b3680,putative transcriptional regulator%2C AraC family,,894.0,0,0,1,0,0,1
3860002,-,b4556,pseudo,,815.0,0,0,1,0,0,0
3860020,+,b4556,pseudo,,815.0,0,0,0,1,0,1
3860405,+,b3683,pseudo,,1617.0,0,0,0,1,0,1
3860921,+,b3683,pseudo,,1617.0,0,0,0,1,0,1
3861216,+,b3683,pseudo,,1617.0,0,0,0,1,0,1
3862616,+,b3684,putative DNA-binding transcriptional regulator,,717.0,0,0,1,0,0,1
3862819,-,b3685,putative transporter,,1662.0,0,0,1,0,0,0
3863140,-,b3685,putative transporter,,1662.0,0,0,1,0,0,0
3863538,-,b3685,putative transporter,,1662.0,0,0,1,0,0,0
3863948,-,b3685,putative transporter,,1662.0,0,0,1,0,0,0
3864071,-,b3685,putative transporter,,1662.0,0,0,1,0,0,0
3864327,-,b3685,putative transporter,31.0,1662.0,0,1,0,0,0,0
3864367,-,b3685,putative transporter,71.0,1662.0,1,0,0,0,0,0
3864413,-,b3685,putative transporter,117.0,1662.0,0,1,0,0,0,0
3864740,-,b3686,heat shock chaperone,,429.0,0,0,1,0,0,0
3865482,+,b3688,conserved outer membrane protein,269.0,333.0,0,1,0,0,0,1
3865541,-,b3687,heat shock chaperone,96.0,414.0,1,0,0,0,0,0
3865551,+,b3688,conserved outer membrane protein,200.0,333.0,0,1,0,0,0,0
3865620,+,b3688,conserved outer membrane protein,131.0,333.0,0,1,0,0,0,0
3865631,+,b3688,conserved outer membrane protein,120.0,333.0,0,1,0,0,0,0
3865719,+,b3688,conserved outer membrane protein,32.0,333.0,1,0,0,0,0,0
3865741,-,b3687,heat shock chaperone,296.0,414.0,0,1,0,0,0,1
3865763,+,b3688,conserved outer membrane protein,,333.0,0,0,1,0,0,0
3865845,-,b3688,conserved outer membrane protein,,333.0,0,0,0,1,0,1
3866421,+,b3689,hypothetical protein,,1248.0,0,0,0,1,0,1
3867324,-,b3689,hypothetical protein,,1248.0,0,0,1,0,0,1
3868015,+,b3690,colicin M resistance protein%3B FAD-binding protein%2C predicted oxidoreductase,,1065.0,0,0,1,0,0,0
3869798,-,b3691,D-galactonate transporter,45.0,1293.0,1,0,0,0,0,0
3869897,+,b4478,galactonate dehydratase,,1149.0,0,0,0,1,0,1
3870304,+,b4478,galactonate dehydratase,,1149.0,0,0,0,1,0,1
3870376,+,b4478,galactonate dehydratase,,1149.0,0,0,0,1,0,1
3870955,-,b4478,galactonate dehydratase,,1149.0,0,0,1,0,0,0
3873877,-,b3696,putative lipoproteinC,,657.0,0,0,0,1,0,1
3875000,-,b3697,sugar phosphate phosphatase%3B substrates include erythrose 4-P and mannose 1-P phosphatase,25.0,813.0,1,0,0,0,0,0
3875498,+,b3698,conserved protein%2C DUF937 family,,399.0,0,0,0,1,0,1
3875500,+,b3698,conserved protein%2C DUF937 family,,399.0,0,0,0,1,0,1
3875534,-,b3698,conserved protein%2C DUF937 family,46.0,399.0,1,0,0,0,0,0
3875634,-,b3698,conserved protein%2C DUF937 family,146.0,399.0,0,1,0,0,0,0
3876112,+,b3699,DNA gyrase%2C subunit B,,2415.0,0,0,0,1,0,1
3876365,+,b3699,DNA gyrase%2C subunit B,,2415.0,0,0,0,1,0,1
3876380,-,b3699,DNA gyrase%2C subunit B,,2415.0,0,0,1,0,0,0
3876609,+,b3699,DNA gyrase%2C subunit B,,2415.0,0,0,0,1,0,1
3876754,-,b3699,DNA gyrase%2C subunit B,,2415.0,0,0,1,0,0,0
3876823,+,b3699,DNA gyrase%2C subunit B,,2415.0,0,0,0,1,0,1
3877718,-,b3699,DNA gyrase%2C subunit B,,2415.0,0,0,1,0,0,0
3878173,+,b3699,DNA gyrase%2C subunit B,,2415.0,0,0,0,1,0,1
3878175,-,b3699,DNA gyrase%2C subunit B,33.0,2415.0,1,0,0,0,0,0
3878243,+,b3700,gap repair protein,,1074.0,0,0,0,1,0,1
3878411,-,b3699,DNA gyrase%2C subunit B,269.0,2415.0,0,1,0,0,0,0
3878885,+,b3700,gap repair protein,,1074.0,0,0,0,1,0,1
3879863,-,b3701,DNA polymerase III%2C beta subunit,,1101.0,0,0,1,0,0,0
3879885,+,b3701,DNA polymerase III%2C beta subunit,,1101.0,0,0,0,1,0,1
3880754,-,b3702,chromosomal replication initiator protein DnaA%2C DNA-binding transcriptional dual regulator,,1404.0,0,0,1,0,0,0
3881099,+,b3702,chromosomal replication initiator protein DnaA%2C DNA-binding transcriptional dual regulator,,1404.0,0,0,0,1,0,1
3881369,+,b3702,chromosomal replication initiator protein DnaA%2C DNA-binding transcriptional dual regulator,,1404.0,0,0,0,1,0,1
3881590,+,b3702,chromosomal replication initiator protein DnaA%2C DNA-binding transcriptional dual regulator,,1404.0,0,0,0,1,0,1
3881803,-,b3702,chromosomal replication initiator protein DnaA%2C DNA-binding transcriptional dual regulator,51.0,1404.0,0,1,0,0,0,0
3881984,-,b3702,chromosomal replication initiator protein DnaA%2C DNA-binding transcriptional dual regulator,232.0,1404.0,1,0,0,0,0,0
3882073,+,b3703,50S ribosomal subunit protein L34,286.0,141.0,0,1,0,0,0,0
3882091,+,b3703,50S ribosomal subunit protein L34,268.0,141.0,0,1,0,0,0,0
3882138,+,b3703,50S ribosomal subunit protein L34,221.0,141.0,0,1,0,0,0,0
3882254,+,b3703,50S ribosomal subunit protein L34,105.0,141.0,0,1,0,0,0,0
3882263,+,b3703,50S ribosomal subunit protein L34,96.0,141.0,1,0,0,0,0,0
3882944,+,b3705,membrane protein insertase,155.0,1647.0,0,1,0,0,0,0
3883036,+,b3705,membrane protein insertase,63.0,1647.0,1,0,0,0,0,0
3884639,-,b3705,membrane protein insertase,,1647.0,0,0,0,1,0,1
3884656,+,b3706,GTPase required for 5-methylaminomethyl-2-thiouridine modification at tRNA U34,195.0,1365.0,0,1,0,0,0,0
3884775,+,b3706,GTPase required for 5-methylaminomethyl-2-thiouridine modification at tRNA U34,76.0,1365.0,1,0,0,0,0,0
3884862,-,b3706,GTPase required for 5-methylaminomethyl-2-thiouridine modification at tRNA U34,,1365.0,0,0,0,1,0,1
3885468,-,b3706,GTPase required for 5-methylaminomethyl-2-thiouridine modification at tRNA U34,,1365.0,0,0,0,1,0,1
3886434,+,b3707,tryptophanase leader peptide,24.0,75.0,1,0,0,0,0,0
3887427,+,b3708,tryptophanase%2FL-cysteine desulfhydrase%2C PLP-dependent,,1416.0,0,0,1,0,0,0
3888651,+,b3709,tryptophan transporter of low affinity,,1248.0,0,0,1,0,0,0
3889703,-,b3710,multidrug efflux system protein,,1176.0,0,0,0,1,0,1
3890742,+,b3711,putative DNA-binding transcriptional regulator,46.0,960.0,1,0,0,0,0,0
3891587,+,b3711,putative DNA-binding transcriptional regulator,,960.0,0,0,1,0,0,0
3891709,-,b3711,putative DNA-binding transcriptional regulator,,960.0,0,0,0,1,0,1
3891745,-,b3711,putative DNA-binding transcriptional regulator,,960.0,0,0,0,1,0,1
3891852,+,b3712,putative phosphopantetheinyl transferase%2C COG2091 family,52.0,750.0,0,1,0,0,0,0
3891871,+,b3712,putative phosphopantetheinyl transferase%2C COG2091 family,33.0,750.0,0,1,0,0,0,0
3891875,+,b3712,putative phosphopantetheinyl transferase%2C COG2091 family,29.0,750.0,1,0,0,0,0,0
3892370,+,b3712,putative phosphopantetheinyl transferase%2C COG2091 family,,750.0,0,0,1,0,0,0
3892547,+,b3713,chromate reductase%2C Class I%2C flavoprotein,128.0,567.0,1,0,0,0,0,0
3893675,-,b3714,adenine permease%2C high affinity%3B adenine:H%2B symporter,,1338.0,0,0,1,0,0,0
3893945,-,b3714,adenine permease%2C high affinity%3B adenine:H%2B symporter,,1338.0,0,0,1,0,0,0
3894234,+,b3714,adenine permease%2C high affinity%3B adenine:H%2B symporter,,1338.0,0,0,0,1,0,1
3894396,-,b3714,adenine permease%2C high affinity%3B adenine:H%2B symporter,,1338.0,0,0,1,0,0,0
3894537,+,b3715,phosphoenolpyruvate and 6-phosphogluconate phosphatase,260.0,666.0,0,1,0,0,0,1
3894554,-,b3714,adenine permease%2C high affinity%3B adenine:H%2B symporter,,1338.0,0,0,1,0,0,0
3894629,+,b3715,phosphoenolpyruvate and 6-phosphogluconate phosphatase,168.0,666.0,0,1,0,0,0,1
3894661,-,b3714,adenine permease%2C high affinity%3B adenine:H%2B symporter,29.0,1338.0,1,0,0,0,0,0
3894671,-,b3714,adenine permease%2C high affinity%3B adenine:H%2B symporter,39.0,1338.0,0,1,0,0,0,0
3894698,+,b3715,phosphoenolpyruvate and 6-phosphogluconate phosphatase,99.0,666.0,1,0,0,0,0,1
3894938,-,b3715,phosphoenolpyruvate and 6-phosphogluconate phosphatase,,666.0,0,0,0,1,0,1
3894977,+,b3715,phosphoenolpyruvate and 6-phosphogluconate phosphatase,,666.0,0,0,1,0,0,0
3894998,+,b3715,phosphoenolpyruvate and 6-phosphogluconate phosphatase,,666.0,0,0,1,0,0,0
3895141,-,b3715,phosphoenolpyruvate and 6-phosphogluconate phosphatase,,666.0,0,0,0,1,0,1
3895215,+,b3715,phosphoenolpyruvate and 6-phosphogluconate phosphatase,,666.0,0,0,1,0,0,0
3895644,-,b3716,inner membrane protein%2C creBC regulon,,468.0,0,0,0,1,0,1
3895816,-,b3716,inner membrane protein%2C creBC regulon,,468.0,0,0,0,1,0,1
3895947,+,b3717,conserved protein%2C UPF0167 family,98.0,588.0,1,0,0,0,0,0
3896312,+,b3717,conserved protein%2C UPF0167 family,,588.0,0,0,1,0,0,0
3896397,+,b3717,conserved protein%2C UPF0167 family,,588.0,0,0,1,0,0,0
3896475,+,b3717,conserved protein%2C UPF0167 family,,588.0,0,0,1,0,0,0
3896522,+,b3717,conserved protein%2C UPF0167 family,,588.0,0,0,1,0,0,0
3896827,+,b3718,putative 6-phosphogluconolactonase,,723.0,0,0,0,1,0,1
3896935,-,b3718,putative 6-phosphogluconolactonase,,723.0,0,0,1,0,0,0
3896953,+,b3718,putative 6-phosphogluconolactonase,,723.0,0,0,0,1,0,1
3897232,+,b3718,putative 6-phosphogluconolactonase,,723.0,0,0,0,1,0,1
3898074,+,b3719,putative xylanase,,1170.0,0,0,0,1,0,1
3899263,+,b3720,carbohydrate-specific outer membrane porin%2C cryptic,,1617.0,0,0,0,1,0,1
3899326,+,b3720,carbohydrate-specific outer membrane porin%2C cryptic,,1617.0,0,0,0,1,0,1
3899338,-,b3720,carbohydrate-specific outer membrane porin%2C cryptic,,1617.0,0,0,1,0,0,0
3900102,+,b3720,carbohydrate-specific outer membrane porin%2C cryptic,,1617.0,0,0,0,1,0,1
3901716,-,b3721,cryptic phospho-beta-glucosidase B,,1413.0,0,0,1,0,0,0
3901824,+,b3721,cryptic phospho-beta-glucosidase B,,1413.0,0,0,0,1,0,1
3902442,+,b3722,fused beta-glucoside-specific PTS enzymes: IIA component%2FIIB component%2FIIC component,,1878.0,0,0,0,1,0,1
3903403,+,b3722,fused beta-glucoside-specific PTS enzymes: IIA component%2FIIB component%2FIIC component,,1878.0,0,0,0,1,0,1
3904345,-,b3723,transcriptional antiterminator of the bgl operon,,837.0,0,0,1,0,0,0
3904597,-,b3723,transcriptional antiterminator of the bgl operon,7.0,837.0,0,1,0,0,0,0
3904720,-,b3723,transcriptional antiterminator of the bgl operon,130.0,837.0,1,0,0,0,0,0
3904978,+,b3724,negative regulator of PhoR%2FPhoB two-component regulator,,726.0,0,0,0,1,0,1
3906010,-,b3725,phosphate transporter subunit,,774.0,0,0,1,0,0,0
3907535,+,b3726,phosphate transporter subunit,,891.0,0,0,0,1,0,1
3908303,-,b3727,phosphate transporter subunit,,960.0,0,0,1,0,0,0
3908318,-,b3727,phosphate transporter subunit,,960.0,0,0,1,0,0,0
3908500,-,b3727,phosphate transporter subunit,79.0,960.0,1,0,0,0,0,0
3908725,+,b3728,periplasmic phosphate binding protein%2C high-affinity,,1041.0,0,0,0,1,0,1
3909349,+,b3728,periplasmic phosphate binding protein%2C high-affinity,,1041.0,0,0,0,1,0,1
3909381,+,b3728,periplasmic phosphate binding protein%2C high-affinity,,1041.0,0,0,0,1,0,1
3909612,-,b3728,periplasmic phosphate binding protein%2C high-affinity,64.0,1041.0,1,0,0,0,0,0
3909753,-,b3728,periplasmic phosphate binding protein%2C high-affinity,205.0,1041.0,0,1,0,0,0,0
3911036,+,b3729,L-glutamine:D-fructose-6-phosphate aminotransferase,,1830.0,0,0,0,1,0,1
3911230,+,b3729,L-glutamine:D-fructose-6-phosphate aminotransferase,,1830.0,0,0,0,1,0,1
3911735,+,b3729,L-glutamine:D-fructose-6-phosphate aminotransferase,,1830.0,0,0,0,1,0,1
3912383,-,b3730,fused N-acetyl glucosamine-1-phosphate uridyltransferase%2Fglucosamine-1-phosphate acetyl transferase,,1371.0,0,0,1,0,0,0
3913026,-,b3730,fused N-acetyl glucosamine-1-phosphate uridyltransferase%2Fglucosamine-1-phosphate acetyl transferase,,1371.0,0,0,1,0,0,0
3913244,-,b3730,fused N-acetyl glucosamine-1-phosphate uridyltransferase%2Fglucosamine-1-phosphate acetyl transferase,21.0,1371.0,1,0,0,0,0,0
3913348,-,b3730,fused N-acetyl glucosamine-1-phosphate uridyltransferase%2Fglucosamine-1-phosphate acetyl transferase,125.0,1371.0,0,1,0,0,0,0
3913399,-,b3730,fused N-acetyl glucosamine-1-phosphate uridyltransferase%2Fglucosamine-1-phosphate acetyl transferase,176.0,1371.0,0,1,0,0,0,0
3913956,+,b3731,F1 sector of membrane-bound ATP synthase%2C epsilon subunit,,420.0,0,0,0,1,0,1
3914518,+,b3732,F1 sector of membrane-bound ATP synthase%2C beta subunit,,1383.0,0,0,0,1,0,1
3914534,+,b3732,F1 sector of membrane-bound ATP synthase%2C beta subunit,,1383.0,0,0,0,1,0,1
3915456,-,b3732,F1 sector of membrane-bound ATP synthase%2C beta subunit,58.0,1383.0,1,0,0,0,0,0
3917341,+,b3734,F1 sector of membrane-bound ATP synthase%2C alpha subunit,,1542.0,0,0,0,1,0,1
3917601,-,b3734,F1 sector of membrane-bound ATP synthase%2C alpha subunit,,1542.0,0,0,1,0,0,0
3919258,+,b3737,F0 sector of membrane-bound ATP synthase%2C subunit c,,240.0,0,0,0,1,0,1
3919267,+,b3737,F0 sector of membrane-bound ATP synthase%2C subunit c,,240.0,0,0,0,1,0,1
3919822,+,b3738,F0 sector of membrane-bound ATP synthase%2C subunit a,,816.0,0,0,0,1,0,1
3920548,-,b3739,ATP synthase%2C membrane-bound accessory factor,85.0,381.0,1,0,0,0,0,0
3920743,-,b3739,ATP synthase%2C membrane-bound accessory factor,280.0,381.0,0,1,0,0,0,0
3920748,-,b3739,ATP synthase%2C membrane-bound accessory factor,285.0,381.0,0,1,0,0,0,0
3921108,+,b3740,16S rRNA m%287%29G527 methyltransferase%2C SAM-dependent%3B glucose-inhibited cell-division protein,,624.0,0,0,0,1,0,1
3921347,-,b3740,16S rRNA m%287%29G527 methyltransferase%2C SAM-dependent%3B glucose-inhibited cell-division protein,,624.0,0,0,1,0,0,0
3921364,+,b3740,16S rRNA m%287%29G527 methyltransferase%2C SAM-dependent%3B glucose-inhibited cell-division protein,,624.0,0,0,0,1,0,1
3921539,+,b3740,16S rRNA m%287%29G527 methyltransferase%2C SAM-dependent%3B glucose-inhibited cell-division protein,,624.0,0,0,0,1,0,1
3921623,+,b3740,16S rRNA m%287%29G527 methyltransferase%2C SAM-dependent%3B glucose-inhibited cell-division protein,,624.0,0,0,0,1,0,1
3921775,-,b3740,16S rRNA m%287%29G527 methyltransferase%2C SAM-dependent%3B glucose-inhibited cell-division protein,72.0,624.0,1,0,0,0,0,0
3922336,-,b3741,5-methylaminomethyl-2-thiouridine modification at tRNA U34,,1890.0,0,0,1,0,0,0
3922886,+,b3741,5-methylaminomethyl-2-thiouridine modification at tRNA U34,,1890.0,0,0,0,1,0,1
3923466,-,b3741,5-methylaminomethyl-2-thiouridine modification at tRNA U34,,1890.0,0,0,1,0,0,0
3923702,-,b3741,5-methylaminomethyl-2-thiouridine modification at tRNA U34,46.0,1890.0,1,0,0,0,0,0
3923805,-,b3741,5-methylaminomethyl-2-thiouridine modification at tRNA U34,149.0,1890.0,0,1,0,0,0,0
3924499,-,b3742,FMN-binding protein MioC,21.0,444.0,1,0,0,0,0,0
3925252,+,b3744,asparagine synthetase A,,993.0,0,0,1,0,0,0
3926177,+,b3745,putative von Willibrand factor containing protein,,1452.0,0,0,0,1,0,1
3926181,+,b3745,putative von Willibrand factor containing protein,,1452.0,0,0,0,1,0,1
3926412,-,b3745,putative von Willibrand factor containing protein,,1452.0,0,0,1,0,0,0
3926540,-,b3745,putative von Willibrand factor containing protein,,1452.0,0,0,1,0,0,0
3926836,-,b3745,putative von Willibrand factor containing protein,,1452.0,0,0,1,0,0,0
3927869,+,b3746,fused predicted transcriptional regulator: sigma54 activator protein%2Fconserved protein,,1497.0,0,0,0,1,0,1
3927907,-,b3745,putative von Willibrand factor containing protein,281.0,1452.0,1,0,0,0,0,0
3928040,-,b3746,fused predicted transcriptional regulator: sigma54 activator protein%2Fconserved protein,,1497.0,0,0,1,0,0,0
3929126,+,b3747,potassium transporter,213.0,1869.0,0,1,0,0,0,1
3929156,-,b3746,fused predicted transcriptional regulator: sigma54 activator protein%2Fconserved protein,40.0,1497.0,0,1,0,0,0,0
3929181,-,b3746,fused predicted transcriptional regulator: sigma54 activator protein%2Fconserved protein,65.0,1497.0,1,0,0,0,0,0
3929185,-,b3746,fused predicted transcriptional regulator: sigma54 activator protein%2Fconserved protein,69.0,1497.0,0,1,0,0,0,0
3929239,+,b3747,potassium transporter,100.0,1869.0,0,1,0,0,0,0
3929244,-,b3746,fused predicted transcriptional regulator: sigma54 activator protein%2Fconserved protein,128.0,1497.0,0,1,0,0,0,1
3929282,+,b3747,potassium transporter,57.0,1869.0,1,0,0,0,0,0
3929415,-,b3746,fused predicted transcriptional regulator: sigma54 activator protein%2Fconserved protein,299.0,1497.0,0,1,0,0,0,1
3930646,+,b3747,potassium transporter,,1869.0,0,0,1,0,0,0
3930653,+,b3747,potassium transporter,,1869.0,0,0,1,0,0,0
3931078,+,b3748,putative cytoplasmic sugar-binding protein,296.0,420.0,0,1,0,0,0,0
3931345,+,b3748,putative cytoplasmic sugar-binding protein,29.0,420.0,1,0,0,0,0,0
3931526,+,b3749,fused D-ribose transporter subunits of ABC superfamily: ATP-binding components,275.0,1506.0,0,1,0,0,0,0
3931529,+,b3749,fused D-ribose transporter subunits of ABC superfamily: ATP-binding components,272.0,1506.0,1,0,0,0,0,0
3931568,-,b3748,putative cytoplasmic sugar-binding protein,,420.0,0,0,0,1,0,1
3931989,+,b3749,fused D-ribose transporter subunits of ABC superfamily: ATP-binding components,,1506.0,0,0,1,0,0,0
3932040,-,b3749,fused D-ribose transporter subunits of ABC superfamily: ATP-binding components,,1506.0,0,0,0,1,0,1
3932390,+,b3749,fused D-ribose transporter subunits of ABC superfamily: ATP-binding components,,1506.0,0,0,1,0,0,0
3933654,-,b3750,D-ribose transporter subunit,,966.0,0,0,0,1,0,1
3933718,+,b3750,D-ribose transporter subunit,,966.0,0,0,1,0,0,0
3934187,+,b3751,D-ribose transporter subunit,114.0,891.0,1,0,0,0,0,0
3935068,+,b3752,ribokinase,249.0,930.0,1,0,0,0,0,0
3935245,-,b3751,D-ribose transporter subunit,,891.0,0,0,0,1,0,1
3935367,-,b3752,ribokinase,,930.0,0,0,0,1,0,1
3935556,-,b3752,ribokinase,,930.0,0,0,0,1,0,1
3935569,+,b3752,ribokinase,,930.0,0,0,1,0,0,0
3935856,-,b3752,ribokinase,,930.0,0,0,0,1,0,1
3936268,+,b3753,DNA-binding transcriptional repressor of ribose metabolism,,993.0,0,0,1,0,0,0
3937259,+,b3754,putative multidrug or homocysteine efflux system,,1428.0,0,0,0,1,0,1
3937538,-,b3754,putative multidrug or homocysteine efflux system,,1428.0,0,0,1,0,0,0
3937718,-,b3754,putative multidrug or homocysteine efflux system,,1428.0,0,0,1,0,0,0
3938074,-,b3754,putative multidrug or homocysteine efflux system,,1428.0,0,0,1,0,0,0
3938952,+,b3755,putative transcriptional regulator,,693.0,0,0,0,1,0,1
3939251,-,b3755,putative transcriptional regulator,,693.0,0,0,1,0,0,0
3939447,+,b3755,putative transcriptional regulator,,693.0,0,0,0,1,0,1
3939538,+,b3756,16S ribosomal RNA of rrnC operon,293.0,1542.0,1,0,0,0,0,0
3939638,-,b3755,putative transcriptional regulator,288.0,693.0,1,0,0,0,0,0
3939656,+,b3756,16S ribosomal RNA of rrnC operon,175.0,1542.0,0,1,0,0,0,0
3940169,+,b3756,16S ribosomal RNA of rrnC operon,,1542.0,0,0,1,0,0,0
3941076,+,b3756,16S ribosomal RNA of rrnC operon,,1542.0,0,0,1,0,0,0
3941232,+,b3757,tRNA-Glu,226.0,76.0,1,0,0,0,0,0
3941460,+,b3758,23S ribosomal RNA of rrnC operon,267.0,2904.0,1,0,0,0,0,0
3941594,-,b3757,tRNA-Glu,,76.0,0,0,0,1,0,1
3941962,+,b3758,23S ribosomal RNA of rrnC operon,,2904.0,0,0,1,0,0,0
3943003,+,b3758,23S ribosomal RNA of rrnC operon,,2904.0,0,0,1,0,0,0
3944174,+,b3758,23S ribosomal RNA of rrnC operon,,2904.0,0,0,1,0,0,0
3944723,+,b3759,5S ribosomal RNA of rrnC operon,0.0,120.0,1,0,0,0,0,0
3944980,+,b3761,tRNA-Trp,0.0,76.0,1,0,0,0,0,0
3945141,-,b3761,tRNA-Trp,,76.0,0,0,0,1,0,1
3945190,+,b4480,DNA-binding transcriptional regulator,,840.0,0,0,0,1,0,1
3945315,-,b4480,DNA-binding transcriptional regulator,,840.0,0,0,1,0,0,0
3945401,-,b4480,DNA-binding transcriptional regulator,,840.0,0,0,1,0,0,0
3945564,+,b4480,DNA-binding transcriptional regulator,,840.0,0,0,0,1,0,1
3946015,-,b4480,DNA-binding transcriptional regulator,25.0,840.0,1,0,0,0,0,1
3946043,-,b4480,DNA-binding transcriptional regulator,53.0,840.0,0,1,0,0,0,1
3946052,+,b3764,conserved protein%2C UPF0438 family,57.0,339.0,1,0,0,0,0,1
3946147,-,b4480,DNA-binding transcriptional regulator,157.0,840.0,0,1,0,0,0,1
3946178,-,b4480,DNA-binding transcriptional regulator,188.0,840.0,0,1,0,0,0,1
3946340,-,b3764,conserved protein%2C UPF0438 family,,339.0,0,0,0,1,0,1
3946415,-,b3764,conserved protein%2C UPF0438 family,,339.0,0,0,0,1,0,1
3946565,-,b3765,putative bifunctional enzyme and transcriptional regulator,,1521.0,0,0,1,0,0,0
3946567,+,b3765,putative bifunctional enzyme and transcriptional regulator,,1521.0,0,0,0,1,0,1
3947054,-,b3765,putative bifunctional enzyme and transcriptional regulator,,1521.0,0,0,1,0,0,0
3947425,+,b3765,putative bifunctional enzyme and transcriptional regulator,,1521.0,0,0,0,1,0,1
3947740,-,b3765,putative bifunctional enzyme and transcriptional regulator,,1521.0,0,0,1,0,0,0
3948005,-,b3765,putative bifunctional enzyme and transcriptional regulator,13.0,1521.0,1,0,0,0,0,0
3948241,+,b3766,ilvG operon leader peptide,104.0,99.0,0,1,0,0,0,0
3948288,-,b3765,putative bifunctional enzyme and transcriptional regulator,296.0,1521.0,0,1,0,0,0,1
3948313,+,b3766,ilvG operon leader peptide,32.0,99.0,1,0,0,0,0,0
3948763,+,b4488,pseudo,,1645.0,0,0,1,0,0,0
3949281,+,b4488,pseudo,,1645.0,0,0,1,0,0,0
3950208,-,b4488,pseudo,,1645.0,0,0,0,1,0,1
3950411,+,b3770,branched-chain amino-acid aminotransferase,96.0,930.0,1,0,0,0,0,0
3951416,-,b3770,branched-chain amino-acid aminotransferase,,930.0,0,0,0,1,0,1
3951491,-,b3770,branched-chain amino-acid aminotransferase,,930.0,0,0,0,1,0,1
3951552,+,b3771,dihydroxyacid dehydratase,,1851.0,0,0,1,0,0,0
3951599,-,b3771,dihydroxyacid dehydratase,,1851.0,0,0,0,1,0,1
3952939,+,b3771,dihydroxyacid dehydratase,,1851.0,0,0,1,0,0,0
3953501,+,b3772,threonine deaminase,,1545.0,0,0,1,0,0,0
3953569,+,b3772,threonine deaminase,,1545.0,0,0,1,0,0,0
3955195,-,b3773,DNA-binding transcriptional dual regulator,,894.0,0,0,1,0,0,0
3955272,+,b3773,DNA-binding transcriptional dual regulator,,894.0,0,0,0,1,0,1
3955887,-,b3773,DNA-binding transcriptional dual regulator,44.0,894.0,1,0,0,0,0,0
3955939,+,b3774,ketol-acid reductoisomerase%2C NAD%28P%29-binding,54.0,1476.0,1,0,0,0,0,1
3956418,-,b3774,ketol-acid reductoisomerase%2C NAD%28P%29-binding,,1476.0,0,0,0,1,0,1
3956949,+,b3774,ketol-acid reductoisomerase%2C NAD%28P%29-binding,,1476.0,0,0,1,0,0,0
3956953,-,b3774,ketol-acid reductoisomerase%2C NAD%28P%29-binding,,1476.0,0,0,0,1,0,1
3957162,+,b3774,ketol-acid reductoisomerase%2C NAD%28P%29-binding,,1476.0,0,0,1,0,0,0
3957259,+,b3774,ketol-acid reductoisomerase%2C NAD%28P%29-binding,,1476.0,0,0,1,0,0,0
3957585,+,b3775,peptidyl-prolyl cis-trans isomerase C %28rotamase C%29,,282.0,0,0,0,1,0,1
3957865,+,b3775,peptidyl-prolyl cis-trans isomerase C %28rotamase C%29,,282.0,0,0,0,1,0,1
3958003,-,b3775,peptidyl-prolyl cis-trans isomerase C %28rotamase C%29,167.0,282.0,1,0,0,0,0,0
3958068,+,b3777,pseudo,,449.0,0,0,0,1,0,1
3958347,-,b3777,pseudo,,449.0,0,0,1,0,0,0
3958520,-,b3777,pseudo,37.0,449.0,1,0,0,0,0,0
3958671,+,b3778,DNA helicase and single-stranded DNA-dependent ATPase,29.0,2022.0,1,0,0,0,0,0
3959222,+,b3778,DNA helicase and single-stranded DNA-dependent ATPase,,2022.0,0,0,1,0,0,0
3960473,+,b3778,DNA helicase and single-stranded DNA-dependent ATPase,,2022.0,0,0,1,0,0,0
3960834,+,b3779,guanosine pentaphosphatase%2Fexopolyphosphatase,,1485.0,0,0,0,1,0,1
3961596,+,b3779,guanosine pentaphosphatase%2Fexopolyphosphatase,,1485.0,0,0,0,1,0,1
3961648,-,b3779,guanosine pentaphosphatase%2Fexopolyphosphatase,,1485.0,0,0,1,0,0,0
3961977,+,b3779,guanosine pentaphosphatase%2Fexopolyphosphatase,,1485.0,0,0,0,1,0,1
3962329,+,b3779,guanosine pentaphosphatase%2Fexopolyphosphatase,,1485.0,0,0,0,1,0,1
3962363,-,b3779,guanosine pentaphosphatase%2Fexopolyphosphatase,111.0,1485.0,1,0,0,0,0,0
3962522,-,b3779,guanosine pentaphosphatase%2Fexopolyphosphatase,270.0,1485.0,0,1,0,0,0,0
3962541,+,b3780,ATP-dependent RNA helicase,,1266.0,0,0,0,1,0,1
3962573,+,b3780,ATP-dependent RNA helicase,,1266.0,0,0,0,1,0,1
3962597,+,b3780,ATP-dependent RNA helicase,,1266.0,0,0,0,1,0,1
3962651,-,b3780,ATP-dependent RNA helicase,,1266.0,0,0,1,0,0,0
3963132,+,b3780,ATP-dependent RNA helicase,,1266.0,0,0,0,1,0,1
3963396,+,b3780,ATP-dependent RNA helicase,,1266.0,0,0,0,1,0,1
3963437,-,b3780,ATP-dependent RNA helicase,,1266.0,0,0,1,0,0,0
3963673,+,b3781,thioredoxin 1,111.0,330.0,1,0,0,0,0,1
3963723,-,b3780,ATP-dependent RNA helicase,70.0,1266.0,1,0,0,0,0,1
3964185,+,b3783,transcription termination factor,255.0,1260.0,1,0,0,0,0,0
3964190,-,b3781,thioredoxin 1,,330.0,0,0,0,1,0,1
3964218,+,b3783,transcription termination factor,222.0,1260.0,0,1,0,0,0,0
3964748,+,b3783,transcription termination factor,,1260.0,0,0,1,0,0,0
3965750,-,b3783,transcription termination factor,,1260.0,0,0,0,1,0,1
3965769,+,b3784,UDP-GlcNAc:undecaprenylphosphate GlcNAc-1-phosphate transferase,170.0,1104.0,0,1,0,0,0,0
3965913,+,b3784,UDP-GlcNAc:undecaprenylphosphate GlcNAc-1-phosphate transferase,26.0,1104.0,1,0,0,0,0,0
3966153,+,b3784,UDP-GlcNAc:undecaprenylphosphate GlcNAc-1-phosphate transferase,,1104.0,0,0,1,0,0,0
3966747,-,b3784,UDP-GlcNAc:undecaprenylphosphate GlcNAc-1-phosphate transferase,,1104.0,0,0,0,1,0,1
3966867,-,b3784,UDP-GlcNAc:undecaprenylphosphate GlcNAc-1-phosphate transferase,,1104.0,0,0,0,1,0,1
3968009,+,b3786,UDP-N-acetyl glucosamine-2-epimerase,147.0,1131.0,1,0,0,0,0,0
3968302,-,b3786,UDP-N-acetyl glucosamine-2-epimerase,,1131.0,0,0,0,1,0,1
3969260,-,b3786,UDP-N-acetyl glucosamine-2-epimerase,,1131.0,0,0,0,1,0,1
3969441,-,b3787,UDP-N-acetyl-D-mannosaminuronic acid dehydrogenase,,1263.0,0,0,0,1,0,1
3969684,+,b3787,UDP-N-acetyl-D-mannosaminuronic acid dehydrogenase,,1263.0,0,0,1,0,0,0
3970615,+,b3788,dTDP-glucose 4%2C6-dehydratase,,1068.0,0,0,1,0,0,0
3971304,+,b3788,dTDP-glucose 4%2C6-dehydratase,,1068.0,0,0,1,0,0,0
3973046,+,b3791,TDP-4-oxo-6-deoxy-D-glucose transaminase,123.0,1131.0,1,0,0,0,0,0
3973828,-,b3791,TDP-4-oxo-6-deoxy-D-glucose transaminase,,1131.0,0,0,0,1,0,1
3974299,+,b3792,O-antigen translocase,2.0,1251.0,1,0,0,0,0,0
3974517,+,b3792,O-antigen translocase,,1251.0,0,0,1,0,0,0
3974916,+,b3792,O-antigen translocase,,1251.0,0,0,1,0,0,0
3975133,+,b3792,O-antigen translocase,,1251.0,0,0,1,0,0,0
3975341,+,b4481,TDP-Fuc4NAc:lipidIIFuc4NAc transferase,207.0,1080.0,1,0,0,0,0,0
3975514,+,b4481,TDP-Fuc4NAc:lipidIIFuc4NAc transferase,34.0,1080.0,0,1,0,0,0,0
3975679,-,b4481,TDP-Fuc4NAc:lipidIIFuc4NAc transferase,,1080.0,0,0,0,1,0,1
3976393,+,b3793,putative Wzy protein involved in ECA polysaccharide chain elongation,231.0,1353.0,1,0,0,0,0,0
3977139,+,b3793,putative Wzy protein involved in ECA polysaccharide chain elongation,,1353.0,0,0,1,0,0,0
3977641,+,b3793,putative Wzy protein involved in ECA polysaccharide chain elongation,,1353.0,0,0,1,0,0,0
3978139,+,b3794,UDP-N-acetyl-D-mannosaminuronic acid transferase,,741.0,0,0,1,0,0,0
3978399,-,b3794,UDP-N-acetyl-D-mannosaminuronic acid transferase,,741.0,0,0,0,1,0,1
3978576,+,b3794,UDP-N-acetyl-D-mannosaminuronic acid transferase,,741.0,0,0,1,0,0,0
3978810,-,b3794,UDP-N-acetyl-D-mannosaminuronic acid transferase,,741.0,0,0,0,1,0,1
3978846,+,b3795,putative transporter,64.0,1386.0,1,0,0,0,0,0
3978879,-,b3795,putative transporter,,1386.0,0,0,0,1,0,1
3979050,-,b3795,putative transporter,,1386.0,0,0,0,1,0,1
3980188,+,b3796,tRNA-Arg,210.0,77.0,0,1,0,0,0,0
3980223,+,b3796,tRNA-Arg,175.0,77.0,0,1,0,0,0,0
3980385,+,b3796,tRNA-Arg,13.0,77.0,1,0,0,0,0,0
3980532,+,b3797,tRNA-His,0.0,77.0,1,0,0,0,0,0
3980629,+,b3798,tRNA-Leu,0.0,87.0,1,0,0,0,0,0
3980845,+,b3800,putative regulator of arylsulfatase activity,136.0,1236.0,1,0,0,0,0,0
3980943,+,b3800,putative regulator of arylsulfatase activity,38.0,1236.0,0,1,0,0,0,0
3981031,-,b3800,putative regulator of arylsulfatase activity,,1236.0,0,0,0,1,0,1
3981546,+,b3800,putative regulator of arylsulfatase activity,,1236.0,0,0,1,0,0,0
3981982,+,b3800,putative regulator of arylsulfatase activity,,1236.0,0,0,1,0,0,0
3983213,-,b3801,acrylsulfatase-like enzyme,,1656.0,0,0,1,0,0,0
3983854,-,b3801,acrylsulfatase-like enzyme,,1656.0,0,0,1,0,0,0
3984221,-,b3801,acrylsulfatase-like enzyme,191.0,1656.0,1,0,0,0,0,0
3984288,+,b4456,sRNA antisense activator of glmS mRNA%2C Hfq-dependent,167.0,207.0,0,1,0,0,0,0
3984455,+,b4456,sRNA antisense activator of glmS mRNA%2C Hfq-dependent,0.0,207.0,1,0,0,0,0,0
3984725,-,b3802,putative protoheme IX synthesis protein,,1197.0,0,0,1,0,0,1
3984759,-,b3802,putative protoheme IX synthesis protein,,1197.0,0,0,1,0,0,1
3985290,+,b3802,putative protoheme IX synthesis protein,,1197.0,0,0,0,1,0,1
3985759,+,b3802,putative protoheme IX synthesis protein,,1197.0,0,0,0,1,0,1
3985791,-,b3802,putative protoheme IX synthesis protein,,1197.0,0,0,1,0,0,0
3987125,+,b3803,putative uroporphyrinogen III methyltransferase,,1182.0,0,0,0,1,0,1
3987363,+,b3804,uroporphyrinogen III synthase,,741.0,0,0,0,1,0,1
3987493,-,b3804,uroporphyrinogen III synthase,,741.0,0,0,1,0,0,0
3988279,-,b3805,hydroxymethylbilane synthase,,942.0,0,0,1,0,0,0
3988595,-,b3805,hydroxymethylbilane synthase,,942.0,0,0,1,0,0,0
3988797,+,b3805,hydroxymethylbilane synthase,,942.0,0,0,0,1,0,1
3988972,-,b3805,hydroxymethylbilane synthase,183.0,942.0,1,0,0,0,0,0
3988975,+,b3806,adenylate cyclase,201.0,2547.0,0,1,0,0,0,0
3989022,+,b3806,adenylate cyclase,154.0,2547.0,1,0,0,0,0,0
3989274,-,b3806,adenylate cyclase,,2547.0,0,0,0,1,0,1
3989727,-,b3806,adenylate cyclase,,2547.0,0,0,0,1,0,1
3989926,-,b3806,adenylate cyclase,,2547.0,0,0,0,1,0,1
3990119,-,b3806,adenylate cyclase,,2547.0,0,0,0,1,0,1
3990367,+,b3806,adenylate cyclase,,2547.0,0,0,1,0,0,0
3990408,-,b3806,adenylate cyclase,,2547.0,0,0,0,1,0,1
3990654,+,b3806,adenylate cyclase,,2547.0,0,0,1,0,0,0
3991389,-,b3806,adenylate cyclase,,2547.0,0,0,0,1,0,1
3992100,+,b3807,iron-dependent inhibitor of iron-sulfur cluster formation%3B frataxin%3B iron-binding and oxidizing protein,,321.0,0,0,0,1,0,1
3992106,-,b3807,iron-dependent inhibitor of iron-sulfur cluster formation%3B frataxin%3B iron-binding and oxidizing protein,24.0,321.0,1,0,0,0,0,0
3992288,+,b4558,putative lipoprotein,257.0,204.0,0,1,0,0,0,0
3992438,+,b4558,putative lipoprotein,107.0,204.0,1,0,0,0,0,0
3992746,-,b4558,putative lipoprotein,,204.0,0,0,0,1,0,1
3993195,-,b3809,diaminopimelate epimerase,,825.0,0,0,0,1,0,1
3993552,-,b3809,diaminopimelate epimerase,,825.0,0,0,0,1,0,1
3995275,+,b3812,FMN phosphatase,,717.0,0,0,1,0,0,0
3995930,+,b3813,DNA-dependent ATPase I and helicase II,76.0,2163.0,1,0,0,0,0,0
3996120,-,b3813,DNA-dependent ATPase I and helicase II,,2163.0,0,0,0,1,0,1
3998359,+,b4482,putative protein%2C DUF2233 family,,765.0,0,0,0,1,0,1
3998787,-,b4482,putative protein%2C DUF2233 family,,765.0,0,0,1,0,0,0
3999089,+,b4482,putative protein%2C DUF2233 family,,765.0,0,0,0,1,0,1
3999215,+,b3816,magnesium%2Fnickel%2Fcobalt transporter,234.0,951.0,1,0,0,0,0,0
3999433,+,b3816,magnesium%2Fnickel%2Fcobalt transporter,16.0,951.0,0,1,0,0,0,0
3999585,+,b3816,magnesium%2Fnickel%2Fcobalt transporter,,951.0,0,0,1,0,0,0
3999803,+,b3816,magnesium%2Fnickel%2Fcobalt transporter,,951.0,0,0,1,0,0,0
4000264,-,b3816,magnesium%2Fnickel%2Fcobalt transporter,,951.0,0,0,0,1,0,1
4000283,-,b3816,magnesium%2Fnickel%2Fcobalt transporter,,951.0,0,0,0,1,0,1
4000474,-,b3817,putative inner membrane protein,,381.0,0,0,1,0,0,1
4000565,-,b3817,putative inner membrane protein,,381.0,0,0,1,0,0,0
4000617,-,b3817,putative inner membrane protein,,381.0,0,0,1,0,0,0
4000971,-,b3817,putative inner membrane protein,149.0,381.0,1,0,0,0,0,0
4001731,+,b3819,putative chloramphenical resistance permease,,891.0,0,0,0,1,0,1
4002225,-,b3819,putative chloramphenical resistance permease,24.0,891.0,1,0,0,0,0,0
4002248,-,b3819,putative chloramphenical resistance permease,47.0,891.0,0,1,0,0,0,0
4002674,+,b3821,outer membrane phospholipase A,211.0,870.0,0,1,0,0,0,1
4002748,-,b3820,conserved protein%2C 4HBT family of thioesterases,28.0,468.0,1,0,0,0,0,0
4002752,-,b3820,conserved protein%2C 4HBT family of thioesterases,32.0,468.0,0,1,0,0,0,0
4002838,+,b3821,outer membrane phospholipase A,47.0,870.0,1,0,0,0,0,0
4002846,-,b3820,conserved protein%2C 4HBT family of thioesterases,126.0,468.0,0,1,0,0,0,1
4002946,+,b3821,outer membrane phospholipase A,,870.0,0,0,1,0,0,0
4002989,-,b3820,conserved protein%2C 4HBT family of thioesterases,269.0,468.0,0,1,0,0,0,1
4003546,+,b3821,outer membrane phospholipase A,,870.0,0,0,1,0,0,0
4003669,+,b3822,ATP-dependent DNA helicase,218.0,1830.0,0,1,0,0,0,0
4003711,+,b3822,ATP-dependent DNA helicase,176.0,1830.0,0,1,0,0,0,0
4003726,-,b3821,outer membrane phospholipase A,,870.0,0,0,0,1,0,1
4003805,+,b3822,ATP-dependent DNA helicase,82.0,1830.0,0,1,0,0,0,0
4003859,+,b3822,ATP-dependent DNA helicase,28.0,1830.0,1,0,0,0,0,0
4004779,-,b3822,ATP-dependent DNA helicase,,1830.0,0,0,0,1,0,1
4005257,+,b3822,ATP-dependent DNA helicase,,1830.0,0,0,1,0,0,0
4005470,-,b3822,ATP-dependent DNA helicase,,1830.0,0,0,0,1,0,1
4005704,-,b3822,ATP-dependent DNA helicase,,1830.0,0,0,0,1,0,1
4005749,+,b3823,threonine efflux pump,31.0,621.0,1,0,0,0,0,0
4006218,+,b3823,threonine efflux pump,,621.0,0,0,1,0,0,0
4006653,+,b3824,homoserine%2C homoserine lactone and S-methyl-methionine efflux pump,,621.0,0,0,0,1,0,1
4007048,+,b3825,lysophospholipase L2,145.0,1023.0,0,1,0,0,0,1
4007091,+,b3825,lysophospholipase L2,102.0,1023.0,0,1,0,0,0,1
4007124,+,b3825,lysophospholipase L2,69.0,1023.0,1,0,0,0,0,1
4007159,-,b3824,homoserine%2C homoserine lactone and S-methyl-methionine efflux pump,77.0,621.0,1,0,0,0,0,1
4007589,-,b3825,lysophospholipase L2,,1023.0,0,0,0,1,0,1
4007606,+,b3825,lysophospholipase L2,,1023.0,0,0,1,0,0,0
4008397,+,b3826,putative hydrolase,,801.0,0,0,1,0,0,0
4008460,+,b3826,putative hydrolase,,801.0,0,0,1,0,0,0
4008516,-,b3826,putative hydrolase,,801.0,0,0,0,1,0,1
4009077,+,b3827,putative inner membrane protein,22.0,900.0,1,0,0,0,0,0
4009419,+,b3827,putative inner membrane protein,,900.0,0,0,1,0,0,0
4009598,-,b3827,putative inner membrane protein,,900.0,0,0,0,1,0,1
4009725,+,b3827,putative inner membrane protein,,900.0,0,0,1,0,0,0
4009822,+,b3827,putative inner membrane protein,,900.0,0,0,1,0,0,1
4010103,-,b3828,DNA-binding transcriptional activator%2C homocysteine-binding,,954.0,0,0,1,0,0,0
4010878,-,b3828,DNA-binding transcriptional activator%2C homocysteine-binding,39.0,954.0,1,0,0,0,0,0
4010909,+,b3829,5-methyltetrahydropteroyltriglutamate-homocysteine S-methyltransferase,167.0,2262.0,1,0,0,0,0,1
4010982,-,b3828,DNA-binding transcriptional activator%2C homocysteine-binding,143.0,954.0,0,1,0,0,0,1
4011090,+,b3829,5-methyltetrahydropteroyltriglutamate-homocysteine S-methyltransferase,,2262.0,0,0,1,0,0,0
4011895,+,b3829,5-methyltetrahydropteroyltriglutamate-homocysteine S-methyltransferase,,2262.0,0,0,1,0,0,0
4011967,-,b3829,5-methyltetrahydropteroyltriglutamate-homocysteine S-methyltransferase,,2262.0,0,0,0,1,0,1
4012121,-,b3829,5-methyltetrahydropteroyltriglutamate-homocysteine S-methyltransferase,,2262.0,0,0,0,1,0,1
4013410,-,b3830,putative hydrolase,,816.0,0,0,1,0,0,1
4013446,-,b3830,putative hydrolase,,816.0,0,0,1,0,0,0
4013593,+,b3830,putative hydrolase,,816.0,0,0,0,1,0,1
4014022,+,b3830,putative hydrolase,,816.0,0,0,0,1,0,1
4014208,+,b3831,uridine phosphorylase,246.0,762.0,0,1,0,0,0,1
4014222,+,b3831,uridine phosphorylase,232.0,762.0,0,1,0,0,0,1
4014225,-,b3830,putative hydrolase,33.0,816.0,1,0,0,0,0,0
4014247,+,b3831,uridine phosphorylase,207.0,762.0,0,1,0,0,0,1
4014248,-,b3830,putative hydrolase,56.0,816.0,0,1,0,0,0,0
4014349,+,b3831,uridine phosphorylase,105.0,762.0,0,1,0,0,0,0
4014411,+,b3831,uridine phosphorylase,43.0,762.0,1,0,0,0,0,0
4014591,+,b3831,uridine phosphorylase,,762.0,0,0,1,0,0,0
4014748,-,b3831,uridine phosphorylase,,762.0,0,0,0,1,0,1
4015089,-,b3831,uridine phosphorylase,,762.0,0,0,0,1,0,1
4015321,+,b3832,putative recombination limiting protein,35.0,1428.0,0,1,0,0,0,0
4015331,+,b3832,putative recombination limiting protein,25.0,1428.0,1,0,0,0,0,0
4015823,-,b3832,putative recombination limiting protein,,1428.0,0,0,0,1,0,1
4016147,-,b3832,putative recombination limiting protein,,1428.0,0,0,0,1,0,1
4016239,-,b3832,putative recombination limiting protein,,1428.0,0,0,0,1,0,1
4016553,-,b3832,putative recombination limiting protein,,1428.0,0,0,0,1,0,1
4016653,+,b3833,bifunctional 2-octaprenyl-6-methoxy-1%2C4-benzoquinone methylase%2F S-adenosylmethionine:2-DMK methyltransferase,225.0,756.0,1,0,0,0,0,0
4017157,+,b3833,bifunctional 2-octaprenyl-6-methoxy-1%2C4-benzoquinone methylase%2F S-adenosylmethionine:2-DMK methyltransferase,,756.0,0,0,1,0,0,0
4017191,+,b3833,bifunctional 2-octaprenyl-6-methoxy-1%2C4-benzoquinone methylase%2F S-adenosylmethionine:2-DMK methyltransferase,,756.0,0,0,1,0,0,0
4017443,+,b3834,conserved protein%2C SCP2 family,204.0,606.0,1,0,0,0,0,0
4017523,-,b3833,bifunctional 2-octaprenyl-6-methoxy-1%2C4-benzoquinone methylase%2F S-adenosylmethionine:2-DMK methyltransferase,,756.0,0,0,0,1,0,1
4018363,-,b3835,2-octaprenylphenol hydroxylase,,1641.0,0,0,0,1,0,1
4018461,-,b3835,2-octaprenylphenol hydroxylase,,1641.0,0,0,0,1,0,1
4018716,-,b3835,2-octaprenylphenol hydroxylase,,1641.0,0,0,0,1,0,1
4018931,-,b3835,2-octaprenylphenol hydroxylase,,1641.0,0,0,0,1,0,1
4018944,-,b3835,2-octaprenylphenol hydroxylase,,1641.0,0,0,0,1,0,1
4019219,+,b3835,2-octaprenylphenol hydroxylase,,1641.0,0,0,1,0,0,0
4019408,+,b3835,2-octaprenylphenol hydroxylase,,1641.0,0,0,1,0,0,0
4019423,+,b3835,2-octaprenylphenol hydroxylase,,1641.0,0,0,1,0,0,0
4019698,+,b3836,TatABCE protein translocation system subunit,270.0,270.0,0,1,0,0,0,0
4019710,+,b3836,TatABCE protein translocation system subunit,258.0,270.0,0,1,0,0,0,0
4019786,+,b3836,TatABCE protein translocation system subunit,182.0,270.0,0,1,0,0,0,0
4019933,+,b3836,TatABCE protein translocation system subunit,35.0,270.0,1,0,0,0,0,0
4021105,-,b3839,TatABCE protein translocation system subunit,,777.0,0,0,0,1,0,1
4021271,+,b3839,TatABCE protein translocation system subunit,,777.0,0,0,1,0,0,0
4021648,+,b4483,quality control of Tat-exported FeS proteins%3B Mg-dependent cytoplasmic DNase,,783.0,0,0,1,0,0,0
4021852,-,b4483,quality control of Tat-exported FeS proteins%3B Mg-dependent cytoplasmic DNase,,783.0,0,0,0,1,0,1
4022490,-,b3842,DNA-binding transcriptional antiterminator,,489.0,0,0,1,0,0,0
4022503,+,b3842,DNA-binding transcriptional antiterminator,,489.0,0,0,0,1,0,1
4022835,+,b3843,3-octaprenyl-4-hydroxybenzoate decarboxylase,176.0,1494.0,1,0,0,0,0,1
4022851,+,b3843,3-octaprenyl-4-hydroxybenzoate decarboxylase,160.0,1494.0,0,1,0,0,0,1
4022855,+,b3843,3-octaprenyl-4-hydroxybenzoate decarboxylase,156.0,1494.0,0,1,0,0,0,1
4022866,-,b3842,DNA-binding transcriptional antiterminator,22.0,489.0,1,0,0,0,0,0
4022896,-,b3842,DNA-binding transcriptional antiterminator,52.0,489.0,0,1,0,0,0,0
4022938,-,b3842,DNA-binding transcriptional antiterminator,94.0,489.0,0,1,0,0,0,1
4022947,-,b3842,DNA-binding transcriptional antiterminator,103.0,489.0,0,1,0,0,0,1
4023071,-,b3842,DNA-binding transcriptional antiterminator,227.0,489.0,0,1,0,0,0,1
4023075,-,b3842,DNA-binding transcriptional antiterminator,231.0,489.0,0,1,0,0,0,1
4023289,+,b3843,3-octaprenyl-4-hydroxybenzoate decarboxylase,,1494.0,0,0,1,0,0,0
4023442,-,b3843,3-octaprenyl-4-hydroxybenzoate decarboxylase,,1494.0,0,0,0,1,0,1
4023972,+,b3843,3-octaprenyl-4-hydroxybenzoate decarboxylase,,1494.0,0,0,1,0,0,0
4024165,+,b3843,3-octaprenyl-4-hydroxybenzoate decarboxylase,,1494.0,0,0,1,0,0,0
4024202,+,b3843,3-octaprenyl-4-hydroxybenzoate decarboxylase,,1494.0,0,0,1,0,0,0
4027742,+,b3846,fused 3-hydroxybutyryl-CoA epimerase%2Fdelta%283%29-cis-delta%282%29-trans-enoyl-CoA isomerase%2Fenoyl-CoA hydratase%2F3-hydroxyacyl-CoA dehydrogenase,,2190.0,0,0,0,1,0,1
4028895,-,b3846,fused 3-hydroxybutyryl-CoA epimerase%2Fdelta%283%29-cis-delta%282%29-trans-enoyl-CoA isomerase%2Fenoyl-CoA hydratase%2F3-hydroxyacyl-CoA dehydrogenase,,2190.0,0,0,1,0,0,0
4029036,-,b3846,fused 3-hydroxybutyryl-CoA epimerase%2Fdelta%283%29-cis-delta%282%29-trans-enoyl-CoA isomerase%2Fenoyl-CoA hydratase%2F3-hydroxyacyl-CoA dehydrogenase,42.0,2190.0,1,0,0,0,0,0
4029040,-,b3846,fused 3-hydroxybutyryl-CoA epimerase%2Fdelta%283%29-cis-delta%282%29-trans-enoyl-CoA isomerase%2Fenoyl-CoA hydratase%2F3-hydroxyacyl-CoA dehydrogenase,46.0,2190.0,0,1,0,0,0,0
4029153,+,b3847,proline dipeptidase,31.0,1332.0,1,0,0,0,0,0
4029345,+,b3847,proline dipeptidase,,1332.0,0,0,1,0,0,0
4030255,+,b3848,conserved protein%2C UPF0029 family,260.0,615.0,1,0,0,0,0,0
4030422,+,b3848,conserved protein%2C UPF0029 family,93.0,615.0,0,1,0,0,0,0
4030718,+,b3848,conserved protein%2C UPF0029 family,,615.0,0,0,1,0,0,0
4030758,+,b3848,conserved protein%2C UPF0029 family,,615.0,0,0,1,0,0,0
4030942,+,b3849,potassium transporter,226.0,1452.0,1,0,0,0,0,0
4031079,-,b3848,conserved protein%2C UPF0029 family,,615.0,0,0,0,1,0,1
4031137,+,b3849,potassium transporter,31.0,1452.0,0,1,0,0,0,0
4031899,+,b3849,potassium transporter,,1452.0,0,0,1,0,0,0
4032060,+,b3849,potassium transporter,,1452.0,0,0,1,0,0,0
4032344,+,b3850,protoporphyrin oxidase%2C flavoprotein,287.0,546.0,0,1,0,0,0,0
4032401,+,b3850,protoporphyrin oxidase%2C flavoprotein,230.0,546.0,0,1,0,0,0,0
4032413,+,b3850,protoporphyrin oxidase%2C flavoprotein,218.0,546.0,1,0,0,0,0,0
4032818,+,b3850,protoporphyrin oxidase%2C flavoprotein,,546.0,0,0,1,0,0,0
4033047,-,b3850,protoporphyrin oxidase%2C flavoprotein,,546.0,0,0,0,1,0,1
4033261,+,b3851,16S ribosomal RNA of rrnA operon,293.0,1542.0,0,1,0,0,0,0
4033379,+,b3851,16S ribosomal RNA of rrnA operon,175.0,1542.0,1,0,0,0,0,0
4033892,+,b3851,16S ribosomal RNA of rrnA operon,,1542.0,0,0,1,0,0,0
4034799,+,b3851,16S ribosomal RNA of rrnA operon,,1542.0,0,0,1,0,0,0
4034955,+,b3852,tRNA-Ile,209.0,77.0,0,1,0,0,0,0
4035164,+,b3852,tRNA-Ile,0.0,77.0,1,0,0,0,0,0
4035283,+,b3853,tRNA-Ala,0.0,76.0,1,0,0,0,0,0
4035777,+,b3854,23S ribosomal RNA of rrnA operon,,2905.0,0,0,1,0,0,0
4036817,+,b3854,23S ribosomal RNA of rrnA operon,,2905.0,0,0,1,0,0,0
4037990,+,b3854,23S ribosomal RNA of rrnA operon,,2905.0,0,0,1,0,0,0
4038540,+,b3855,5S ribosomal RNA of rrnA operon,0.0,120.0,1,0,0,0,0,0
4038844,+,b3856,molybdopterin-guanine dinucleotide biosynthesis protein B,,528.0,0,0,0,1,0,1
4038946,-,b3856,molybdopterin-guanine dinucleotide biosynthesis protein B,,528.0,0,0,1,0,0,0
4039192,+,b3856,molybdopterin-guanine dinucleotide biosynthesis protein B,,528.0,0,0,0,1,0,1
4039328,+,b3856,molybdopterin-guanine dinucleotide biosynthesis protein B,,528.0,0,0,0,1,0,1
4040067,-,b3857,molybdopterin-guanine dinucleotide synthase,45.0,585.0,0,1,0,0,0,1
4040165,-,b3857,molybdopterin-guanine dinucleotide synthase,143.0,585.0,1,0,0,0,0,1
4040405,+,b3859,Thr%2FSer kinase implicated in Cpx stress response,33.0,987.0,0,1,0,0,0,0
4040414,+,b3859,Thr%2FSer kinase implicated in Cpx stress response,24.0,987.0,1,0,0,0,0,0
4040801,+,b3859,Thr%2FSer kinase implicated in Cpx stress response,,987.0,0,0,1,0,0,0
4040938,+,b3859,Thr%2FSer kinase implicated in Cpx stress response,,987.0,0,0,1,0,0,0
4041098,+,b3859,Thr%2FSer kinase implicated in Cpx stress response,,987.0,0,0,1,0,0,0
4041190,+,b3860,periplasmic protein disulfide isomerase I,251.0,627.0,1,0,0,0,0,0
4041275,+,b3860,periplasmic protein disulfide isomerase I,166.0,627.0,0,1,0,0,0,0
4042999,-,b3861,conserved protein%2C DUF945 family,,1431.0,0,0,0,1,0,1
4043129,-,b3861,conserved protein%2C DUF945 family,,1431.0,0,0,0,1,0,1
4043593,+,b3861,conserved protein%2C DUF945 family,,1431.0,0,0,1,0,0,1
4043913,-,b3862,inner membrane protein%2C Predicted acyltransferas,,933.0,0,0,1,0,0,0
4044423,-,b3862,inner membrane protein%2C Predicted acyltransferas,,933.0,0,0,1,0,0,0
4044433,-,b3862,inner membrane protein%2C Predicted acyltransferas,,933.0,0,0,1,0,0,0
4044649,-,b3862,inner membrane protein%2C Predicted acyltransferas,24.0,933.0,1,0,0,0,0,0
4044962,+,b3863,fused DNA polymerase I 5%27-%3E3%27 polymerase%2F3%27-%3E5%27 exonuclease%2F5%27-%3E3%27 exonuclease,27.0,2787.0,1,0,0,0,0,0
4045027,-,b3863,fused DNA polymerase I 5%27-%3E3%27 polymerase%2F3%27-%3E5%27 exonuclease%2F5%27-%3E3%27 exonuclease,,2787.0,0,0,0,1,0,1
4045135,-,b3863,fused DNA polymerase I 5%27-%3E3%27 polymerase%2F3%27-%3E5%27 exonuclease%2F5%27-%3E3%27 exonuclease,,2787.0,0,0,0,1,0,1
4045565,+,b3863,fused DNA polymerase I 5%27-%3E3%27 polymerase%2F3%27-%3E5%27 exonuclease%2F5%27-%3E3%27 exonuclease,,2787.0,0,0,1,0,0,0
4046087,+,b3863,fused DNA polymerase I 5%27-%3E3%27 polymerase%2F3%27-%3E5%27 exonuclease%2F5%27-%3E3%27 exonuclease,,2787.0,0,0,1,0,0,0
4046323,+,b3863,fused DNA polymerase I 5%27-%3E3%27 polymerase%2F3%27-%3E5%27 exonuclease%2F5%27-%3E3%27 exonuclease,,2787.0,0,0,1,0,0,0
4047623,-,b3863,fused DNA polymerase I 5%27-%3E3%27 polymerase%2F3%27-%3E5%27 exonuclease%2F5%27-%3E3%27 exonuclease,,2787.0,0,0,0,1,0,1
4047706,+,b3864,Spot 42 sRNA antisense regulator of galK translation%2C Hfq-dependent,216.0,109.0,0,1,0,0,0,0
4047920,+,b3864,Spot 42 sRNA antisense regulator of galK translation%2C Hfq-dependent,2.0,109.0,0,1,0,0,0,0
4047922,+,b3864,Spot 42 sRNA antisense regulator of galK translation%2C Hfq-dependent,0.0,109.0,1,0,0,0,0,0
4048084,-,b3864,Spot 42 sRNA antisense regulator of galK translation%2C Hfq-dependent,,109.0,0,0,0,1,0,1
4048883,+,b4457,CsrC sRNA sequesters CsrA%2C a carbon flux regulator,176.0,245.0,0,1,0,0,0,1
4049042,-,b3865,GTP-binding protein required for normal cell division,254.0,633.0,1,0,0,0,0,1
4049059,+,b4457,CsrC sRNA sequesters CsrA%2C a carbon flux regulator,0.0,245.0,1,0,0,0,0,0
4049363,-,b4457,CsrC sRNA sequesters CsrA%2C a carbon flux regulator,,245.0,0,0,0,1,0,1
4049775,+,b3867,coproporphyrinogen III oxidase%2C SAM and NAD%28P%29H dependent%2C oxygen-independent,293.0,1374.0,0,1,0,0,0,0
4049947,-,b3866,activator of Der GTPase,,510.0,0,0,0,1,0,1
4049966,+,b3867,coproporphyrinogen III oxidase%2C SAM and NAD%28P%29H dependent%2C oxygen-independent,102.0,1374.0,1,0,0,0,0,0
4050103,-,b3867,coproporphyrinogen III oxidase%2C SAM and NAD%28P%29H dependent%2C oxygen-independent,,1374.0,0,0,0,1,0,1
4050924,+,b3867,coproporphyrinogen III oxidase%2C SAM and NAD%28P%29H dependent%2C oxygen-independent,,1374.0,0,0,1,0,0,0
4051284,+,b3867,coproporphyrinogen III oxidase%2C SAM and NAD%28P%29H dependent%2C oxygen-independent,,1374.0,0,0,1,0,0,0
4051397,+,b3867,coproporphyrinogen III oxidase%2C SAM and NAD%28P%29H dependent%2C oxygen-independent,,1374.0,0,0,1,0,0,0
4051864,-,b4686,hypothetical protein,84.0,111.0,1,0,0,0,0,0
4052703,+,b3868,fused DNA-binding response regulator in two-component regulatory system with GlnL: response regulator%2Fsigma54 interaction protein,,1410.0,0,0,0,1,0,1
4053873,+,b3869,sensory histidine kinase in two-component regulatory system with GlnG,,1050.0,0,0,0,1,0,1
4054120,-,b3869,sensory histidine kinase in two-component regulatory system with GlnG,,1050.0,0,0,1,0,0,0
4054394,-,b3869,sensory histidine kinase in two-component regulatory system with GlnG,32.0,1050.0,1,0,0,0,0,0
4054408,+,b3869,sensory histidine kinase in two-component regulatory system with GlnG,,1050.0,0,0,0,1,0,1
4054663,-,b3870,glutamine synthetase,,1410.0,0,0,1,0,0,0
4055325,-,b3870,glutamine synthetase,,1410.0,0,0,1,0,0,0
4056066,+,b3870,glutamine synthetase,,1410.0,0,0,0,1,0,1
4056129,-,b3870,glutamine synthetase,72.0,1410.0,0,1,0,0,0,0
4056174,+,b3871,GTP-binding protein,256.0,1824.0,0,1,0,0,0,0
4056196,+,b3871,GTP-binding protein,234.0,1824.0,1,0,0,0,0,0
4056243,-,b3870,glutamine synthetase,186.0,1410.0,1,0,0,0,0,0
4056376,+,b3871,GTP-binding protein,54.0,1824.0,0,1,0,0,0,0
4056403,+,b3871,GTP-binding protein,27.0,1824.0,0,1,0,0,0,0
4056405,+,b3871,GTP-binding protein,25.0,1824.0,0,1,0,0,0,0
4056717,+,b3871,GTP-binding protein,,1824.0,0,0,1,0,0,0
4057137,-,b3871,GTP-binding protein,,1824.0,0,0,0,1,0,1
4057370,+,b3871,GTP-binding protein,,1824.0,0,0,1,0,0,0
4057410,+,b3871,GTP-binding protein,,1824.0,0,0,1,0,0,0
4057583,-,b3871,GTP-binding protein,,1824.0,0,0,0,1,0,1
4058044,+,b3871,GTP-binding protein,,1824.0,0,0,1,0,0,0
4058158,+,b3871,GTP-binding protein,,1824.0,0,0,1,0,0,0
4058442,+,b3872,putative DNA-binding transcriptional regulator,28.0,711.0,1,0,0,0,0,0
4059071,-,b3872,putative DNA-binding transcriptional regulator,,711.0,0,0,0,1,0,1
4059740,+,b3873,putative sugar phosphate isomerase,,981.0,0,0,1,0,0,0
4060279,+,b3874,inner membrane protein%2C predicted transporter,,1266.0,0,0,1,0,0,0
4060575,+,b3874,inner membrane protein%2C predicted transporter,,1266.0,0,0,1,0,0,0
4061061,+,b3874,inner membrane protein%2C predicted transporter,,1266.0,0,0,1,0,0,0
4061155,+,b3874,inner membrane protein%2C predicted transporter,,1266.0,0,0,1,0,0,0
4062692,+,b3876,putative transporter,,1404.0,0,0,0,1,0,1
4063836,+,b3876,putative transporter,,1404.0,0,0,0,1,0,1
4064303,+,b3877,putative transporter,,1386.0,0,0,0,1,0,1
4066020,-,b3878,alpha-glucosidase,,2037.0,0,0,1,0,0,0
4066964,+,b3878,alpha-glucosidase,,2037.0,0,0,0,1,0,1
4068493,+,b3879,putative aldose-1-epimerase,,927.0,0,0,0,1,0,1
4068562,+,b3880,aldose-ketose isomerase%3B D-mannose isomerase,,1242.0,0,0,0,1,0,1
4069008,+,b3880,aldose-ketose isomerase%3B D-mannose isomerase,,1242.0,0,0,0,1,0,1
4070027,+,b3881,putative aldolase,,879.0,0,0,0,1,0,1
4070479,+,b3881,putative aldolase,,879.0,0,0,0,1,0,1
4070710,+,b3881,putative aldolase,,879.0,0,0,0,1,0,1
4071412,+,b3882,gamma-hydroxybutyrate dehydrogenase%2C NADH-dependent,,897.0,0,0,0,1,0,1
4071737,+,b3883,putative sugar kinase,25.0,897.0,1,0,0,0,0,0
4072668,+,b3884,putative DNA-binding transcriptional regulator,24.0,786.0,1,0,0,0,0,0
4073432,+,b3885,alpha-D-Glucose-1-P phosphatase%2C anomer-specific,144.0,600.0,0,1,0,0,0,0
4073552,+,b3885,alpha-D-Glucose-1-P phosphatase%2C anomer-specific,24.0,600.0,1,0,0,0,0,0
4074076,-,b3885,alpha-D-Glucose-1-P phosphatase%2C anomer-specific,,600.0,0,0,0,1,0,1
4074092,+,b3886,putative inner membrane protein,77.0,873.0,1,0,0,0,0,0
4074094,+,b3886,putative inner membrane protein,75.0,873.0,0,1,0,0,0,0
4074521,+,b3886,putative inner membrane protein,,873.0,0,0,1,0,0,0
4074597,-,b3886,putative inner membrane protein,,873.0,0,0,0,1,0,1
4075146,+,b3887,D-tyr-tRNA%28Tyr%29 deacylase,,438.0,0,0,1,0,0,0
4075503,-,b3887,D-tyr-tRNA%28Tyr%29 deacylase,,438.0,0,0,0,1,0,1
4075527,+,b3888,putative acetyltransferase,,990.0,0,0,1,0,0,0
4077624,-,b3889,putative transcriptional regulator,,213.0,0,0,0,1,0,1
4077718,+,b3890,hypothetical protein,56.0,219.0,1,0,0,0,0,0
4077775,-,b3890,hypothetical protein,,219.0,0,0,0,1,0,1
4077855,+,b3890,hypothetical protein,,219.0,0,0,1,0,0,0
4078584,-,b3891,formate dehydrogenase formation protein,,930.0,0,0,1,0,0,0
4079384,-,b3891,formate dehydrogenase formation protein,133.0,930.0,1,0,0,0,0,0
4079592,-,b3892,formate dehydrogenase-O%2C cytochrome b556 subunit,,636.0,0,0,1,0,0,0
4079954,-,b3892,formate dehydrogenase-O%2C cytochrome b556 subunit,71.0,636.0,1,0,0,0,0,0
4080431,+,b3893,formate dehydrogenase-O%2C Fe-S subunit,,903.0,0,0,0,1,0,1
4080439,+,b3893,formate dehydrogenase-O%2C Fe-S subunit,,903.0,0,0,0,1,0,1
4081490,+,b3894,formate dehydrogenase-O%2C large subunit,,3051.0,0,0,0,1,0,1
4082837,-,b3894,formate dehydrogenase-O%2C large subunit,,3051.0,0,0,1,0,0,0
4082945,+,b3894,formate dehydrogenase-O%2C large subunit,,3051.0,0,0,0,1,0,1
4083743,+,b3895,formate dehydrogenase formation protein,296.0,834.0,0,1,0,0,0,1
4083961,+,b3895,formate dehydrogenase formation protein,78.0,834.0,1,0,0,0,0,0
4083988,-,b3894,formate dehydrogenase-O%2C large subunit,143.0,3051.0,1,0,0,0,0,1
4083996,-,b3894,formate dehydrogenase-O%2C large subunit,151.0,3051.0,0,1,0,0,0,1
4084783,+,b3896,conserved lipoprotein,242.0,1056.0,0,1,0,0,0,0
4084808,+,b3896,conserved lipoprotein,217.0,1056.0,1,0,0,0,0,0
4086056,-,b3896,conserved lipoprotein,,1056.0,0,0,0,1,0,1
4086076,+,b3896,conserved lipoprotein,,1056.0,0,0,1,0,0,1
4086666,+,b3897,putative frv operon regulator%3B contains a PTS EIIA domain,,1749.0,0,0,0,1,0,1
4086880,+,b3897,putative frv operon regulator%3B contains a PTS EIIA domain,,1749.0,0,0,0,1,0,1
4087069,-,b3897,putative frv operon regulator%3B contains a PTS EIIA domain,,1749.0,0,0,1,0,0,0
4087212,-,b3897,putative frv operon regulator%3B contains a PTS EIIA domain,,1749.0,0,0,1,0,0,0
4087313,+,b3897,putative frv operon regulator%3B contains a PTS EIIA domain,,1749.0,0,0,0,1,0,1
4087771,+,b3897,putative frv operon regulator%3B contains a PTS EIIA domain,,1749.0,0,0,0,1,0,1
4087977,-,b3897,putative frv operon regulator%3B contains a PTS EIIA domain,99.0,1749.0,1,0,0,0,0,0
4088366,-,b3898,putative peptidase,,1071.0,0,0,1,0,0,0
4088394,-,b3898,putative peptidase,,1071.0,0,0,1,0,0,0
4089088,-,b3898,putative peptidase,140.0,1071.0,1,0,0,0,0,0
4089937,-,b3899,fused predicted PTS enzymes: IIB component%2FIIC component,,1452.0,0,0,1,0,0,0
4090860,-,b3900,putative enzyme IIA component of PTS,14.0,447.0,1,0,0,0,0,0
4091047,+,b3901,L-rhamnose mutarotase,,315.0,0,0,0,1,0,1
4092173,+,b3902,rhamnulose-1-phosphate aldolase,,825.0,0,0,0,1,0,1
4092323,+,b3902,rhamnulose-1-phosphate aldolase,,825.0,0,0,0,1,0,1
4093442,+,b3903,L-rhamnose isomerase,,1260.0,0,0,0,1,0,1
4093625,+,b3903,L-rhamnose isomerase,,1260.0,0,0,0,1,0,1
4095703,+,b3905,DNA-binding transcriptional activator for rhaBAD and rhaT%2C L-rhamnose-binding,56.0,837.0,1,0,0,0,0,0
4096646,+,b3906,DNA-binding transcriptional activator for rhaSR%2C L-rhamnose-binding,23.0,849.0,1,0,0,0,0,0
4096934,+,b3906,DNA-binding transcriptional activator for rhaSR%2C L-rhamnose-binding,,849.0,0,0,1,0,0,0
4097425,-,b3906,DNA-binding transcriptional activator for rhaSR%2C L-rhamnose-binding,,849.0,0,0,0,1,0,1
4098108,+,b3907,L-rhamnose:proton symporter,,1035.0,0,0,0,1,0,1
4098782,+,b3908,superoxide dismutase%2C Mn,51.0,621.0,1,0,0,0,0,0
4099422,+,b3909,2-keto-3-deoxy-D-gluconate transporter,291.0,984.0,1,0,0,0,0,0
4099949,+,b3909,2-keto-3-deoxy-D-gluconate transporter,,984.0,0,0,1,0,0,0
4100393,+,b3909,2-keto-3-deoxy-D-gluconate transporter,,984.0,0,0,1,0,0,0
4100428,-,b3909,2-keto-3-deoxy-D-gluconate transporter,,984.0,0,0,0,1,0,1
4100810,+,b3910,6-N-hydroxylaminopurine resistance protein,35.0,675.0,1,0,0,0,0,0
4101276,+,b3910,6-N-hydroxylaminopurine resistance protein,,675.0,0,0,1,0,0,0
4101795,+,b3911,sensory histidine kinase in two-component regulatory system with CpxR,,1374.0,0,0,0,1,0,1
4102579,+,b3911,sensory histidine kinase in two-component regulatory system with CpxR,,1374.0,0,0,0,1,0,1
4103062,-,b3911,sensory histidine kinase in two-component regulatory system with CpxR,64.0,1374.0,1,0,0,0,0,0
4103784,-,b3912,DNA-binding response regulator in two-component regulatory system with CpxA,91.0,699.0,1,0,0,0,0,1
4103808,+,b4484,inhibitor of the cpx response%3B periplasmic adaptor protein,35.0,501.0,1,0,0,0,0,0
4104056,-,b4484,inhibitor of the cpx response%3B periplasmic adaptor protein,,501.0,0,0,0,1,0,1
4104193,-,b4484,inhibitor of the cpx response%3B periplasmic adaptor protein,,501.0,0,0,0,1,0,1
4104472,+,b3915,ferrous iron and zinc transporter,20.0,903.0,1,0,0,0,0,0
4104858,+,b3915,ferrous iron and zinc transporter,,903.0,0,0,1,0,0,0
4104885,+,b3915,ferrous iron and zinc transporter,,903.0,0,0,1,0,0,0
4104958,+,b3915,ferrous iron and zinc transporter,,903.0,0,0,1,0,0,0
4105362,-,b3915,ferrous iron and zinc transporter,,903.0,0,0,0,1,0,1
4105394,+,b3916,6-phosphofructokinase I,181.0,963.0,1,0,0,0,0,0
4105443,+,b3916,6-phosphofructokinase I,132.0,963.0,0,1,0,0,0,0
4105567,-,b3916,6-phosphofructokinase I,,963.0,0,0,0,1,0,1
4106576,+,b3917,sulfate transporter subunit,281.0,990.0,1,0,0,0,0,0
4106828,+,b3917,sulfate transporter subunit,29.0,990.0,0,1,0,0,0,0
4106849,+,b3917,sulfate transporter subunit,8.0,990.0,0,1,0,0,0,0
4107027,+,b3917,sulfate transporter subunit,,990.0,0,0,1,0,0,0
4107929,+,b3918,CDP-diacylglycerol phosphotidylhydrolase,24.0,756.0,1,0,0,0,0,0
4109275,-,b3919,triosephosphate isomerase,,768.0,0,0,1,0,0,0
4109383,-,b3919,triosephosphate isomerase,,768.0,0,0,1,0,0,0
4109668,-,b3919,triosephosphate isomerase,138.0,768.0,1,0,0,0,0,0
4110090,+,b3921,putative inner membrane protein%2C DUF805 family,248.0,441.0,1,0,0,0,0,1
4110260,-,b3920,hypothetical protein,23.0,600.0,1,0,0,0,0,1
4110313,+,b3921,putative inner membrane protein%2C DUF805 family,25.0,441.0,0,1,0,0,0,1
4110464,+,b3921,putative inner membrane protein%2C DUF805 family,,441.0,0,0,1,0,0,0
4110726,+,b3922,conserved protein%2C UPF0381 family,264.0,300.0,0,1,0,0,0,0
4110734,+,b3922,conserved protein%2C UPF0381 family,256.0,300.0,1,0,0,0,0,0
4110776,-,b3921,putative inner membrane protein%2C DUF805 family,,441.0,0,0,0,1,0,1
4110954,+,b3922,conserved protein%2C UPF0381 family,36.0,300.0,0,1,0,0,0,0
4111197,+,b3923,stress-induced protein,119.0,429.0,1,0,0,0,0,0
4111498,+,b3923,stress-induced protein,,429.0,0,0,1,0,0,0
4111882,-,b3924,ferredoxin-NADP reductase,,747.0,0,0,1,0,0,0
4112520,-,b3924,ferredoxin-NADP reductase,25.0,747.0,1,0,0,0,0,0
4112798,-,b3925,fructose 1%2C6-bisphosphatase II,,1011.0,0,0,1,0,0,0
4113626,-,b3925,fructose 1%2C6-bisphosphatase II,24.0,1011.0,1,0,0,0,0,0
4114573,+,b3926,glycerol kinase,,1509.0,0,0,0,1,0,1
4114585,+,b3926,glycerol kinase,,1509.0,0,0,0,1,0,1
4114603,-,b3926,glycerol kinase,,1509.0,0,0,1,0,0,0
4114884,+,b3926,glycerol kinase,,1509.0,0,0,0,1,0,1
4114994,+,b3926,glycerol kinase,,1509.0,0,0,0,1,0,1
4115853,+,b3927,glycerol facilitator,,846.0,0,0,0,1,0,1
4116184,-,b3927,glycerol facilitator,71.0,846.0,1,0,0,0,0,0
4116202,+,b3927,glycerol facilitator,,846.0,0,0,0,1,0,1
4116264,+,b3928,FtsZ stabilizer%3B septal ring assembly factor%2C stimulates cell division,274.0,246.0,1,0,0,0,0,0
4116286,-,b3927,glycerol facilitator,173.0,846.0,0,1,0,0,0,0
4117255,+,b3929,ribonuclease E %28RNase E%29 inhibitor protein,,486.0,0,0,0,1,0,1
4117379,-,b3929,ribonuclease E %28RNase E%29 inhibitor protein,26.0,486.0,1,0,0,0,0,0
4118454,+,b3930,1%2C4-dihydroxy-2-naphthoate octaprenyltransferase,,927.0,0,0,0,1,0,1
4118494,-,b3930,1%2C4-dihydroxy-2-naphthoate octaprenyltransferase,122.0,927.0,0,1,0,0,0,0
4118513,-,b3930,1%2C4-dihydroxy-2-naphthoate octaprenyltransferase,141.0,927.0,1,0,0,0,0,0
4118531,+,b3931,molecular chaperone and ATPase component of HslUV protease,,1332.0,0,0,0,1,0,1
4118583,-,b3930,1%2C4-dihydroxy-2-naphthoate octaprenyltransferase,211.0,927.0,0,1,0,0,0,0
4118680,+,b3931,molecular chaperone and ATPase component of HslUV protease,,1332.0,0,0,0,1,0,1
4119018,+,b3931,molecular chaperone and ATPase component of HslUV protease,,1332.0,0,0,0,1,0,1
4119983,-,b3931,molecular chaperone and ATPase component of HslUV protease,213.0,1332.0,1,0,0,0,0,0
4120029,-,b3931,molecular chaperone and ATPase component of HslUV protease,259.0,1332.0,0,1,0,0,0,0
4120311,+,b3932,peptidase component of the HslUV protease,,531.0,0,0,0,1,0,1
4120371,-,b3932,peptidase component of the HslUV protease,61.0,531.0,1,0,0,0,0,0
4120376,-,b3932,peptidase component of the HslUV protease,66.0,531.0,0,1,0,0,0,0
4120378,+,b3932,peptidase component of the HslUV protease,,531.0,0,0,0,1,0,1
4121393,-,b3933,essential cell division protein,31.0,960.0,0,1,0,0,0,0
4121547,-,b3933,essential cell division protein,185.0,960.0,1,0,0,0,0,0
4121625,-,b3933,essential cell division protein,263.0,960.0,0,1,0,0,0,0
4122328,+,b3934,DNA-binding transcriptional dual regulator,,1026.0,0,0,0,1,0,1
4122533,-,b3934,DNA-binding transcriptional dual regulator,54.0,1026.0,1,0,0,0,0,0
4122684,-,b3934,DNA-binding transcriptional dual regulator,205.0,1026.0,0,1,0,0,0,0
4122732,+,b3935,Primosome factor n%27 %28replication factor Y%29,,2199.0,0,0,0,1,0,1
4122914,+,b3935,Primosome factor n%27 %28replication factor Y%29,,2199.0,0,0,0,1,0,1
4123232,+,b3935,Primosome factor n%27 %28replication factor Y%29,,2199.0,0,0,0,1,0,1
4124560,-,b3935,Primosome factor n%27 %28replication factor Y%29,,2199.0,0,0,1,0,0,0
4124860,-,b3935,Primosome factor n%27 %28replication factor Y%29,27.0,2199.0,1,0,0,0,0,0
4124877,+,b3936,50S ribosomal subunit protein L31,159.0,213.0,0,1,0,0,0,1
4124883,+,b3936,50S ribosomal subunit protein L31,153.0,213.0,0,1,0,0,0,1
4124934,+,b3936,50S ribosomal subunit protein L31,102.0,213.0,1,0,0,0,0,0
4124960,-,b3935,Primosome factor n%27 %28replication factor Y%29,127.0,2199.0,0,1,0,0,0,1
4124975,+,b3936,50S ribosomal subunit protein L31,61.0,213.0,0,1,0,0,0,0
4125563,-,b3937,putative lipid binding hydrolase%2C DUF830 family%2C function unknown,,609.0,0,0,1,0,0,0
4125788,+,b3937,putative lipid binding hydrolase%2C DUF830 family%2C function unknown,,609.0,0,0,0,1,0,1
4126114,+,b3938,DNA-binding transcriptional repressor%2C S-adenosylmethionine-binding,,318.0,0,0,0,1,0,1
4126430,+,b3939,cystathionine gamma-synthase%2C PLP-dependent,265.0,1161.0,0,1,0,0,0,1
4126433,+,b3939,cystathionine gamma-synthase%2C PLP-dependent,262.0,1161.0,0,1,0,0,0,1
4126489,-,b3938,DNA-binding transcriptional repressor%2C S-adenosylmethionine-binding,71.0,318.0,0,1,0,0,0,0
4126552,-,b3938,DNA-binding transcriptional repressor%2C S-adenosylmethionine-binding,134.0,318.0,1,0,0,0,0,0
4126556,-,b3938,DNA-binding transcriptional repressor%2C S-adenosylmethionine-binding,138.0,318.0,0,1,0,0,0,0
4126658,+,b3939,cystathionine gamma-synthase%2C PLP-dependent,37.0,1161.0,1,0,0,0,0,0
4126787,-,b3939,cystathionine gamma-synthase%2C PLP-dependent,,1161.0,0,0,0,1,0,1
4127178,+,b3939,cystathionine gamma-synthase%2C PLP-dependent,,1161.0,0,0,1,0,0,0
4127283,+,b3939,cystathionine gamma-synthase%2C PLP-dependent,,1161.0,0,0,1,0,0,0
4128933,-,b3940,fused aspartokinase II%2Fhomoserine dehydrogenase II,,2433.0,0,0,0,1,0,1
4129664,+,b3940,fused aspartokinase II%2Fhomoserine dehydrogenase II,,2433.0,0,0,1,0,0,0
4129732,+,b3940,fused aspartokinase II%2Fhomoserine dehydrogenase II,,2433.0,0,0,1,0,0,0
4130174,+,b3940,fused aspartokinase II%2Fhomoserine dehydrogenase II,,2433.0,0,0,1,0,0,0
4130372,+,b3941,5%2C10-methylenetetrahydrofolate reductase,267.0,891.0,1,0,0,0,0,0
4130573,+,b3941,5%2C10-methylenetetrahydrofolate reductase,66.0,891.0,0,1,0,0,0,0
4131323,+,b3941,5%2C10-methylenetetrahydrofolate reductase,,891.0,0,0,1,0,0,0
4131394,-,b3941,5%2C10-methylenetetrahydrofolate reductase,,891.0,0,0,0,1,0,1
4131558,+,b3942,catalase-peroxidase HPI%2C heme b-containing,300.0,2181.0,0,1,0,0,0,0
4131765,+,b3942,catalase-peroxidase HPI%2C heme b-containing,93.0,2181.0,1,0,0,0,0,0
4131768,+,b3942,catalase-peroxidase HPI%2C heme b-containing,90.0,2181.0,0,1,0,0,0,0
4131790,-,b3942,catalase-peroxidase HPI%2C heme b-containing,,2181.0,0,0,0,1,0,1
4131830,-,b3942,catalase-peroxidase HPI%2C heme b-containing,,2181.0,0,0,0,1,0,1
4131996,-,b3942,catalase-peroxidase HPI%2C heme b-containing,,2181.0,0,0,0,1,0,1
4133451,+,b3942,catalase-peroxidase HPI%2C heme b-containing,,2181.0,0,0,1,0,0,0
4133935,-,b3942,catalase-peroxidase HPI%2C heme b-containing,,2181.0,0,0,0,1,0,1
4133991,+,b3943,inner membrane protein%2C predicted permease,140.0,906.0,1,0,0,0,0,0
4134083,-,b3942,catalase-peroxidase HPI%2C heme b-containing,,2181.0,0,0,0,1,0,1
4134106,+,b3943,inner membrane protein%2C predicted permease,25.0,906.0,0,1,0,0,0,0
4134349,+,b3943,inner membrane protein%2C predicted permease,,906.0,0,0,1,0,0,0
4135064,-,b3944,hypothetical protein,,618.0,0,0,1,0,0,1
4135512,+,b3944,hypothetical protein,,618.0,0,0,0,1,0,1
4136095,+,b3945,glycerol dehydrogenase%2C NAD,,1104.0,0,0,0,1,0,1
4136429,-,b3945,glycerol dehydrogenase%2C NAD,,1104.0,0,0,1,0,0,0
4136597,-,b3945,glycerol dehydrogenase%2C NAD,,1104.0,0,0,1,0,0,0
4137057,+,b3945,glycerol dehydrogenase%2C NAD,,1104.0,0,0,0,1,0,1
4137068,+,b3945,glycerol dehydrogenase%2C NAD,,1104.0,0,0,0,1,0,1
4137451,+,b3946,fructose-6-phosphate aldolase 2,,663.0,0,0,0,1,0,1
4137863,+,b3947,fused predicted PTS enzymes: Hpr component%2Fenzyme I component%2Fenzyme IIA component,,2502.0,0,0,0,1,0,1
4137908,+,b3947,fused predicted PTS enzymes: Hpr component%2Fenzyme I component%2Fenzyme IIA component,,2502.0,0,0,0,1,0,1
4139300,+,b3947,fused predicted PTS enzymes: Hpr component%2Fenzyme I component%2Fenzyme IIA component,,2502.0,0,0,0,1,0,1
4140635,-,b3949,putative enzyme IIC component of PTS,,1080.0,0,0,0,1,0,1
4141098,+,b3949,putative enzyme IIC component of PTS,,1080.0,0,0,1,0,0,0
4142177,+,b3951,putative formate acetyltransferase 2 %28pyruvate formate lyase II%29,,2298.0,0,0,1,0,0,0
4142479,-,b3951,putative formate acetyltransferase 2 %28pyruvate formate lyase II%29,,2298.0,0,0,0,1,0,1
4142759,-,b3951,putative formate acetyltransferase 2 %28pyruvate formate lyase II%29,,2298.0,0,0,0,1,0,1
4144131,-,b3951,putative formate acetyltransferase 2 %28pyruvate formate lyase II%29,,2298.0,0,0,0,1,0,1
4144172,+,b3952,pyruvate formate lyase II activase,109.0,879.0,1,0,0,0,0,0
4145170,+,b3953,putative enzyme IIB component of PTS,,342.0,0,0,1,0,0,0
4146363,-,b3954,putative DNA-binding transcriptional regulator,23.0,852.0,1,0,0,0,0,0
4146393,+,b3954,putative DNA-binding transcriptional regulator,,852.0,0,0,0,1,0,1
4146399,-,b3954,putative DNA-binding transcriptional regulator,59.0,852.0,0,1,0,0,0,0
4146543,-,b3954,putative DNA-binding transcriptional regulator,203.0,852.0,0,1,0,0,0,0
4146673,-,b3955,putative LPS core phosphoethanolamine transferase,,1734.0,0,0,1,0,0,0
4146706,+,b3955,putative LPS core phosphoethanolamine transferase,,1734.0,0,0,0,1,0,1
4147140,+,b3955,putative LPS core phosphoethanolamine transferase,,1734.0,0,0,0,1,0,1
4147426,+,b3955,putative LPS core phosphoethanolamine transferase,,1734.0,0,0,0,1,0,1
4147806,+,b3955,putative LPS core phosphoethanolamine transferase,,1734.0,0,0,0,1,0,1
4148075,-,b3955,putative LPS core phosphoethanolamine transferase,,1734.0,0,0,1,0,0,0
4148159,-,b3955,putative LPS core phosphoethanolamine transferase,,1734.0,0,0,1,0,0,0
4148333,-,b3955,putative LPS core phosphoethanolamine transferase,45.0,1734.0,0,1,0,0,0,0
4148378,-,b3955,putative LPS core phosphoethanolamine transferase,90.0,1734.0,1,0,0,0,0,0
4148613,-,b3956,phosphoenolpyruvate carboxylase,,2652.0,0,0,1,0,0,0
4149585,-,b3956,phosphoenolpyruvate carboxylase,,2652.0,0,0,1,0,0,0
4150708,+,b3956,phosphoenolpyruvate carboxylase,,2652.0,0,0,0,1,0,1
4150860,+,b3956,phosphoenolpyruvate carboxylase,,2652.0,0,0,0,1,0,1
4151113,-,b3956,phosphoenolpyruvate carboxylase,,2652.0,0,0,1,0,0,0
4151210,-,b3956,phosphoenolpyruvate carboxylase,89.0,2652.0,1,0,0,0,0,0
4152196,-,b3957,acetylornithine deacetylase,,1152.0,0,0,1,0,0,0
4152549,-,b3957,acetylornithine deacetylase,,1152.0,0,0,1,0,0,0
4152571,-,b3957,acetylornithine deacetylase,,1152.0,0,0,1,0,0,0
4152906,+,b3958,N-acetyl-gamma-glutamylphosphate reductase%2C NAD%28P%29-binding,118.0,1005.0,0,1,0,0,0,1
4152910,+,b3958,N-acetyl-gamma-glutamylphosphate reductase%2C NAD%28P%29-binding,114.0,1005.0,1,0,0,0,0,1
4152920,-,b3957,acetylornithine deacetylase,50.0,1152.0,1,0,0,0,0,0
4153097,-,b3957,acetylornithine deacetylase,227.0,1152.0,0,1,0,0,0,1
4153218,-,b3958,N-acetyl-gamma-glutamylphosphate reductase%2C NAD%28P%29-binding,,1005.0,0,0,0,1,0,1
4154438,+,b3959,acetylglutamate kinase,,777.0,0,0,1,0,0,0
4155345,+,b3960,argininosuccinate lyase,,1374.0,0,0,1,0,0,0
4156374,+,b3961,oxidative and nitrosative stress transcriptional regulator,139.0,918.0,1,0,0,0,0,1
4156418,-,b4458,sRNA antisense regulator activates genes that detoxify oxidative damage%2C Hfq-dependent,1.0,110.0,1,0,0,0,0,1
4156480,+,b3961,oxidative and nitrosative stress transcriptional regulator,33.0,918.0,0,1,0,0,0,1
4156839,-,b3961,oxidative and nitrosative stress transcriptional regulator,,918.0,0,0,0,1,0,1
4157542,+,b3962,pyridine nucleotide transhydrogenase%2C soluble,,1401.0,0,0,0,1,0,1
4157767,+,b3962,pyridine nucleotide transhydrogenase%2C soluble,,1401.0,0,0,0,1,0,1
4158531,-,b3962,pyridine nucleotide transhydrogenase%2C soluble,,1401.0,0,0,1,0,0,0
4158793,+,b3962,pyridine nucleotide transhydrogenase%2C soluble,,1401.0,0,0,0,1,0,1
4158845,-,b3962,pyridine nucleotide transhydrogenase%2C soluble,32.0,1401.0,1,0,0,0,0,0
4158853,-,b3962,pyridine nucleotide transhydrogenase%2C soluble,40.0,1401.0,0,1,0,0,0,0
4158868,+,b3963,DNA-binding transcriptional repressor,279.0,648.0,0,1,0,0,0,1
4159050,+,b3963,DNA-binding transcriptional repressor,97.0,648.0,0,1,0,0,0,0
4159079,-,b3962,pyridine nucleotide transhydrogenase%2C soluble,266.0,1401.0,0,1,0,0,0,1
4159080,+,b3963,DNA-binding transcriptional repressor,67.0,648.0,0,1,0,0,0,0
4159102,+,b3963,DNA-binding transcriptional repressor,45.0,648.0,1,0,0,0,0,0
4159443,-,b3963,DNA-binding transcriptional repressor,,648.0,0,0,0,1,0,1
4159459,+,b3963,DNA-binding transcriptional repressor,,648.0,0,0,1,0,0,0
4159481,+,b3963,DNA-binding transcriptional repressor,,648.0,0,0,1,0,0,0
4159579,+,b3964,inner membrane protein%2C DUF1422 family,215.0,360.0,1,0,0,0,0,0
4160151,-,b3964,inner membrane protein%2C DUF1422 family,,360.0,0,0,0,1,0,1
4160697,-,b3965,tRNA m%285%29U54 methyltransferase%2C SAM-dependent,,1101.0,0,0,1,0,0,0
4160946,-,b3965,tRNA m%285%29U54 methyltransferase%2C SAM-dependent,,1101.0,0,0,1,0,0,0
4160993,-,b3965,tRNA m%285%29U54 methyltransferase%2C SAM-dependent,,1101.0,0,0,1,0,0,0
4161114,+,b3965,tRNA m%285%29U54 methyltransferase%2C SAM-dependent,,1101.0,0,0,0,1,0,1
4161310,+,b3965,tRNA m%285%29U54 methyltransferase%2C SAM-dependent,,1101.0,0,0,0,1,0,1
4161318,-,b3965,tRNA m%285%29U54 methyltransferase%2C SAM-dependent,25.0,1101.0,1,0,0,0,0,0
4161392,+,b3966,vitamin B12%2Fcobalamin outer membrane transporter,270.0,1845.0,0,1,0,0,0,1
4161422,+,b3966,vitamin B12%2Fcobalamin outer membrane transporter,240.0,1845.0,1,0,0,0,0,0
4161625,+,b3966,vitamin B12%2Fcobalamin outer membrane transporter,37.0,1845.0,0,1,0,0,0,0
4161638,-,b3966,vitamin B12%2Fcobalamin outer membrane transporter,,1845.0,0,0,0,1,0,1
4161656,+,b3966,vitamin B12%2Fcobalamin outer membrane transporter,6.0,1845.0,0,1,0,0,0,0
4161716,-,b3966,vitamin B12%2Fcobalamin outer membrane transporter,,1845.0,0,0,0,1,0,1
4162187,+,b3966,vitamin B12%2Fcobalamin outer membrane transporter,,1845.0,0,0,1,0,0,0
4162583,+,b3966,vitamin B12%2Fcobalamin outer membrane transporter,,1845.0,0,0,1,0,0,0
4162793,-,b3966,vitamin B12%2Fcobalamin outer membrane transporter,,1845.0,0,0,0,1,0,1
4162814,+,b3966,vitamin B12%2Fcobalamin outer membrane transporter,,1845.0,0,0,1,0,0,0
4163069,+,b3966,vitamin B12%2Fcobalamin outer membrane transporter,,1845.0,0,0,1,0,0,0
4163070,-,b3966,vitamin B12%2Fcobalamin outer membrane transporter,,1845.0,0,0,0,1,0,1
4163174,+,b3967,glutamate racemase,277.0,858.0,0,1,0,0,0,0
4163351,+,b3967,glutamate racemase,100.0,858.0,0,1,0,0,0,0
4163423,+,b3967,glutamate racemase,28.0,858.0,1,0,0,0,0,0
4163645,-,b3967,glutamate racemase,,858.0,0,0,0,1,0,1
4163739,+,b3967,glutamate racemase,,858.0,0,0,1,0,0,0
4164389,+,b3968,16S ribosomal RNA of rrnB operon,293.0,1542.0,0,1,0,0,0,0
4164507,+,b3968,16S ribosomal RNA of rrnB operon,175.0,1542.0,1,0,0,0,0,0
4165020,+,b3968,16S ribosomal RNA of rrnB operon,,1542.0,0,0,1,0,0,0
4165927,+,b3968,16S ribosomal RNA of rrnB operon,,1542.0,0,0,1,0,0,0
4166249,-,b3968,16S ribosomal RNA of rrnB operon,,1542.0,0,0,0,1,0,1
4166395,+,b3969,tRNA-Glu,0.0,76.0,1,0,0,0,0,0
4166397,+,b3970,23S ribosomal RNA of rrnB operon,267.0,2904.0,1,0,0,0,0,0
4166531,-,b3969,tRNA-Glu,,76.0,0,0,0,1,0,1
4166899,+,b3970,23S ribosomal RNA of rrnB operon,,2904.0,0,0,1,0,0,0
4167940,+,b3970,23S ribosomal RNA of rrnB operon,,2904.0,0,0,1,0,0,0
4169111,+,b3970,23S ribosomal RNA of rrnB operon,,2904.0,0,0,1,0,0,0
4169660,+,b3971,5S ribosomal RNA of rrnB operon,0.0,120.0,1,0,0,0,0,0
4169935,+,b3972,UDP-N-acetylenolpyruvoylglucosamine reductase%2C FAD-binding,145.0,1029.0,0,1,0,0,0,0
4169965,+,b3972,UDP-N-acetylenolpyruvoylglucosamine reductase%2C FAD-binding,115.0,1029.0,0,1,0,0,0,0
4170057,+,b3972,UDP-N-acetylenolpyruvoylglucosamine reductase%2C FAD-binding,23.0,1029.0,1,0,0,0,0,0
4170152,-,b3972,UDP-N-acetylenolpyruvoylglucosamine reductase%2C FAD-binding,,1029.0,0,0,0,1,0,1
4170182,-,b3972,UDP-N-acetylenolpyruvoylglucosamine reductase%2C FAD-binding,,1029.0,0,0,0,1,0,1
4170369,+,b3972,UDP-N-acetylenolpyruvoylglucosamine reductase%2C FAD-binding,,1029.0,0,0,1,0,0,0
4170471,+,b3972,UDP-N-acetylenolpyruvoylglucosamine reductase%2C FAD-binding,,1029.0,0,0,1,0,0,0
4170482,-,b3972,UDP-N-acetylenolpyruvoylglucosamine reductase%2C FAD-binding,,1029.0,0,0,0,1,0,1
4170494,+,b3972,UDP-N-acetylenolpyruvoylglucosamine reductase%2C FAD-binding,,1029.0,0,0,1,0,0,0
4170589,-,b3972,UDP-N-acetylenolpyruvoylglucosamine reductase%2C FAD-binding,,1029.0,0,0,0,1,0,1
4171103,-,b3972,UDP-N-acetylenolpyruvoylglucosamine reductase%2C FAD-binding,,1029.0,0,0,0,1,0,1
4172475,+,b3974,pantothenate kinase,,951.0,0,0,0,1,0,1
4172501,-,b3974,pantothenate kinase,,951.0,0,0,1,0,0,0
4173130,-,b3974,pantothenate kinase,81.0,951.0,1,0,0,0,0,0
4173202,+,b3976,tRNA-Thr,209.0,76.0,0,1,0,0,0,0
4173225,+,b3976,tRNA-Thr,186.0,76.0,0,1,0,0,0,0
4173227,-,b3974,pantothenate kinase,178.0,951.0,0,1,0,0,0,0
4173298,+,b3976,tRNA-Thr,113.0,76.0,0,1,0,0,0,0
4173302,+,b3976,tRNA-Thr,109.0,76.0,0,1,0,0,0,0
4173404,+,b3976,tRNA-Thr,7.0,76.0,1,0,0,0,0,0
4173535,+,b3978,tRNA-Gly,161.0,75.0,0,1,0,0,0,0
4173559,+,b3978,tRNA-Gly,137.0,75.0,1,0,0,0,0,0
4173696,+,b3978,tRNA-Gly,0.0,75.0,0,1,0,0,0,0
4174998,+,b3980,protein chain elongation factor EF-Tu %28duplicate of tufA%29,,1185.0,0,0,1,0,0,0
4175200,+,b3981,preprotein translocase membrane subunit,181.0,384.0,1,0,0,0,0,0
4175267,+,b3981,preprotein translocase membrane subunit,114.0,384.0,0,1,0,0,0,0
4175732,+,b3982,transcription termination factor,34.0,546.0,1,0,0,0,0,0
4176377,+,b3983,50S ribosomal subunit protein L11,93.0,429.0,1,0,0,0,0,0
4176851,-,b3983,50S ribosomal subunit protein L11,,429.0,0,0,0,1,0,1
4176919,+,b3984,50S ribosomal subunit protein L1,,705.0,0,0,1,0,0,0
4177325,-,b3984,50S ribosomal subunit protein L1,,705.0,0,0,0,1,0,1
4177525,-,b3984,50S ribosomal subunit protein L1,,705.0,0,0,0,1,0,1
4177661,-,b3984,50S ribosomal subunit protein L1,,705.0,0,0,0,1,0,1
4177906,+,b3985,50S ribosomal subunit protein L10,113.0,498.0,1,0,0,0,0,0
4178047,-,b3985,50S ribosomal subunit protein L10,,498.0,0,0,0,1,0,1
4178111,-,b3985,50S ribosomal subunit protein L10,,498.0,0,0,0,1,0,1
4178575,-,b3985,50S ribosomal subunit protein L10,,498.0,0,0,0,1,0,1
4179024,+,b3987,RNA polymerase%2C beta subunit,244.0,4029.0,1,0,0,0,0,0
4179350,+,b3987,RNA polymerase%2C beta subunit,,4029.0,0,0,1,0,0,0
4179352,-,b3987,RNA polymerase%2C beta subunit,,4029.0,0,0,0,1,0,1
4179939,-,b3987,RNA polymerase%2C beta subunit,,4029.0,0,0,0,1,0,1
4180753,+,b3987,RNA polymerase%2C beta subunit,,4029.0,0,0,1,0,0,0
4182916,+,b3987,RNA polymerase%2C beta subunit,,4029.0,0,0,1,0,0,0
4183167,-,b3987,RNA polymerase%2C beta subunit,,4029.0,0,0,0,1,0,1
4183192,+,b3988,RNA polymerase%2C beta prime subunit,181.0,4224.0,0,1,0,0,0,0
4183281,+,b3988,RNA polymerase%2C beta prime subunit,92.0,4224.0,1,0,0,0,0,0
4183563,-,b3988,RNA polymerase%2C beta prime subunit,,4224.0,0,0,0,1,0,1
4185108,-,b3988,RNA polymerase%2C beta prime subunit,,4224.0,0,0,0,1,0,1
4185817,-,b3988,RNA polymerase%2C beta prime subunit,,4224.0,0,0,0,1,0,1
4185841,+,b3988,RNA polymerase%2C beta prime subunit,,4224.0,0,0,1,0,0,0
4185949,+,b3988,RNA polymerase%2C beta prime subunit,,4224.0,0,0,1,0,0,0
4186353,-,b3988,RNA polymerase%2C beta prime subunit,,4224.0,0,0,0,1,0,1
4187126,-,b3988,RNA polymerase%2C beta prime subunit,,4224.0,0,0,0,1,0,1
4187436,+,b3988,RNA polymerase%2C beta prime subunit,,4224.0,0,0,1,0,0,0
4187624,+,b3989,stationary phase growth adaptation protein,185.0,540.0,0,1,0,0,0,0
4187787,+,b3989,stationary phase growth adaptation protein,22.0,540.0,1,0,0,0,0,0
4188051,-,b3989,stationary phase growth adaptation protein,,540.0,0,0,0,1,0,1
4188057,-,b3989,stationary phase growth adaptation protein,,540.0,0,0,0,1,0,1
4188341,-,b3989,stationary phase growth adaptation protein,,540.0,0,0,0,1,0,1
4188510,-,b4691,novel sRNA%2C function unknown,0.0,161.0,1,0,0,0,0,0
4188663,-,b4691,novel sRNA%2C function unknown,153.0,161.0,0,1,0,0,0,0
4189187,+,b3990,tyrosine lyase%2C involved in thiamin-thiazole moiety synthesis,,1134.0,0,0,0,1,0,1
4189679,+,b3990,tyrosine lyase%2C involved in thiamin-thiazole moiety synthesis,,1134.0,0,0,0,1,0,1
4190367,-,b3991,thiamin biosynthesis ThiGH complex subunit,,771.0,0,0,1,0,0,0
4191691,+,b3992,adenylyltransferase%2C modifies ThiS C-terminus,,756.0,0,0,0,1,0,1
4193341,-,b3994,thiamin %28pyrimidine moiety%29 biosynthesis protein,,1896.0,0,0,1,0,0,0
4194323,-,b3994,thiamin %28pyrimidine moiety%29 biosynthesis protein,201.0,1896.0,1,0,0,0,0,0
4194342,+,b3995,stationary phase protein%2C binds sigma 70 RNA polymerase subunit,,477.0,0,0,0,1,0,1
4194708,+,b3996,NADH pyrophosphatase,218.0,774.0,1,0,0,0,0,1
4194721,+,b3996,NADH pyrophosphatase,205.0,774.0,0,1,0,0,0,1
4194741,-,b3995,stationary phase protein%2C binds sigma 70 RNA polymerase subunit,,477.0,0,0,1,0,0,0
4194885,-,b3995,stationary phase protein%2C binds sigma 70 RNA polymerase subunit,54.0,477.0,1,0,0,0,0,1
4194903,+,b3996,NADH pyrophosphatase,23.0,774.0,0,1,0,0,0,1
4194946,+,b3996,NADH pyrophosphatase,,774.0,0,0,1,0,0,0
4194976,-,b3995,stationary phase protein%2C binds sigma 70 RNA polymerase subunit,145.0,477.0,0,1,0,0,0,1
4195224,+,b3996,NADH pyrophosphatase,,774.0,0,0,1,0,0,0
4195351,-,b3996,NADH pyrophosphatase,,774.0,0,0,0,1,0,1
4195691,-,b3996,NADH pyrophosphatase,,774.0,0,0,0,1,0,1
4195715,+,b3997,uroporphyrinogen decarboxylase,24.0,1065.0,1,0,0,0,0,0
4195797,-,b3996,NADH pyrophosphatase,,774.0,0,0,0,1,0,1
4195834,-,b3997,uroporphyrinogen decarboxylase,,1065.0,0,0,0,1,0,1
4196620,+,b3998,endonuclease V%3B deoxyinosine 3%27 endonuclease,193.0,672.0,0,1,0,0,0,0
4196680,+,b3998,endonuclease V%3B deoxyinosine 3%27 endonuclease,133.0,672.0,1,0,0,0,0,0
4196987,-,b3998,endonuclease V%3B deoxyinosine 3%27 endonuclease,,672.0,0,0,0,1,0,1
4197503,+,b3999,hypothetical protein,24.0,591.0,1,0,0,0,0,0
4197946,-,b3999,hypothetical protein,,591.0,0,0,0,1,0,1
4197992,+,b3999,hypothetical protein,,591.0,0,0,1,0,0,0
4198113,+,b4000,HU%2C DNA-binding transcriptional regulator%2C alpha subunit,191.0,273.0,0,1,0,0,0,0
4198199,+,b4000,HU%2C DNA-binding transcriptional regulator%2C alpha subunit,105.0,273.0,1,0,0,0,0,0
4198281,-,b4000,HU%2C DNA-binding transcriptional regulator%2C alpha subunit,,273.0,0,0,0,1,0,1
4198490,+,b4001,hypothetical protein,99.0,696.0,1,0,0,0,0,0
4199918,+,b4003,sensory histidine kinase in two-component regulatory system with ZraR,31.0,1398.0,1,0,0,0,0,0
4201269,+,b4004,fused DNA-binding response regulator in two-component regulatory system with ZraS: response regulator%2Fsigma54 interaction protein,74.0,1326.0,1,0,0,0,0,0
4201357,-,b4003,sensory histidine kinase in two-component regulatory system with ZraR,,1398.0,0,0,0,1,0,1
4201428,+,b4004,fused DNA-binding response regulator in two-component regulatory system with ZraS: response regulator%2Fsigma54 interaction protein,,1326.0,0,0,1,0,0,0
4202231,-,b4004,fused DNA-binding response regulator in two-component regulatory system with ZraS: response regulator%2Fsigma54 interaction protein,,1326.0,0,0,0,1,0,1
4202710,+,b4005,phosphoribosylglycinamide synthetase phosphoribosylamine-glycine ligase,,1290.0,0,0,0,1,0,1
4202739,-,b4005,phosphoribosylglycinamide synthetase phosphoribosylamine-glycine ligase,,1290.0,0,0,1,0,0,1
4204245,+,b4006,fused IMP cyclohydrolase%2Fphosphoribosylaminoimidazolecarboxamide formyltransferase,,1590.0,0,0,0,1,0,1
4205090,-,b4006,fused IMP cyclohydrolase%2Fphosphoribosylaminoimidazolecarboxamide formyltransferase,,1590.0,0,0,1,0,0,0
4205650,-,b4006,fused IMP cyclohydrolase%2Fphosphoribosylaminoimidazolecarboxamide formyltransferase,95.0,1590.0,1,0,0,0,0,0
4205882,+,b4007,16S ribosomal RNA of rrnE operon,288.0,1542.0,0,1,0,0,0,0
4205886,+,b4007,16S ribosomal RNA of rrnE operon,284.0,1542.0,0,1,0,0,0,0
4205995,+,b4007,16S ribosomal RNA of rrnE operon,175.0,1542.0,1,0,0,0,0,0
4206508,+,b4007,16S ribosomal RNA of rrnE operon,,1542.0,0,0,1,0,0,0
4207415,+,b4007,16S ribosomal RNA of rrnE operon,,1542.0,0,0,1,0,0,0
4207571,+,b4008,tRNA-Glu,226.0,76.0,1,0,0,0,0,0
4207799,+,b4009,23S ribosomal RNA of rrnE operon,267.0,2904.0,1,0,0,0,0,0
4207933,-,b4008,tRNA-Glu,,76.0,0,0,0,1,0,1
4208301,+,b4009,23S ribosomal RNA of rrnE operon,,2904.0,0,0,1,0,0,0
4209342,+,b4009,23S ribosomal RNA of rrnE operon,,2904.0,0,0,1,0,0,0
4210513,+,b4009,23S ribosomal RNA of rrnE operon,,2904.0,0,0,1,0,0,0
4211063,+,b4010,5S ribosomal RNA of rrnE operon,0.0,120.0,1,0,0,0,0,0
4212165,-,b4012,putative acetyltransferase,19.0,444.0,1,0,0,0,0,0
4212256,+,b4013,homoserine O-transsuccinylase,47.0,930.0,1,0,0,0,0,0
4212585,+,b4013,homoserine O-transsuccinylase,,930.0,0,0,1,0,0,0
4212605,-,b4013,homoserine O-transsuccinylase,,930.0,0,0,0,1,0,1
4212894,+,b4013,homoserine O-transsuccinylase,,930.0,0,0,1,0,0,0
4213418,+,b4014,malate synthase A,83.0,1602.0,0,1,0,0,0,0
4213427,+,b4014,malate synthase A,74.0,1602.0,1,0,0,0,0,0
4213678,+,b4014,malate synthase A,,1602.0,0,0,1,0,0,0
4214514,-,b4014,malate synthase A,,1602.0,0,0,0,1,0,1
4216325,+,b4016,isocitrate dehydrogenase kinase%2Fphosphatase,294.0,1737.0,1,0,0,0,0,0
4216363,-,b4015,isocitrate lyase,,1305.0,0,0,0,1,0,1
4216628,-,b4016,isocitrate dehydrogenase kinase%2Fphosphatase,,1737.0,0,0,0,1,0,1
4216790,+,b4016,isocitrate dehydrogenase kinase%2Fphosphatase,,1737.0,0,0,1,0,0,0
4217154,+,b4016,isocitrate dehydrogenase kinase%2Fphosphatase,,1737.0,0,0,1,0,0,0
4217397,+,b4016,isocitrate dehydrogenase kinase%2Fphosphatase,,1737.0,0,0,1,0,0,0
4218831,+,b4017,ankyrin repeat protein,,2187.0,0,0,0,1,0,1
4221014,-,b4018,DNA-binding transcriptional repressor,,825.0,0,0,1,0,0,0
4221280,-,b4018,DNA-binding transcriptional repressor,,825.0,0,0,1,0,0,0
4221675,-,b4018,DNA-binding transcriptional repressor,24.0,825.0,1,0,0,0,0,0
4221763,-,b4018,DNA-binding transcriptional repressor,112.0,825.0,0,1,0,0,0,1
4221807,+,b4019,homocysteine-N5-methyltetrahydrofolate transmethylase%2C B12-dependent,44.0,3684.0,1,0,0,0,0,0
4222533,-,b4019,homocysteine-N5-methyltetrahydrofolate transmethylase%2C B12-dependent,,3684.0,0,0,0,1,0,1
4222793,-,b4019,homocysteine-N5-methyltetrahydrofolate transmethylase%2C B12-dependent,,3684.0,0,0,0,1,0,1
4222897,-,b4019,homocysteine-N5-methyltetrahydrofolate transmethylase%2C B12-dependent,,3684.0,0,0,0,1,0,1
4225413,-,b4019,homocysteine-N5-methyltetrahydrofolate transmethylase%2C B12-dependent,,3684.0,0,0,0,1,0,1
4225625,+,b4020,putative Na%2B%2FPi-cotransporter,129.0,1632.0,1,0,0,0,0,0
4225629,-,b4019,homocysteine-N5-methyltetrahydrofolate transmethylase%2C B12-dependent,,3684.0,0,0,0,1,0,1
4225735,+,b4020,putative Na%2B%2FPi-cotransporter,19.0,1632.0,0,1,0,0,0,0
4227596,-,b4021,%28alpha%29-aspartyl dipeptidase,,690.0,0,0,1,0,0,0
4228191,-,b4021,%28alpha%29-aspartyl dipeptidase,26.0,690.0,1,0,0,0,0,0
4228359,+,b4022,23S rRNA pseudouridine%282604%29 synthase,18.0,873.0,1,0,0,0,0,0
4228812,+,b4022,23S rRNA pseudouridine%282604%29 synthase,,873.0,0,0,1,0,0,0
4229530,+,b4023,hypothetical protein,,273.0,0,0,0,1,0,1
4229664,+,b4023,hypothetical protein,,273.0,0,0,0,1,0,1
4229677,-,b4023,hypothetical protein,23.0,273.0,0,1,0,0,0,0
4229679,-,b4023,hypothetical protein,25.0,273.0,1,0,0,0,0,0
4230230,-,b4024,aspartokinase III,,1350.0,0,0,1,0,0,0
4230660,+,b4024,aspartokinase III,,1350.0,0,0,0,1,0,1
4231227,+,b4024,aspartokinase III,,1350.0,0,0,0,1,0,1
4231434,-,b4024,aspartokinase III,178.0,1350.0,1,0,0,0,0,0
4231700,-,b4025,glucosephosphate isomerase,,1650.0,0,0,0,1,0,1
4231747,+,b4025,glucosephosphate isomerase,34.0,1650.0,1,0,0,0,0,0
4231965,-,b4025,glucosephosphate isomerase,,1650.0,0,0,0,1,0,1
4232086,-,b4025,glucosephosphate isomerase,,1650.0,0,0,0,1,0,1
4232193,-,b4025,glucosephosphate isomerase,,1650.0,0,0,0,1,0,1
4232263,-,b4025,glucosephosphate isomerase,,1650.0,0,0,0,1,0,1
4232407,+,b4025,glucosephosphate isomerase,,1650.0,0,0,1,0,0,0
4232766,+,b4025,glucosephosphate isomerase,,1650.0,0,0,1,0,0,0
4232792,-,b4025,glucosephosphate isomerase,,1650.0,0,0,0,1,0,1
4233177,+,b4025,glucosephosphate isomerase,,1650.0,0,0,1,0,0,0
4234254,-,b4026,hypothetical protein,,243.0,0,0,0,1,0,1
4234272,+,b4027,putative lipoprotein,13.0,639.0,1,0,0,0,0,0
4234872,-,b4027,putative lipoprotein,,639.0,0,0,0,1,0,1
4235972,+,b4029,putative porin,,2097.0,0,0,1,0,0,0
4236541,-,b4029,putative porin,,2097.0,0,0,0,1,0,1
4236637,-,b4029,putative porin,,2097.0,0,0,0,1,0,1
4236779,+,b4029,putative porin,,2097.0,0,0,1,0,0,0
4237105,+,b4029,putative porin,,2097.0,0,0,1,0,0,0
4237372,+,b4029,putative porin,,2097.0,0,0,1,0,0,0
4237377,+,b4029,putative porin,,2097.0,0,0,1,0,0,0
4238081,+,b4030,phosphate starvation inducible protein,267.0,411.0,0,1,0,0,0,1
4238263,-,b4620,hypothetical protein%2C no homologs,185.0,279.0,1,0,0,0,0,1
4238323,+,b4030,phosphate starvation inducible protein,25.0,411.0,1,0,0,0,0,0
4238621,+,b4030,phosphate starvation inducible protein,,411.0,0,0,1,0,0,0
4238629,-,b4030,phosphate starvation inducible protein,,411.0,0,0,0,1,0,1
4239097,-,b4031,D-xylose transporter,,1476.0,0,0,1,0,0,0
4240314,-,b4031,D-xylose transporter,37.0,1476.0,1,0,0,0,0,0
4241060,+,b4032,maltose transporter subunit,,891.0,0,0,0,1,0,1
4242425,-,b4033,maltose transporter subunit,,1545.0,0,0,1,0,0,0
4243097,+,b4033,maltose transporter subunit,,1545.0,0,0,0,1,0,1
4244025,+,b4034,maltose transporter subunit,,1191.0,0,0,0,1,0,1
4244330,-,b4034,maltose transporter subunit,,1191.0,0,0,1,0,0,0
4244338,-,b4034,maltose transporter subunit,,1191.0,0,0,1,0,0,0
4244487,-,b4034,maltose transporter subunit,45.0,1191.0,1,0,0,0,0,0
4244759,+,b4035,fused maltose transport subunit%2C ATP-binding component of ABC superfamily%2Fregulatory protein,48.0,1116.0,1,0,0,0,0,0
4244819,-,b4035,fused maltose transport subunit%2C ATP-binding component of ABC superfamily%2Fregulatory protein,,1116.0,0,0,0,1,0,1
4245045,-,b4035,fused maltose transport subunit%2C ATP-binding component of ABC superfamily%2Fregulatory protein,,1116.0,0,0,0,1,0,1
4246003,+,b4036,maltose outer membrane porin %28maltoporin%29,,1341.0,0,0,1,0,0,0
4246545,-,b4036,maltose outer membrane porin %28maltoporin%29,,1341.0,0,0,0,1,0,1
4246861,+,b4036,maltose outer membrane porin %28maltoporin%29,,1341.0,0,0,1,0,0,0
4247097,-,b4036,maltose outer membrane porin %28maltoporin%29,,1341.0,0,0,0,1,0,1
4247552,-,b4037,maltose regulon periplasmic protein,,921.0,0,0,0,1,0,1
4248354,-,b4037,maltose regulon periplasmic protein,,921.0,0,0,0,1,0,1
4248582,-,b4037,maltose regulon periplasmic protein,,921.0,0,0,0,1,0,1
4250069,+,b4038,pseudo,,1581.0,0,0,1,0,0,0
4250109,-,b4038,pseudo,,1581.0,0,0,0,1,0,1
4250208,+,b4038,pseudo,,1581.0,0,0,1,0,0,0
4250223,+,b4038,pseudo,,1581.0,0,0,1,0,0,0
4250274,-,b4038,pseudo,,1581.0,0,0,0,1,0,1
4250297,+,b4039,chorismate--pyruvate lyase,232.0,498.0,0,1,0,0,0,0
4250443,-,b4039,chorismate--pyruvate lyase,,498.0,0,0,0,1,0,1
4250505,+,b4039,chorismate--pyruvate lyase,24.0,498.0,1,0,0,0,0,0
4250562,-,b4039,chorismate--pyruvate lyase,,498.0,0,0,0,1,0,1
4251884,+,b4040,p-hydroxybenzoate octaprenyltransferase,,873.0,0,0,1,0,0,0
4254350,-,b4041,glycerol-3-phosphate O-acyltransferase,,2424.0,0,0,1,0,0,0
4254376,+,b4042,diacylglycerol kinase,284.0,369.0,0,1,0,0,0,1
4254480,+,b4042,diacylglycerol kinase,180.0,369.0,1,0,0,0,0,1
4254525,-,b4041,glycerol-3-phosphate O-acyltransferase,36.0,2424.0,1,0,0,0,0,0
4254621,-,b4041,glycerol-3-phosphate O-acyltransferase,132.0,2424.0,0,1,0,0,0,1
4254967,-,b4042,diacylglycerol kinase,,369.0,0,0,0,1,0,1
4255070,+,b4043,DNA-binding transcriptional repressor of SOS regulon,68.0,609.0,1,0,0,0,0,0
4255438,+,b4043,DNA-binding transcriptional repressor of SOS regulon,,609.0,0,0,1,0,0,0
4255707,+,b4044,oxidative stress resistance protein%3B predicted MATE family efflux pump%3B UV and mitomycin C inducible protein,58.0,1380.0,1,0,0,0,0,0
4256835,+,b4044,oxidative stress resistance protein%3B predicted MATE family efflux pump%3B UV and mitomycin C inducible protein,,1380.0,0,0,1,0,0,0
4257202,+,b4045,stress-induced protein%2C UPF0337 family,58.0,210.0,1,0,0,0,0,0
4257250,-,b4045,stress-induced protein%2C UPF0337 family,,210.0,0,0,0,1,0,1
4257287,-,b4045,stress-induced protein%2C UPF0337 family,,210.0,0,0,0,1,0,1
4257316,+,b4045,stress-induced protein%2C UPF0337 family,,210.0,0,0,1,0,0,0
4257346,+,b4045,stress-induced protein%2C UPF0337 family,,210.0,0,0,1,0,0,0
4258054,-,b4046,DNA-binding transcriptional repressor%2C Zn%28II%29-binding,28.0,516.0,1,0,0,0,0,0
4258176,-,b4046,DNA-binding transcriptional repressor%2C Zn%28II%29-binding,150.0,516.0,0,1,0,0,0,0
4259082,+,b4048,hypothetical protein,,708.0,0,0,1,0,0,0
4259493,+,b4049,tRNA-dihydrouridine synthase A,244.0,993.0,0,1,0,0,0,0
4259615,+,b4049,tRNA-dihydrouridine synthase A,122.0,993.0,1,0,0,0,0,0
4259923,+,b4049,tRNA-dihydrouridine synthase A,,993.0,0,0,1,0,0,0
4260765,+,b4050,phage shock protein G,98.0,243.0,1,0,0,0,0,0
4261189,+,b4051,quinone oxidoreductase%2C NADPH-dependent,,984.0,0,0,0,1,0,1
4261962,+,b4051,quinone oxidoreductase%2C NADPH-dependent,,984.0,0,0,0,1,0,1
4261989,-,b4051,quinone oxidoreductase%2C NADPH-dependent,,984.0,0,0,1,0,0,0
4262060,+,b4052,replicative DNA helicase,277.0,1416.0,0,1,0,0,0,1
4262187,-,b4051,quinone oxidoreductase%2C NADPH-dependent,,984.0,0,0,1,0,0,0
4262307,+,b4052,replicative DNA helicase,30.0,1416.0,1,0,0,0,0,1
4262327,-,b4051,quinone oxidoreductase%2C NADPH-dependent,73.0,984.0,1,0,0,0,0,1
4262701,+,b4052,replicative DNA helicase,,1416.0,0,0,1,0,0,0
4263594,-,b4052,replicative DNA helicase,,1416.0,0,0,0,1,0,1
4263748,-,b4052,replicative DNA helicase,,1416.0,0,0,0,1,0,1
4263768,-,b4052,replicative DNA helicase,,1416.0,0,0,0,1,0,1
4263928,+,b4053,alanine racemase 1%2C PLP-binding%2C biosynthetic,,1080.0,0,0,1,0,0,0
4264344,+,b4053,alanine racemase 1%2C PLP-binding%2C biosynthetic,,1080.0,0,0,1,0,0,0
4264728,+,b4053,alanine racemase 1%2C PLP-binding%2C biosynthetic,,1080.0,0,0,1,0,0,0
4265105,+,b4054,tyrosine aminotransferase%2C tyrosine-repressible%2C PLP-dependent,32.0,1194.0,1,0,0,0,0,0
4265253,-,b4054,tyrosine aminotransferase%2C tyrosine-repressible%2C PLP-dependent,,1194.0,0,0,0,1,0,1
4265669,-,b4054,tyrosine aminotransferase%2C tyrosine-repressible%2C PLP-dependent,,1194.0,0,0,0,1,0,1
4265932,+,b4054,tyrosine aminotransferase%2C tyrosine-repressible%2C PLP-dependent,,1194.0,0,0,1,0,0,0
4266200,+,b4054,tyrosine aminotransferase%2C tyrosine-repressible%2C PLP-dependent,,1194.0,0,0,1,0,0,0
4266391,-,b4054,tyrosine aminotransferase%2C tyrosine-repressible%2C PLP-dependent,,1194.0,0,0,0,1,0,1
4267378,+,b4055,acid phosphatase%2Fphosphotransferase%2C class B%2C non-specific,59.0,714.0,1,0,0,0,0,0
4267711,-,b4055,acid phosphatase%2Fphosphotransferase%2C class B%2C non-specific,,714.0,0,0,0,1,0,1
4267970,+,b4056,thiamin phosphate synthase,291.0,417.0,0,1,0,0,0,0
4268031,+,b4056,thiamin phosphate synthase,230.0,417.0,0,1,0,0,0,0
4268237,+,b4056,thiamin phosphate synthase,24.0,417.0,1,0,0,0,0,0
4268713,+,b4057,hypothetical protein,,357.0,0,0,1,0,0,0
4268735,-,b4056,thiamin phosphate synthase,,417.0,0,0,0,1,0,1
4270278,+,b4058,ATPase and DNA damage recognition protein of nucleotide excision repair excinuclease UvrABC,,2823.0,0,0,0,1,0,1
4270706,+,b4058,ATPase and DNA damage recognition protein of nucleotide excision repair excinuclease UvrABC,,2823.0,0,0,0,1,0,1
4270747,-,b4058,ATPase and DNA damage recognition protein of nucleotide excision repair excinuclease UvrABC,,2823.0,0,0,1,0,0,0
4270937,-,b4058,ATPase and DNA damage recognition protein of nucleotide excision repair excinuclease UvrABC,,2823.0,0,0,1,0,0,0
4271312,+,b4058,ATPase and DNA damage recognition protein of nucleotide excision repair excinuclease UvrABC,,2823.0,0,0,0,1,0,1
4271956,-,b4058,ATPase and DNA damage recognition protein of nucleotide excision repair excinuclease UvrABC,62.0,2823.0,1,0,0,0,0,0
4272038,+,b4059,single-stranded DNA-binding protein,110.0,537.0,0,1,0,0,0,0
4272107,+,b4059,single-stranded DNA-binding protein,41.0,537.0,1,0,0,0,0,0
4272690,-,b4059,single-stranded DNA-binding protein,,537.0,0,0,0,1,0,1
4272720,+,b4060,hypothetical protein,,282.0,0,0,0,1,0,1
4272869,-,b4060,hypothetical protein,,282.0,0,0,1,0,0,0
4273141,+,b4060,hypothetical protein,,282.0,0,0,0,1,0,1
4273192,-,b4060,hypothetical protein,128.0,282.0,1,0,0,0,0,0
4273426,+,b4061,putative membrane-anchored cyclic-di-GMP phosphodiesterase,68.0,1587.0,1,0,0,0,0,0
4273778,+,b4061,putative membrane-anchored cyclic-di-GMP phosphodiesterase,,1587.0,0,0,1,0,0,0
4274133,-,b4061,putative membrane-anchored cyclic-di-GMP phosphodiesterase,,1587.0,0,0,0,1,0,1
4274806,+,b4061,putative membrane-anchored cyclic-di-GMP phosphodiesterase,,1587.0,0,0,1,0,0,0
4275389,+,b4063,DNA-binding transcriptional dual regulator%2C Fe-S center for redox-sensing,103.0,465.0,0,1,0,0,0,1
4275469,+,b4063,DNA-binding transcriptional dual regulator%2C Fe-S center for redox-sensing,23.0,465.0,1,0,0,0,0,1
4276089,-,b4459,novel sRNA%2C function unknown,0.0,140.0,1,0,0,0,0,0
4276103,+,b4459,novel sRNA%2C function unknown,,140.0,0,0,0,1,0,1
4276123,-,b4459,novel sRNA%2C function unknown,34.0,140.0,0,1,0,0,0,0
4276331,+,b4064,putative permease,171.0,1350.0,0,1,0,0,0,0
4276341,+,b4064,putative permease,161.0,1350.0,1,0,0,0,0,0
4276561,+,b4064,putative permease,,1350.0,0,0,1,0,0,0
4277614,+,b4064,putative permease,,1350.0,0,0,1,0,0,0
4277735,+,b4065,putative cation%2Fproton antiporter,268.0,1650.0,0,1,0,0,0,0
4277939,+,b4065,putative cation%2Fproton antiporter,64.0,1650.0,1,0,0,0,0,0
4278039,+,b4065,putative cation%2Fproton antiporter,,1650.0,0,0,1,0,0,0
4279743,-,b4065,putative cation%2Fproton antiporter,,1650.0,0,0,0,1,0,1
4279751,-,b4065,putative cation%2Fproton antiporter,,1650.0,0,0,0,1,0,1
4279908,+,b4066,pentapeptide repeat protein,,1293.0,0,0,0,1,0,1
4280000,-,b4066,pentapeptide repeat protein,,1293.0,0,0,1,0,0,0
4280423,+,b4066,pentapeptide repeat protein,,1293.0,0,0,0,1,0,1
4281953,-,b4067,acetate transporter,,1650.0,0,0,1,0,0,0
4282824,+,b4067,acetate transporter,,1650.0,0,0,0,1,0,1
4283449,+,b4069,acetyl-CoA synthetase,,1959.0,0,0,0,1,0,1
4284500,-,b4069,acetyl-CoA synthetase,,1959.0,0,0,1,0,0,0
4285307,+,b4069,acetyl-CoA synthetase,,1959.0,0,0,0,1,0,1
4285413,-,b4069,acetyl-CoA synthetase,19.0,1959.0,1,0,0,0,0,0
4285695,+,b4070,nitrite reductase%2C formate-dependent%2C cytochrome,92.0,1437.0,1,0,0,0,0,0
4286160,+,b4070,nitrite reductase%2C formate-dependent%2C cytochrome,,1437.0,0,0,1,0,0,0
4286795,+,b4070,nitrite reductase%2C formate-dependent%2C cytochrome,,1437.0,0,0,1,0,0,0
4287703,-,b4071,nitrite reductase%2C formate-dependent%2C penta-heme cytochrome c,,567.0,0,0,0,1,0,1
4287760,+,b4072,formate-dependent nitrite reductase%2C 4Fe4S subunit,71.0,672.0,1,0,0,0,0,0
4289245,+,b4074,heme lyase %28NrfEFG%29 for insertion of heme into c552%2C subunit NrfE,290.0,1659.0,1,0,0,0,0,0
4290338,+,b4074,heme lyase %28NrfEFG%29 for insertion of heme into c552%2C subunit NrfE,,1659.0,0,0,1,0,0,0
4290554,+,b4074,heme lyase %28NrfEFG%29 for insertion of heme into c552%2C subunit NrfE,,1659.0,0,0,1,0,0,0
4292331,+,b4077,glutamate%2Faspartate:proton symporter,173.0,1314.0,0,1,0,0,0,0
4292394,+,b4077,glutamate%2Faspartate:proton symporter,110.0,1314.0,0,1,0,0,0,0
4292396,+,b4077,glutamate%2Faspartate:proton symporter,108.0,1314.0,0,1,0,0,0,0
4292398,+,b4077,glutamate%2Faspartate:proton symporter,106.0,1314.0,1,0,0,0,0,0
4292436,-,b4077,glutamate%2Faspartate:proton symporter,,1314.0,0,0,0,1,0,1
4292561,+,b4077,glutamate%2Faspartate:proton symporter,,1314.0,0,0,1,0,0,0
4292597,+,b4077,glutamate%2Faspartate:proton symporter,,1314.0,0,0,1,0,0,0
4292672,+,b4077,glutamate%2Faspartate:proton symporter,,1314.0,0,0,1,0,0,0
4294909,+,b4078,hypothetical protein,,690.0,0,0,0,1,0,1
4295172,-,b4078,hypothetical protein,24.0,690.0,1,0,0,0,0,0
4296055,-,b4079,formate dehydrogenase-H%2C selenopolypeptide subunit,,2148.0,0,0,1,0,0,0
4296639,+,b4079,formate dehydrogenase-H%2C selenopolypeptide subunit,,2148.0,0,0,0,1,0,1
4296669,-,b4079,formate dehydrogenase-H%2C selenopolypeptide subunit,,2148.0,0,0,1,0,0,0
4296682,-,b4079,formate dehydrogenase-H%2C selenopolypeptide subunit,,2148.0,0,0,1,0,0,0
4296904,+,b4079,formate dehydrogenase-H%2C selenopolypeptide subunit,,2148.0,0,0,0,1,0,1
4297261,-,b4079,formate dehydrogenase-H%2C selenopolypeptide subunit,,2148.0,0,0,1,0,0,0
4297474,-,b4079,formate dehydrogenase-H%2C selenopolypeptide subunit,85.0,2148.0,1,0,0,0,0,0
4298378,-,b4080,outer membrane factor of efflux pump,,1467.0,0,0,1,0,0,0
4299952,-,b4081,membrane translocase %28MDR%29 of MdtNOP efflux pump%2C PET family,,2052.0,0,0,1,0,0,0
4300065,+,b4081,membrane translocase %28MDR%29 of MdtNOP efflux pump%2C PET family,,2052.0,0,0,0,1,0,1
4300536,+,b4081,membrane translocase %28MDR%29 of MdtNOP efflux pump%2C PET family,,2052.0,0,0,0,1,0,1
4301435,+,b4082,membrane fusion protein of efflux pump,,1032.0,0,0,0,1,0,1
4301734,+,b4082,membrane fusion protein of efflux pump,,1032.0,0,0,0,1,0,1
4301832,+,b4082,membrane fusion protein of efflux pump,,1032.0,0,0,0,1,0,1
4302662,-,b4622,hypothetical protein,236.0,276.0,1,0,0,0,0,0
4303529,+,b4083,conserved protein%2C metallo-beta-lactamase superfamily,,1986.0,0,0,0,1,0,1
4304344,-,b4083,conserved protein%2C metallo-beta-lactamase superfamily,,1986.0,0,0,1,0,0,0
4304842,+,b4084,D-allose kinase,,930.0,0,0,0,1,0,1
4306120,-,b4084,D-allose kinase,298.0,930.0,1,0,0,0,0,0
4306959,+,b4086,D-allose transporter subunit,,981.0,0,0,0,1,0,1
4307507,+,b4086,D-allose transporter subunit,,981.0,0,0,0,1,0,1
4307797,+,b4087,fused D-allose transporter subunits of ABC superfamily: ATP-binding components,,1533.0,0,0,0,1,0,1
4309546,+,b4088,D-allose transporter subunit,,936.0,0,0,0,1,0,1
4310499,-,b4089,DNA-binding transcriptional repressor,,891.0,0,0,1,0,0,0
4310688,+,b4089,DNA-binding transcriptional repressor,,891.0,0,0,0,1,0,1
4311039,-,b4089,DNA-binding transcriptional repressor,25.0,891.0,1,0,0,0,0,0
4311042,-,b4089,DNA-binding transcriptional repressor,28.0,891.0,0,1,0,0,0,0
4311919,+,b4487,hypothetical protein,,330.0,0,0,1,0,0,0
4311953,-,b4487,hypothetical protein,,330.0,0,0,0,1,0,1
4312885,-,b4092,5-phospho-alpha-D-ribosyl 1%2C2-cyclic phosphate phosphodiesterase,,759.0,0,0,1,0,0,0
4312906,+,b4092,5-phospho-alpha-D-ribosyl 1%2C2-cyclic phosphate phosphodiesterase,,759.0,0,0,0,1,0,1
4313397,+,b4093,putative aminoalkylphosphonic acid N-acetyltransferase,,435.0,0,0,0,1,0,1
4313646,-,b4093,putative aminoalkylphosphonic acid N-acetyltransferase,85.0,435.0,1,0,0,0,0,0
4313887,+,b4094,ribose 1%2C5-bisphosphokinase,,558.0,0,0,0,1,0,1
4314143,-,b4094,ribose 1%2C5-bisphosphokinase,38.0,558.0,1,0,0,0,0,0
4314710,+,b4095,ribophosphonate triphosphate hydrolase,,1137.0,0,0,0,1,0,1
4315479,+,b4096,ribophosphonate triphosphate synthase subunit%3B predicted ATP transporter ATP-binding protein,,681.0,0,0,0,1,0,1
4315755,-,b4096,ribophosphonate triphosphate synthase subunit%3B predicted ATP transporter ATP-binding protein,,681.0,0,0,1,0,0,0
4318306,+,b4099,ribophosphonate triphosphate synthase complex%2C probable catalytic subunit,,1065.0,0,0,0,1,0,1
4322892,+,b4106,phosphonate ABC transporter ATP-binding subunit,,789.0,0,0,0,1,0,1
4323365,-,b4106,phosphonate ABC transporter ATP-binding subunit,177.0,789.0,1,0,0,0,0,0
4323422,-,b4106,phosphonate ABC transporter ATP-binding subunit,234.0,789.0,0,1,0,0,0,0
4323789,-,b4107,hypothetical protein,25.0,444.0,1,0,0,0,0,0
4324818,-,b4108,hypothetical protein,61.0,336.0,1,0,0,0,0,0
4324857,-,b4108,hypothetical protein,100.0,336.0,0,1,0,0,0,0
4324956,+,b4109,mutational suppressor of yhjH motility mutation%2C function unknown%3B related to Dynamin GTPase,202.0,2229.0,1,0,0,0,0,0
4324997,+,b4109,mutational suppressor of yhjH motility mutation%2C function unknown%3B related to Dynamin GTPase,161.0,2229.0,0,1,0,0,0,0
4326443,+,b4109,mutational suppressor of yhjH motility mutation%2C function unknown%3B related to Dynamin GTPase,,2229.0,0,0,1,0,0,0
4326806,-,b4109,mutational suppressor of yhjH motility mutation%2C function unknown%3B related to Dynamin GTPase,,2229.0,0,0,0,1,0,1
4327144,+,b4110,mutational suppressor of yhjH motility mutation%2C function unknown,239.0,879.0,0,1,0,0,0,0
4327165,+,b4110,mutational suppressor of yhjH motility mutation%2C function unknown,218.0,879.0,1,0,0,0,0,0
4327345,-,b4109,mutational suppressor of yhjH motility mutation%2C function unknown%3B related to Dynamin GTPase,,2229.0,0,0,0,1,0,1
4327706,+,b4110,mutational suppressor of yhjH motility mutation%2C function unknown,,879.0,0,0,1,0,0,0
4328055,+,b4110,mutational suppressor of yhjH motility mutation%2C function unknown,,879.0,0,0,1,0,0,0
4328343,+,b4111,proline%2Fglycine betaine transporter,182.0,1503.0,1,0,0,0,0,0
4330630,+,b4112,sensory histidine kinase in two-component regulatory system with BasR,,1092.0,0,0,0,1,0,1
4331418,-,b4112,sensory histidine kinase in two-component regulatory system with BasR,123.0,1092.0,1,0,0,0,0,0
4331991,-,b4113,DNA-binding response regulator in two-component regulatory system with BasS,18.0,669.0,1,0,0,0,0,0
4332045,-,b4113,DNA-binding response regulator in two-component regulatory system with BasS,72.0,669.0,0,1,0,0,0,0
4332528,+,b4114,lipid A phosphoethanolamine transferase,,1644.0,0,0,0,1,0,1
4333280,-,b4114,lipid A phosphoethanolamine transferase,,1644.0,0,0,1,0,0,0
4333381,-,b4114,lipid A phosphoethanolamine transferase,,1644.0,0,0,1,0,0,0
4334457,-,b4115,arginine:agmatine antiporter,,1338.0,0,0,1,0,0,0
4336018,-,b4116,DNA-binding transcriptional activator,66.0,762.0,1,0,0,0,0,0
4336044,-,b4116,DNA-binding transcriptional activator,92.0,762.0,0,1,0,0,0,0
4336237,-,b4116,DNA-binding transcriptional activator,285.0,762.0,0,1,0,0,0,0
4336742,+,b4117,arginine decarboxylase,,2268.0,0,0,0,1,0,1
4336850,+,b4117,arginine decarboxylase,,2268.0,0,0,0,1,0,1
4336967,+,b4117,arginine decarboxylase,,2268.0,0,0,0,1,0,1
4337550,-,b4117,arginine decarboxylase,,2268.0,0,0,1,0,0,0
4337944,+,b4117,arginine decarboxylase,,2268.0,0,0,0,1,0,1
4338555,+,b4117,arginine decarboxylase,,2268.0,0,0,0,1,0,1
4338739,+,b4118,DNA-binding transcriptional dual regulator,,909.0,0,0,0,1,0,1
4338878,+,b4118,DNA-binding transcriptional dual regulator,,909.0,0,0,0,1,0,1
4339673,-,b4118,DNA-binding transcriptional dual regulator,22.0,909.0,1,0,0,0,0,0
4339910,+,b4119,alpha-galactosidase%2C NAD%28P%29-binding,24.0,1356.0,1,0,0,0,0,0
4340339,+,b4119,alpha-galactosidase%2C NAD%28P%29-binding,,1356.0,0,0,1,0,0,0
4340372,-,b4119,alpha-galactosidase%2C NAD%28P%29-binding,,1356.0,0,0,0,1,0,1
4340883,+,b4119,alpha-galactosidase%2C NAD%28P%29-binding,,1356.0,0,0,1,0,0,0
4341132,-,b4119,alpha-galactosidase%2C NAD%28P%29-binding,,1356.0,0,0,0,1,0,1
4342130,+,b4120,melibiose:sodium symporter,,1422.0,0,0,1,0,0,0
4342151,-,b4120,melibiose:sodium symporter,,1422.0,0,0,0,1,0,1
4342212,+,b4120,melibiose:sodium symporter,,1422.0,0,0,1,0,0,0
4342473,+,b4120,melibiose:sodium symporter,,1422.0,0,0,1,0,0,0
4342517,+,b4120,melibiose:sodium symporter,,1422.0,0,0,1,0,0,0
4343183,-,b4121,conserved inner membrane protein,,630.0,0,0,1,0,0,0
4343526,+,b4121,conserved inner membrane protein,,630.0,0,0,0,1,0,1
4343607,-,b4121,conserved inner membrane protein,26.0,630.0,1,0,0,0,0,0
4345299,+,b4122,anaerobic class I fumarate hydratase %28fumarase B%29,,1647.0,0,0,0,1,0,1
4345597,-,b4122,anaerobic class I fumarate hydratase %28fumarase B%29,248.0,1647.0,1,0,0,0,0,0
4345843,-,b4123,C4-dicarboxylate transporter%2C anaerobic%3B DcuS co-sensor,,1341.0,0,0,1,0,0,0
4346429,+,b4123,C4-dicarboxylate transporter%2C anaerobic%3B DcuS co-sensor,,1341.0,0,0,0,1,0,1
4346462,-,b4123,C4-dicarboxylate transporter%2C anaerobic%3B DcuS co-sensor,,1341.0,0,0,1,0,0,0
4346728,+,b4123,C4-dicarboxylate transporter%2C anaerobic%3B DcuS co-sensor,,1341.0,0,0,0,1,0,1
4346749,-,b4123,C4-dicarboxylate transporter%2C anaerobic%3B DcuS co-sensor,,1341.0,0,0,1,0,0,0
4347242,+,b4124,DNA-binding response regulator in two-component regulatory system with DcuS,,720.0,0,0,0,1,0,1
4347405,+,b4124,DNA-binding response regulator in two-component regulatory system with DcuS,,720.0,0,0,0,1,0,1
4347435,+,b4124,DNA-binding response regulator in two-component regulatory system with DcuS,,720.0,0,0,0,1,0,1
4347506,+,b4124,DNA-binding response regulator in two-component regulatory system with DcuS,,720.0,0,0,0,1,0,1
4347670,+,b4124,DNA-binding response regulator in two-component regulatory system with DcuS,,720.0,0,0,0,1,0,1
4348295,-,b4124,DNA-binding response regulator in two-component regulatory system with DcuS,238.0,720.0,1,0,0,0,0,0
4348792,-,b4125,sensory histidine kinase in two-component regulatory system with DcuR%2C regulator of anaerobic fumarate respiration,,1632.0,0,0,1,0,0,0
4348989,-,b4125,sensory histidine kinase in two-component regulatory system with DcuR%2C regulator of anaerobic fumarate respiration,,1632.0,0,0,1,0,0,0
4349113,-,b4125,sensory histidine kinase in two-component regulatory system with DcuR%2C regulator of anaerobic fumarate respiration,,1632.0,0,0,1,0,0,0
4350357,-,b4127,putative acyltransferase with acyl-CoA N-acyltransferase domain,,273.0,0,0,0,1,0,1
4350373,+,b4128,hypothetical protein,234.0,297.0,0,1,0,0,0,0
4350537,+,b4128,hypothetical protein,70.0,297.0,1,0,0,0,0,0
4350594,-,b4128,hypothetical protein,,297.0,0,0,0,1,0,1
4350711,+,b4559,hypothetical protein,220.0,174.0,1,0,0,0,0,0
4351534,+,b4129,lysine tRNA synthetase%2C inducible,,1518.0,0,0,0,1,0,1
4352069,+,b4129,lysine tRNA synthetase%2C inducible,,1518.0,0,0,0,1,0,1
4352369,-,b4129,lysine tRNA synthetase%2C inducible,,1518.0,0,0,1,0,0,0
4352442,+,b4129,lysine tRNA synthetase%2C inducible,,1518.0,0,0,0,1,0,1
4352708,+,b4129,lysine tRNA synthetase%2C inducible,,1518.0,0,0,0,1,0,1
4352828,-,b4129,lysine tRNA synthetase%2C inducible,88.0,1518.0,1,0,0,0,0,0
4353620,-,b4130,dipeptide and tripeptide permease,,1458.0,0,0,1,0,0,0
4354372,+,b4130,dipeptide and tripeptide permease,,1458.0,0,0,0,1,0,1
4354411,+,b4130,dipeptide and tripeptide permease,,1458.0,0,0,0,1,0,1
4354555,-,b4130,dipeptide and tripeptide permease,121.0,1458.0,1,0,0,0,0,0
4354803,+,b4131,lysine decarboxylase%2C acid-inducible,,2148.0,0,0,0,1,0,1
4355468,+,b4131,lysine decarboxylase%2C acid-inducible,,2148.0,0,0,0,1,0,1
4355736,+,b4131,lysine decarboxylase%2C acid-inducible,,2148.0,0,0,0,1,0,1
4355818,-,b4131,lysine decarboxylase%2C acid-inducible,,2148.0,0,0,1,0,0,0
4356196,-,b4131,lysine decarboxylase%2C acid-inducible,,2148.0,0,0,1,0,0,0
4357410,-,b4132,putative lysine%2Fcadaverine transporter,,1335.0,0,0,1,0,0,0
4359183,-,b4133,DNA-binding transcriptional activator,,1539.0,0,0,1,0,0,0
4359558,+,b4133,DNA-binding transcriptional activator,,1539.0,0,0,0,1,0,1
4359691,+,b4133,DNA-binding transcriptional activator,,1539.0,0,0,0,1,0,1
4359737,-,b4133,DNA-binding transcriptional activator,,1539.0,0,0,1,0,0,0
4359967,+,b4133,DNA-binding transcriptional activator,,1539.0,0,0,0,1,0,1
4359983,-,b4133,DNA-binding transcriptional activator,26.0,1539.0,1,0,0,0,0,0
4360088,-,b4133,DNA-binding transcriptional activator,131.0,1539.0,0,1,0,0,0,0
4360501,+,b4134,tRNA-Phe,,76.0,0,0,0,1,0,1
4360558,-,b4654,pseudo,182.0,163.0,1,0,0,0,0,0
4360652,-,b4134,tRNA-Phe,3.0,76.0,1,0,0,0,0,0
4360793,-,b4134,tRNA-Phe,144.0,76.0,0,1,0,0,0,0
4361305,+,b4135,putative transcriptional regulator,,576.0,0,0,0,1,0,1
4361649,+,b4136,fused thiol:disulfide interchange protein: activator of DsbC%2Fconserved protein,,1698.0,0,0,0,1,0,1
4362325,+,b4136,fused thiol:disulfide interchange protein: activator of DsbC%2Fconserved protein,,1698.0,0,0,0,1,0,1
4363213,+,b4137,divalent-cation tolerance protein%2C copper sensitivity,,339.0,0,0,0,1,0,1
4363414,-,b4137,divalent-cation tolerance protein%2C copper sensitivity,35.0,339.0,1,0,0,0,0,0
4363752,-,b4138,C4-dicarboxylate antiporter,,1302.0,0,0,1,0,0,0
4364914,+,b4139,aspartate ammonia-lyase,,1437.0,0,0,0,1,0,1
4364974,-,b4138,C4-dicarboxylate antiporter,178.0,1302.0,1,0,0,0,0,0
4365134,-,b4139,aspartate ammonia-lyase,,1437.0,0,0,1,0,0,0
4365321,-,b4139,aspartate ammonia-lyase,,1437.0,0,0,1,0,0,0
4365504,-,b4139,aspartate ammonia-lyase,,1437.0,0,0,1,0,0,0
4365894,+,b4139,aspartate ammonia-lyase,,1437.0,0,0,0,1,0,1
4365948,+,b4139,aspartate ammonia-lyase,,1437.0,0,0,0,1,0,1
4366147,+,b4139,aspartate ammonia-lyase,,1437.0,0,0,0,1,0,1
4366454,-,b4139,aspartate ammonia-lyase,104.0,1437.0,1,0,0,0,0,0
4366485,-,b4139,aspartate ammonia-lyase,135.0,1437.0,0,1,0,0,0,0
4366503,+,b4140,suppressor of F exclusion of phage T7,184.0,477.0,0,1,0,0,0,0
4366507,-,b4139,aspartate ammonia-lyase,157.0,1437.0,0,1,0,0,0,0
4366607,-,b4139,aspartate ammonia-lyase,257.0,1437.0,0,1,0,0,0,1
4366617,+,b4140,suppressor of F exclusion of phage T7,70.0,477.0,0,1,0,0,0,0
4366626,+,b4140,suppressor of F exclusion of phage T7,61.0,477.0,1,0,0,0,0,0
4367187,-,b4141,putative transporter,,1257.0,0,0,1,0,0,1
4367368,-,b4141,putative transporter,,1257.0,0,0,1,0,0,0
4367413,+,b4141,putative transporter,,1257.0,0,0,0,1,0,1
4367671,+,b4141,putative transporter,,1257.0,0,0,0,1,0,1
4367741,-,b4141,putative transporter,,1257.0,0,0,1,0,0,0
4367988,-,b4141,putative transporter,,1257.0,0,0,1,0,0,0
4368020,-,b4141,putative transporter,,1257.0,0,0,1,0,0,0
4368277,-,b4141,putative transporter,,1257.0,0,0,1,0,0,0
4368478,-,b4141,putative transporter,43.0,1257.0,1,0,0,0,0,0
4368639,+,b4142,Cpn10 chaperonin GroES%2C small subunit of GroESL,72.0,294.0,1,0,0,0,0,0
4368670,-,b4141,putative transporter,235.0,1257.0,0,1,0,0,0,1
4369036,-,b4142,Cpn10 chaperonin GroES%2C small subunit of GroESL,,294.0,0,0,0,1,0,1
4370332,+,b4143,Cpn60 chaperonin GroEL%2C large subunit of GroESL,,1647.0,0,0,1,0,0,0
4370489,-,b4143,Cpn60 chaperonin GroEL%2C large subunit of GroESL,,1647.0,0,0,0,1,0,1
4370726,+,b4144,hypothetical protein,106.0,354.0,0,1,0,0,0,0
4370763,-,b4143,Cpn60 chaperonin GroEL%2C large subunit of GroESL,,1647.0,0,0,0,1,0,1
4370784,+,b4144,hypothetical protein,48.0,354.0,1,0,0,0,0,0
4370810,-,b4144,hypothetical protein,,354.0,0,0,0,1,0,1
4371146,-,b4144,hypothetical protein,,354.0,0,0,0,1,0,1
4371684,+,b4145,hypothetical protein,,870.0,0,0,0,1,0,1
4372065,+,b4145,hypothetical protein,,870.0,0,0,0,1,0,1
4372334,-,b4145,hypothetical protein,77.0,870.0,1,0,0,0,0,0
4372597,+,b4146,EF-P-Lys34 lysylation protein%3B weak lysine 2%2C3-aminomutase,,1029.0,0,0,0,1,0,1
4373588,+,b4147,polyproline-specific translation elongation factor EF-P,134.0,567.0,0,1,0,0,0,1
4373678,+,b4147,polyproline-specific translation elongation factor EF-P,44.0,567.0,1,0,0,0,0,1
4373723,-,b4146,EF-P-Lys34 lysylation protein%3B weak lysine 2%2C3-aminomutase,43.0,1029.0,1,0,0,0,0,1
4374049,-,b4147,polyproline-specific translation elongation factor EF-P,,567.0,0,0,0,1,0,1
4374533,+,b4411,entericidin B membrane lipoprotein,43.0,147.0,1,0,0,0,0,0
4374734,+,b4148,multidrug efflux system protein,164.0,318.0,0,1,0,0,0,0
4374822,+,b4148,multidrug efflux system protein,76.0,318.0,1,0,0,0,0,0
4374899,-,b4148,multidrug efflux system protein,,318.0,0,0,0,1,0,1
4375009,+,b4148,multidrug efflux system protein,,318.0,0,0,1,0,0,0
4376808,+,b4150,beta-lactamase%2FD-alanine carboxypeptidase,,1134.0,0,0,0,1,0,1
4376880,-,b4150,beta-lactamase%2FD-alanine carboxypeptidase,,1134.0,0,0,1,0,0,0
4377060,-,b4150,beta-lactamase%2FD-alanine carboxypeptidase,93.0,1134.0,1,0,0,0,0,0
4377340,-,b4151,fumarate reductase %28anaerobic%29%2C membrane anchor subunit,,360.0,0,0,1,0,0,0
4377579,-,b4151,fumarate reductase %28anaerobic%29%2C membrane anchor subunit,190.0,360.0,0,1,0,0,0,0
4377661,-,b4151,fumarate reductase %28anaerobic%29%2C membrane anchor subunit,272.0,360.0,1,0,0,0,0,0
4379849,-,b4154,fumarate reductase %28anaerobic%29 catalytic and NAD%2Fflavoprotein subunit,,1809.0,0,0,1,0,0,0
4380235,+,b4154,fumarate reductase %28anaerobic%29 catalytic and NAD%2Fflavoprotein subunit,,1809.0,0,0,0,1,0,1
4380437,-,b4154,fumarate reductase %28anaerobic%29 catalytic and NAD%2Fflavoprotein subunit,96.0,1809.0,1,0,0,0,0,0
4380464,+,b4155,Elongation Factor P Lys34 lysyltransferase,202.0,978.0,0,1,0,0,0,0
4380522,+,b4155,Elongation Factor P Lys34 lysyltransferase,144.0,978.0,1,0,0,0,0,0
4380612,+,b4155,Elongation Factor P Lys34 lysyltransferase,54.0,978.0,0,1,0,0,0,0
4380641,+,b4155,Elongation Factor P Lys34 lysyltransferase,25.0,978.0,0,1,0,0,0,0
4381251,+,b4155,Elongation Factor P Lys34 lysyltransferase,,978.0,0,0,1,0,0,0
4381374,-,b4155,Elongation Factor P Lys34 lysyltransferase,,978.0,0,0,0,1,0,1
4381392,+,b4155,Elongation Factor P Lys34 lysyltransferase,,978.0,0,0,1,0,0,0
4381765,+,b4156,putative transporter,97.0,1503.0,1,0,0,0,0,0
4382017,+,b4156,putative transporter,,1503.0,0,0,1,0,0,0
4382424,+,b4156,putative transporter,,1503.0,0,0,1,0,0,0
4383230,+,b4157,hypothetical protein,186.0,315.0,1,0,0,0,0,0
4383626,-,b4157,hypothetical protein,,315.0,0,0,0,1,0,1
4383778,+,b4158,inner membrane protein,,315.0,0,0,1,0,0,0
4384169,-,b4159,mechanosensitive channel protein%2C miniconductance,,3324.0,0,0,1,0,0,0
4385125,-,b4159,mechanosensitive channel protein%2C miniconductance,,3324.0,0,0,1,0,0,0
4387178,+,b4159,mechanosensitive channel protein%2C miniconductance,,3324.0,0,0,0,1,0,1
4387201,+,b4159,mechanosensitive channel protein%2C miniconductance,,3324.0,0,0,0,1,0,1
4387491,-,b4159,mechanosensitive channel protein%2C miniconductance,98.0,3324.0,1,0,0,0,0,0
4388283,+,b4160,phosphatidylserine decarboxylase,,969.0,0,0,0,1,0,1
4388462,-,b4160,phosphatidylserine decarboxylase,79.0,969.0,1,0,0,0,0,0
4388659,-,b4160,phosphatidylserine decarboxylase,276.0,969.0,0,1,0,0,0,0
4389123,+,b4161,ribosome small subunit-dependent GTPase A,,1053.0,0,0,0,1,0,1
4389569,-,b4161,ribosome small subunit-dependent GTPase A,37.0,1053.0,1,0,0,0,0,1
4389612,-,b4161,ribosome small subunit-dependent GTPase A,80.0,1053.0,0,1,0,0,0,1
4389698,-,b4161,ribosome small subunit-dependent GTPase A,166.0,1053.0,0,1,0,0,0,1
4389734,-,b4161,ribosome small subunit-dependent GTPase A,202.0,1053.0,0,1,0,0,0,1
4389770,+,b4162,oligoribonuclease,,546.0,0,0,1,0,0,0
4389988,+,b4162,oligoribonuclease,,546.0,0,0,1,0,0,0
4390242,+,b4163,tRNA-Gly,141.0,76.0,0,1,0,0,0,0
4390244,-,b4162,oligoribonuclease,,546.0,0,0,0,1,0,1
4390332,+,b4163,tRNA-Gly,51.0,76.0,1,0,0,0,0,0
4390495,+,b4164,tRNA-Gly,0.0,76.0,1,0,0,0,0,0
4390606,+,b4165,tRNA-Gly,0.0,76.0,1,0,0,0,0,0
4390702,+,b4670,hypothetical protein,213.0,54.0,1,0,0,0,0,0
4390920,+,b4670,hypothetical protein,,54.0,0,0,1,0,0,1
4391780,-,b4166,epoxyqueuosine reductase%2C cobalamine-stimulated%3B queosine biosynthesis,,1140.0,0,0,1,0,0,0
4391790,-,b4166,epoxyqueuosine reductase%2C cobalamine-stimulated%3B queosine biosynthesis,,1140.0,0,0,1,0,0,0
4391799,+,b4167,bifunctional NAD%28P%29H-hydrate repair enzyme%3B C-terminal domain ADP-dependent %28S%29-NAD%28P%29H-hydrate dehydratase and N-terminal domain NAD%28P%29H-hydrate epimerase,290.0,1548.0,1,0,0,0,0,1
4392115,-,b4166,epoxyqueuosine reductase%2C cobalamine-stimulated%3B queosine biosynthesis,25.0,1140.0,1,0,0,0,0,1
4392311,+,b4167,bifunctional NAD%28P%29H-hydrate repair enzyme%3B C-terminal domain ADP-dependent %28S%29-NAD%28P%29H-hydrate dehydratase and N-terminal domain NAD%28P%29H-hydrate epimerase,,1548.0,0,0,1,0,0,0
4393202,+,b4167,bifunctional NAD%28P%29H-hydrate repair enzyme%3B C-terminal domain ADP-dependent %28S%29-NAD%28P%29H-hydrate dehydratase and N-terminal domain NAD%28P%29H-hydrate epimerase,,1548.0,0,0,1,0,0,0
4393305,+,b4167,bifunctional NAD%28P%29H-hydrate repair enzyme%3B C-terminal domain ADP-dependent %28S%29-NAD%28P%29H-hydrate dehydratase and N-terminal domain NAD%28P%29H-hydrate epimerase,,1548.0,0,0,1,0,0,0
4393438,+,b4168,tRNA%28ANN%29 t%286%29A37 threonylcarbamoyladenosine modification protein%3B ADP binding protein,170.0,462.0,1,0,0,0,0,0
4393871,-,b4168,tRNA%28ANN%29 t%286%29A37 threonylcarbamoyladenosine modification protein%3B ADP binding protein,,462.0,0,0,0,1,0,1
4393911,+,b4169,N-acetylmuramoyl-l-alanine amidase II,177.0,1338.0,1,0,0,0,0,0
4394409,+,b4169,N-acetylmuramoyl-l-alanine amidase II,,1338.0,0,0,1,0,0,0
4394816,-,b4169,N-acetylmuramoyl-l-alanine amidase II,,1338.0,0,0,0,1,0,1
4395123,+,b4169,N-acetylmuramoyl-l-alanine amidase II,,1338.0,0,0,1,0,0,0
4395680,+,b4170,methyl-directed mismatch repair protein,,1848.0,0,0,1,0,0,0
4396402,+,b4170,methyl-directed mismatch repair protein,,1848.0,0,0,1,0,0,0
4396612,-,b4170,methyl-directed mismatch repair protein,,1848.0,0,0,0,1,0,1
4396629,-,b4170,methyl-directed mismatch repair protein,,1848.0,0,0,0,1,0,1
4396694,+,b4170,methyl-directed mismatch repair protein,,1848.0,0,0,1,0,0,0
4396856,+,b4170,methyl-directed mismatch repair protein,,1848.0,0,0,1,0,0,0
4397075,+,b4171,delta%282%29-isopentenylpyrophosphate tRNA-adenosine transferase,200.0,951.0,1,0,0,0,0,0
4397245,+,b4171,delta%282%29-isopentenylpyrophosphate tRNA-adenosine transferase,30.0,951.0,0,1,0,0,0,0
4397421,+,b4171,delta%282%29-isopentenylpyrophosphate tRNA-adenosine transferase,,951.0,0,0,1,0,0,0
4397825,+,b4171,delta%282%29-isopentenylpyrophosphate tRNA-adenosine transferase,,951.0,0,0,1,0,0,0
4398243,+,b4172,global sRNA chaperone%3B HF-I%2C host factor for RNA phage Q beta replication,68.0,309.0,1,0,0,0,0,0
4398282,-,b4171,delta%282%29-isopentenylpyrophosphate tRNA-adenosine transferase,,951.0,0,0,0,1,0,1
4398642,+,b4173,GTPase%2C stimulated by 50S subunit binding,53.0,1281.0,1,0,0,0,0,0
4398737,-,b4173,GTPase%2C stimulated by 50S subunit binding,,1281.0,0,0,0,1,0,1
4401254,-,b4174,modulator for HflB protease specific for phage lambda cII repressor,,1260.0,0,0,0,1,0,1
4401299,+,b4175,modulator for HflB protease specific for phage lambda cII repressor,24.0,1005.0,1,0,0,0,0,0
4401358,+,b4175,modulator for HflB protease specific for phage lambda cII repressor,,1005.0,0,0,1,0,0,0
4402320,-,b4175,modulator for HflB protease specific for phage lambda cII repressor,,1005.0,0,0,0,1,0,1
4402337,+,b4176,conserved protein%2C DUF2065 family,72.0,198.0,1,0,0,0,0,0
4402536,+,b4177,adenylosuccinate synthetase,174.0,1299.0,0,1,0,0,0,0
4402683,+,b4177,adenylosuccinate synthetase,27.0,1299.0,1,0,0,0,0,0
4402688,+,b4177,adenylosuccinate synthetase,22.0,1299.0,0,1,0,0,0,0
4403123,-,b4177,adenylosuccinate synthetase,,1299.0,0,0,0,1,0,1
4403506,-,b4177,adenylosuccinate synthetase,,1299.0,0,0,0,1,0,1
4403714,+,b4177,adenylosuccinate synthetase,,1299.0,0,0,1,0,0,0
4404020,+,b4178,nitric oxide-sensitive repressor for NO regulon,193.0,426.0,0,1,0,0,0,0
4404147,+,b4178,nitric oxide-sensitive repressor for NO regulon,66.0,426.0,1,0,0,0,0,0
4404164,-,b4178,nitric oxide-sensitive repressor for NO regulon,,426.0,0,0,0,1,0,1
4404174,+,b4178,nitric oxide-sensitive repressor for NO regulon,39.0,426.0,0,1,0,0,0,0
4404337,-,b4178,nitric oxide-sensitive repressor for NO regulon,,426.0,0,0,0,1,0,1
4404613,-,b4178,nitric oxide-sensitive repressor for NO regulon,,426.0,0,0,0,1,0,1
4404991,-,b4179,exoribonuclease R%2C RNase R,,2442.0,0,0,0,1,0,1
4405195,-,b4179,exoribonuclease R%2C RNase R,,2442.0,0,0,0,1,0,1
4405598,+,b4179,exoribonuclease R%2C RNase R,,2442.0,0,0,1,0,0,0
4406363,-,b4179,exoribonuclease R%2C RNase R,,2442.0,0,0,0,1,0,1
4406827,+,b4179,exoribonuclease R%2C RNase R,,2442.0,0,0,1,0,0,0
4407202,+,b4180,23S rRNA mG2251 2%27-O-ribose methyltransferase%2C SAM-dependent,96.0,732.0,1,0,0,0,0,0
4407369,-,b4180,23S rRNA mG2251 2%27-O-ribose methyltransferase%2C SAM-dependent,,732.0,0,0,0,1,0,1
4407498,-,b4180,23S rRNA mG2251 2%27-O-ribose methyltransferase%2C SAM-dependent,,732.0,0,0,0,1,0,1
4408021,-,b4180,23S rRNA mG2251 2%27-O-ribose methyltransferase%2C SAM-dependent,,732.0,0,0,0,1,0,1
4408101,+,b4181,conserved protein%2C DUF2170 family,55.0,402.0,1,0,0,0,0,0
4408888,+,b4182,conserved protein%2C PspA%2FIM30 family,,699.0,0,0,1,0,0,0
4409332,+,b4183,conserved protein%2C DUF2491 family,,660.0,0,0,1,0,0,0
4409816,-,b4183,conserved protein%2C DUF2491 family,,660.0,0,0,0,1,0,1
4410019,+,b4184,inner membrane protein%2C UPF0719 family,,399.0,0,0,1,0,0,0
4410095,+,b4184,inner membrane protein%2C UPF0719 family,,399.0,0,0,1,0,0,0
4410100,+,b4184,inner membrane protein%2C UPF0719 family,,399.0,0,0,1,0,0,0
4411473,-,b4186,glutathionylspermidine synthase homolog,,1164.0,0,0,0,1,0,1
4412146,-,b4186,glutathionylspermidine synthase homolog,,1164.0,0,0,0,1,0,1
4412193,-,b4186,glutathionylspermidine synthase homolog,,1164.0,0,0,0,1,0,1
4413693,+,b4187,DNA alkylation damage repair protein%3B flavin-containing DNA binding protein%2C weak isovaleryl CoA dehydrogenase,,1626.0,0,0,1,0,0,0
4413987,+,b4188,hypothetical protein,,276.0,0,0,0,1,0,1
4414393,-,b4188,hypothetical protein,78.0,276.0,1,0,0,0,0,0
4414807,+,b4190,acyl CoA esterase,168.0,750.0,1,0,0,0,0,1
4414892,-,b4189,bioflm peroxide resistance protein,99.0,330.0,1,0,0,0,0,1
4415243,-,b4190,acyl CoA esterase,,750.0,0,0,0,1,0,1
4415841,-,b4191,transcriptional tepressor for the L-ascorbate utilization %28ula%29 divergon,,756.0,0,0,1,0,0,0
4416564,-,b4191,transcriptional tepressor for the L-ascorbate utilization %28ula%29 divergon,88.0,756.0,1,0,0,0,0,0
4416915,+,b4192,L-ascorbate 6-phosphate lactonase,,1065.0,0,0,0,1,0,1
4416951,-,b4192,L-ascorbate 6-phosphate lactonase,,1065.0,0,0,1,0,0,0
4416970,+,b4192,L-ascorbate 6-phosphate lactonase,,1065.0,0,0,0,1,0,1
4417950,+,b4193,L-ascorbate-specific enzyme IIC component of PTS,53.0,1398.0,1,0,0,0,0,0
4418014,-,b4193,L-ascorbate-specific enzyme IIC component of PTS,,1398.0,0,0,0,1,0,1
4420193,-,b4195,L-ascorbate-specific enzyme IIA component of PTS,,465.0,0,0,0,1,0,1
4420802,+,b4197,L-xylulose 5-phosphate 3-epimerase,67.0,855.0,1,0,0,0,0,0
4421244,+,b4197,L-xylulose 5-phosphate 3-epimerase,,855.0,0,0,1,0,0,0
4422559,-,b4199,hypothetical protein,,276.0,0,0,1,0,0,0
4423048,+,b4200,30S ribosomal subunit protein S6,93.0,396.0,1,0,0,0,0,0
4423728,-,b4201,primosomal protein N,,315.0,0,0,0,1,0,1
4423734,+,b4202,30S ribosomal subunit protein S18,128.0,228.0,0,1,0,0,0,0
4423780,+,b4202,30S ribosomal subunit protein S18,82.0,228.0,1,0,0,0,0,0
4423940,+,b4203,50S ribosomal subunit protein L9,191.0,450.0,0,1,0,0,0,0
4423984,+,b4203,50S ribosomal subunit protein L9,147.0,450.0,1,0,0,0,0,0
4424001,-,b4202,30S ribosomal subunit protein S18,,228.0,0,0,0,1,0,1
4424118,-,b4202,30S ribosomal subunit protein S18,,228.0,0,0,0,1,0,1
4425130,-,b4204,hypothetical protein,,795.0,0,0,1,0,0,0
4425174,+,b4204,hypothetical protein,,795.0,0,0,0,1,0,1
4426765,-,b4206,putative cell envelope opacity-associated protein,25.0,639.0,1,0,0,0,0,0
4426836,+,b4207,FKBP-type peptidyl-prolyl cis-trans isomerase %28rotamase%29,122.0,621.0,0,1,0,0,0,1
4426842,-,b4206,putative cell envelope opacity-associated protein,102.0,639.0,0,1,0,0,0,0
4426857,+,b4207,FKBP-type peptidyl-prolyl cis-trans isomerase %28rotamase%29,101.0,621.0,0,1,0,0,0,0
4426930,+,b4207,FKBP-type peptidyl-prolyl cis-trans isomerase %28rotamase%29,28.0,621.0,1,0,0,0,0,0
4427320,+,b4207,FKBP-type peptidyl-prolyl cis-trans isomerase %28rotamase%29,,621.0,0,0,1,0,0,0
4427595,+,b4208,D-alanine%2FD-serine%2Fglycine transporter,292.0,1413.0,0,1,0,0,0,0
4427700,+,b4208,D-alanine%2FD-serine%2Fglycine transporter,187.0,1413.0,0,1,0,0,0,0
4427793,+,b4208,D-alanine%2FD-serine%2Fglycine transporter,94.0,1413.0,0,1,0,0,0,0
4427803,+,b4208,D-alanine%2FD-serine%2Fglycine transporter,84.0,1413.0,1,0,0,0,0,0
4427816,-,b4208,D-alanine%2FD-serine%2Fglycine transporter,,1413.0,0,0,0,1,0,1
4427883,-,b4208,D-alanine%2FD-serine%2Fglycine transporter,,1413.0,0,0,0,1,0,1
4428663,+,b4208,D-alanine%2FD-serine%2Fglycine transporter,,1413.0,0,0,1,0,0,0
4429371,-,b4209,iron-sulfur cluster repair protein RIC,,663.0,0,0,1,0,0,1
4429424,-,b4209,iron-sulfur cluster repair protein RIC,,663.0,0,0,1,0,0,0
4429676,-,b4209,iron-sulfur cluster repair protein RIC,,663.0,0,0,1,0,0,0
4430032,-,b4209,iron-sulfur cluster repair protein RIC,26.0,663.0,1,0,0,0,0,0
4430651,-,b4210,inner membrane protein%2C DMT transporter family,,966.0,0,0,1,0,0,0
4430854,-,b4210,inner membrane protein%2C DMT transporter family,,966.0,0,0,1,0,0,0
4430978,-,b4210,inner membrane protein%2C DMT transporter family,,966.0,0,0,1,0,0,0
4431141,-,b4210,inner membrane protein%2C DMT transporter family,62.0,966.0,1,0,0,0,0,0
4431543,-,b4211,NAD%28P%29H:quinone oxidoreductase,,861.0,0,0,1,0,0,0
4432106,+,b4212,putative transcriptional regulator%2C HxlR-type%2C DUF24 family,30.0,381.0,1,0,0,0,0,1
4434587,+,b4214,PAPS %28adenosine 3%27-phosphate 5%27-phosphosulfate%29 3%27%282%27%29%2C5%27-bisphosphate nucleotidase,191.0,741.0,1,0,0,0,0,1
4434652,-,b4213,2%27:3%27-cyclic-nucleotide 2%27-phosphodiesterase,64.0,1944.0,1,0,0,0,0,0
4434704,+,b4214,PAPS %28adenosine 3%27-phosphate 5%27-phosphosulfate%29 3%27%282%27%29%2C5%27-bisphosphate nucleotidase,74.0,741.0,0,1,0,0,0,0
4434782,-,b4213,2%27:3%27-cyclic-nucleotide 2%27-phosphodiesterase,194.0,1944.0,0,1,0,0,0,1
4434834,+,b4214,PAPS %28adenosine 3%27-phosphate 5%27-phosphosulfate%29 3%27%282%27%29%2C5%27-bisphosphate nucleotidase,,741.0,0,0,1,0,0,0
4434930,+,b4214,PAPS %28adenosine 3%27-phosphate 5%27-phosphosulfate%29 3%27%282%27%29%2C5%27-bisphosphate nucleotidase,,741.0,0,0,1,0,0,0
4435574,-,b4214,PAPS %28adenosine 3%27-phosphate 5%27-phosphosulfate%29 3%27%282%27%29%2C5%27-bisphosphate nucleotidase,,741.0,0,0,0,1,0,1
4436552,-,b4215,hypothetical protein,,939.0,0,0,0,1,0,1
4436886,-,b4216,putative transcriptional regulator,,555.0,0,0,1,0,0,0
4437157,+,b4216,putative transcriptional regulator,,555.0,0,0,0,1,0,1
4437333,-,b4216,putative transcriptional regulator,48.0,555.0,1,0,0,0,0,0
4437436,+,b4217,conserved protein%2C DUF1107 family,174.0,207.0,0,1,0,0,0,0
4437459,-,b4216,putative transcriptional regulator,174.0,555.0,0,1,0,0,0,0
4437534,+,b4217,conserved protein%2C DUF1107 family,76.0,207.0,1,0,0,0,0,0
4437861,+,b4218,inner membrane protein%2C UPF0053 family,,1344.0,0,0,0,1,0,1
4438121,-,b4218,inner membrane protein%2C UPF0053 family,,1344.0,0,0,1,0,0,0
4438446,-,b4218,inner membrane protein%2C UPF0053 family,,1344.0,0,0,1,0,0,0
4438822,-,b4218,inner membrane protein%2C UPF0053 family,,1344.0,0,0,1,0,0,0
4439152,+,b4218,inner membrane protein%2C UPF0053 family,,1344.0,0,0,0,1,0,1
4439234,+,b4218,inner membrane protein%2C UPF0053 family,,1344.0,0,0,0,1,0,1
4439341,-,b4218,inner membrane protein%2C UPF0053 family,103.0,1344.0,1,0,0,0,0,0
4440096,+,b4219,methionine sulfoxide reductase A,,639.0,0,0,0,1,0,1
4440245,+,b4220,translocation and assembly module for autotransporter export%2C outer membrane subunit,160.0,1734.0,0,1,0,0,0,1
4440274,+,b4220,translocation and assembly module for autotransporter export%2C outer membrane subunit,131.0,1734.0,1,0,0,0,0,1
4440286,-,b4219,methionine sulfoxide reductase A,87.0,639.0,1,0,0,0,0,0
4440445,+,b4220,translocation and assembly module for autotransporter export%2C outer membrane subunit,,1734.0,0,0,1,0,0,0
4440517,+,b4220,translocation and assembly module for autotransporter export%2C outer membrane subunit,,1734.0,0,0,1,0,0,0
4440836,+,b4220,translocation and assembly module for autotransporter export%2C outer membrane subunit,,1734.0,0,0,1,0,0,0
4440942,-,b4220,translocation and assembly module for autotransporter export%2C outer membrane subunit,,1734.0,0,0,0,1,0,1
4441177,+,b4220,translocation and assembly module for autotransporter export%2C outer membrane subunit,,1734.0,0,0,1,0,0,0
4441711,-,b4220,translocation and assembly module for autotransporter export%2C outer membrane subunit,,1734.0,0,0,0,1,0,1
4442582,+,b4221,translocation and assembly module for autotransporter export%2C inner membrane subunit,,3780.0,0,0,1,0,0,0
4443025,-,b4221,translocation and assembly module for autotransporter export%2C inner membrane subunit,,3780.0,0,0,0,1,0,1
4444374,+,b4221,translocation and assembly module for autotransporter export%2C inner membrane subunit,,3780.0,0,0,1,0,0,0
4444678,-,b4221,translocation and assembly module for autotransporter export%2C inner membrane subunit,,3780.0,0,0,0,1,0,1
4445429,-,b4221,translocation and assembly module for autotransporter export%2C inner membrane subunit,,3780.0,0,0,0,1,0,1
4445686,+,b4222,GGCT-like protein,231.0,342.0,1,0,0,0,0,0
4445839,+,b4222,GGCT-like protein,78.0,342.0,0,1,0,0,0,0
4445931,-,b4221,translocation and assembly module for autotransporter export%2C inner membrane subunit,,3780.0,0,0,0,1,0,1
4446070,-,b4222,GGCT-like protein,,342.0,0,0,0,1,0,1
4446272,+,b4224,antitoxin of the ChpBS toxin-antitoxin system,198.0,252.0,0,1,0,0,0,0
4446427,+,b4224,antitoxin of the ChpBS toxin-antitoxin system,43.0,252.0,1,0,0,0,0,0
4446731,+,b4225,toxin of the ChpB-ChpS toxin-antitoxin system,,351.0,0,0,1,0,0,0
4446733,+,b4225,toxin of the ChpB-ChpS toxin-antitoxin system,,351.0,0,0,1,0,0,0
4447938,+,b4227,galactofuranose binding proteint: periplasmic-binding component of ABC superfamily,47.0,957.0,1,0,0,0,0,0
4447967,+,b4227,galactofuranose binding proteint: periplasmic-binding component of ABC superfamily,18.0,957.0,0,1,0,0,0,0
4451623,+,b4231,putative sugar transporter subunit: membrane component of ABC superfamily,,996.0,0,0,1,0,0,0
4451672,+,b4231,putative sugar transporter subunit: membrane component of ABC superfamily,,996.0,0,0,1,0,0,0
4452475,+,b4231,putative sugar transporter subunit: membrane component of ABC superfamily,,996.0,0,0,1,0,0,0
4452926,+,b4232,fructose-1%2C6-bisphosphatase I,,999.0,0,0,0,1,0,1
4452981,+,b4232,fructose-1%2C6-bisphosphatase I,,999.0,0,0,0,1,0,1
4453018,+,b4232,fructose-1%2C6-bisphosphatase I,,999.0,0,0,0,1,0,1
4453669,-,b4232,fructose-1%2C6-bisphosphatase I,37.0,999.0,1,0,0,0,0,0
4453783,+,b4233,UDP-N-acetylmuramate:L-alanyl-gamma-D-glutamyl-meso-diaminopimelate ligase,25.0,1374.0,0,1,0,0,0,0
4453785,+,b4233,UDP-N-acetylmuramate:L-alanyl-gamma-D-glutamyl-meso-diaminopimelate ligase,23.0,1374.0,1,0,0,0,0,0
4453788,-,b4232,fructose-1%2C6-bisphosphatase I,156.0,999.0,0,1,0,0,0,1
4455039,+,b4233,UDP-N-acetylmuramate:L-alanyl-gamma-D-glutamyl-meso-diaminopimelate ligase,,1374.0,0,0,1,0,0,0
4455972,-,b4234,conserved protein%2C ribosome-associated,84.0,552.0,0,1,0,0,0,1
4455992,-,b4234,conserved protein%2C ribosome-associated,104.0,552.0,1,0,0,0,0,1
4457066,+,b4235,putative peptidase required for the maturation and secretion of the antibiotic peptide MccB17,,1353.0,0,0,1,0,0,0
4457233,+,b4236,pseudo,280.0,366.0,0,1,0,0,0,0
4457272,+,b4236,pseudo,241.0,366.0,0,1,0,0,0,0
4457361,-,b4235,putative peptidase required for the maturation and secretion of the antibiotic peptide MccB17,,1353.0,0,0,0,1,0,1
4457382,+,b4236,pseudo,131.0,366.0,1,0,0,0,0,0
4457524,+,b4236,pseudo,,366.0,0,0,1,0,0,0
4457815,+,b4236,pseudo,,366.0,0,0,1,0,0,0
4458213,-,b4237,anaerobic ribonucleotide reductase activating protein,,465.0,0,0,1,0,0,0
4458368,-,b4237,anaerobic ribonucleotide reductase activating protein,,465.0,0,0,1,0,0,0
4458535,-,b4237,anaerobic ribonucleotide reductase activating protein,148.0,465.0,1,0,0,0,0,0
4458777,-,b4238,anaerobic ribonucleoside-triphosphate reductase,,2139.0,0,0,1,0,0,0
4459953,-,b4238,anaerobic ribonucleoside-triphosphate reductase,,2139.0,0,0,1,0,0,0
4460823,-,b4238,anaerobic ribonucleoside-triphosphate reductase,140.0,2139.0,1,0,0,0,0,0
4460990,+,b4239,trehalose-6-P hydrolase,,1656.0,0,0,0,1,0,1
4461803,+,b4239,trehalose-6-P hydrolase,,1656.0,0,0,0,1,0,1
4463621,-,b4240,fused trehalose%28maltose%29-specific PTS enzyme: IIB component%2FIIC component,,1422.0,0,0,1,0,0,0
4463722,-,b4240,fused trehalose%28maltose%29-specific PTS enzyme: IIB component%2FIIC component,,1422.0,0,0,1,0,0,0
4463895,-,b4240,fused trehalose%28maltose%29-specific PTS enzyme: IIB component%2FIIC component,,1422.0,0,0,1,0,0,0
4463994,+,b4240,fused trehalose%28maltose%29-specific PTS enzyme: IIB component%2FIIC component,,1422.0,0,0,0,1,0,1
4464233,-,b4240,fused trehalose%28maltose%29-specific PTS enzyme: IIB component%2FIIC component,30.0,1422.0,1,0,0,0,0,0
4464454,-,b4240,fused trehalose%28maltose%29-specific PTS enzyme: IIB component%2FIIC component,251.0,1422.0,0,1,0,0,0,0
4464642,-,b4241,DNA-binding transcriptional repressor,,948.0,0,0,1,0,0,0
4464879,-,b4241,DNA-binding transcriptional repressor,,948.0,0,0,1,0,0,0
4464991,+,b4241,DNA-binding transcriptional repressor,,948.0,0,0,0,1,0,1
4465304,+,b4702,regulatory leader peptide for mgtA,150.0,54.0,0,1,0,0,0,1
4465366,-,b4241,DNA-binding transcriptional repressor,97.0,948.0,1,0,0,0,0,1
4465385,+,b4702,regulatory leader peptide for mgtA,69.0,54.0,1,0,0,0,0,0
4466560,-,b4242,magnesium transporter,,2697.0,0,0,0,1,0,1
4467254,-,b4242,magnesium transporter,,2697.0,0,0,0,1,0,1
4467784,+,b4242,magnesium transporter,,2697.0,0,0,1,0,0,0
4467843,+,b4242,magnesium transporter,,2697.0,0,0,1,0,0,0
4468283,-,b4242,magnesium transporter,,2697.0,0,0,0,1,0,1
4468865,+,b4243,conserved protein%2C UPF0131 family,,387.0,0,0,0,1,0,1
4469083,+,b4244,aspartate carbamoyltransferase%2C regulatory subunit,,462.0,0,0,0,1,0,1
4469140,+,b4244,aspartate carbamoyltransferase%2C regulatory subunit,,462.0,0,0,0,1,0,1
4469496,+,b4244,aspartate carbamoyltransferase%2C regulatory subunit,,462.0,0,0,0,1,0,1
4470403,+,b4245,aspartate carbamoyltransferase%2C catalytic subunit,,936.0,0,0,0,1,0,1
4470574,-,b4246,pyrBI operon leader peptide,18.0,135.0,1,0,0,0,0,0
4470768,-,b4246,pyrBI operon leader peptide,212.0,135.0,0,1,0,0,0,0
4471001,-,b4248,conserved protein%2C UPF0131 family,,396.0,0,0,1,0,0,0
4471343,+,b4249,c-di-GMP-binding biofilm dispersal mediator protein,,714.0,0,0,0,1,0,1
4471432,-,b4248,conserved protein%2C UPF0131 family,200.0,396.0,1,0,0,0,0,0
4471499,+,b4249,c-di-GMP-binding biofilm dispersal mediator protein,,714.0,0,0,0,1,0,1
4471699,+,b4249,c-di-GMP-binding biofilm dispersal mediator protein,,714.0,0,0,0,1,0,1
4471967,-,b4249,c-di-GMP-binding biofilm dispersal mediator protein,,714.0,0,0,1,0,0,0
4472119,+,b4251,transcriptional repressor for divergent bdcA,28.0,594.0,1,0,0,0,0,1
4472399,+,b4251,transcriptional repressor for divergent bdcA,,594.0,0,0,1,0,0,0
4472535,-,b4251,transcriptional repressor for divergent bdcA,,594.0,0,0,0,1,0,1
4472550,+,b4251,transcriptional repressor for divergent bdcA,,594.0,0,0,1,0,0,0
4472737,+,b4252,biofilm modulator regulated by toxins,148.0,453.0,0,1,0,0,0,0
4472791,+,b4252,biofilm modulator regulated by toxins,94.0,453.0,0,1,0,0,0,0
4472802,+,b4252,biofilm modulator regulated by toxins,83.0,453.0,1,0,0,0,0,0
4472941,-,b4252,biofilm modulator regulated by toxins,,453.0,0,0,0,1,0,1
4472956,-,b4252,biofilm modulator regulated by toxins,,453.0,0,0,0,1,0,1
4473426,+,b4253,hypothetical protein,34.0,1815.0,1,0,0,0,0,0
4475183,+,b4253,hypothetical protein,,1815.0,0,0,1,0,0,0
4475359,-,b4254,ornithine carbamoyltransferase 1,,1005.0,0,0,1,0,0,1
4476367,-,b4254,ornithine carbamoyltransferase 1,33.0,1005.0,1,0,0,0,0,0
4476373,-,b4254,ornithine carbamoyltransferase 1,39.0,1005.0,0,1,0,0,0,0
4476458,-,b4254,ornithine carbamoyltransferase 1,124.0,1005.0,0,1,0,0,0,1
4476468,+,b4255,protein inhibitor of RNase E,28.0,417.0,1,0,0,0,0,0
4476723,+,b4255,protein inhibitor of RNase E,,417.0,0,0,1,0,0,0
4476847,+,b4255,protein inhibitor of RNase E,,417.0,0,0,1,0,0,0
4476909,-,b4255,protein inhibitor of RNase E,,417.0,0,0,0,1,0,1
4477409,+,b4256,putative acetyltransferase,,504.0,0,0,0,1,0,1
4477554,-,b4256,putative acetyltransferase,,504.0,0,0,1,0,0,0
4477592,-,b4256,putative acetyltransferase,32.0,504.0,1,0,0,0,0,0
4477688,+,b4257,inner membrane protein%2C DUF898 family,65.0,1197.0,1,0,0,0,0,0
4477933,+,b4257,inner membrane protein%2C DUF898 family,,1197.0,0,0,1,0,0,0
4478596,+,b4257,inner membrane protein%2C DUF898 family,,1197.0,0,0,1,0,0,0
4479314,+,b4258,valyl-tRNA synthetase,,2856.0,0,0,0,1,0,1
4479743,-,b4258,valyl-tRNA synthetase,,2856.0,0,0,1,0,0,0
4480356,+,b4258,valyl-tRNA synthetase,,2856.0,0,0,0,1,0,1
4480782,-,b4258,valyl-tRNA synthetase,,2856.0,0,0,1,0,0,0
4481685,+,b4258,valyl-tRNA synthetase,,2856.0,0,0,0,1,0,1
4481800,+,b4258,valyl-tRNA synthetase,,2856.0,0,0,0,1,0,1
4481950,-,b4258,valyl-tRNA synthetase,90.0,2856.0,1,0,0,0,0,0
4481998,+,b4259,DNA polymerase III%2C chi subunit,,444.0,0,0,0,1,0,1
4482296,-,b4259,DNA polymerase III%2C chi subunit,,444.0,0,0,1,0,0,0
4483392,+,b4260,multifunctional aminopeptidase A: a cyteinylglycinase%2C transcription regulator and site-specific recombination factor,,1512.0,0,0,0,1,0,1
4483977,+,b4261,lipopolysaccharide export ABC permease of the LptBFGC export complex,264.0,1101.0,0,1,0,0,0,1
4484032,+,b4261,lipopolysaccharide export ABC permease of the LptBFGC export complex,209.0,1101.0,1,0,0,0,0,1
4484083,+,b4261,lipopolysaccharide export ABC permease of the LptBFGC export complex,158.0,1101.0,0,1,0,0,0,0
4484133,-,b4260,multifunctional aminopeptidase A: a cyteinylglycinase%2C transcription regulator and site-specific recombination factor,159.0,1512.0,1,0,0,0,0,0
4484159,-,b4260,multifunctional aminopeptidase A: a cyteinylglycinase%2C transcription regulator and site-specific recombination factor,185.0,1512.0,0,1,0,0,0,1
4484161,-,b4260,multifunctional aminopeptidase A: a cyteinylglycinase%2C transcription regulator and site-specific recombination factor,187.0,1512.0,0,1,0,0,0,1
4484241,-,b4260,multifunctional aminopeptidase A: a cyteinylglycinase%2C transcription regulator and site-specific recombination factor,267.0,1512.0,0,1,0,0,0,1
4484489,-,b4261,lipopolysaccharide export ABC permease of the LptBFGC export complex,,1101.0,0,0,0,1,0,1
4484992,-,b4261,lipopolysaccharide export ABC permease of the LptBFGC export complex,,1101.0,0,0,0,1,0,1
4485445,+,b4262,lipopolysaccharide export ABC permease of the LptBFGC export complex,,1083.0,0,0,1,0,0,0
4485912,+,b4262,lipopolysaccharide export ABC permease of the LptBFGC export complex,,1083.0,0,0,1,0,0,0
4486410,-,b4262,lipopolysaccharide export ABC permease of the LptBFGC export complex,,1083.0,0,0,0,1,0,1
4486517,+,b4263,conserved protein%2C DUF853 family with NTPase fold,,1503.0,0,0,0,1,0,1
4487413,+,b4263,conserved protein%2C DUF853 family with NTPase fold,,1503.0,0,0,0,1,0,1
4488103,+,b4263,conserved protein%2C DUF853 family with NTPase fold,,1503.0,0,0,0,1,0,1
4488106,-,b4263,conserved protein%2C DUF853 family with NTPase fold,20.0,1503.0,0,1,0,0,0,0
4488149,-,b4263,conserved protein%2C DUF853 family with NTPase fold,63.0,1503.0,1,0,0,0,0,0
4488769,-,b4264,DNA-binding transcriptional repressor%2C 5-gluconate-binding,,999.0,0,0,1,0,0,0
4488803,+,b4264,DNA-binding transcriptional repressor%2C 5-gluconate-binding,,999.0,0,0,0,1,0,1
4489027,+,b4264,DNA-binding transcriptional repressor%2C 5-gluconate-binding,,999.0,0,0,0,1,0,1
4489211,-,b4264,DNA-binding transcriptional repressor%2C 5-gluconate-binding,49.0,999.0,0,1,0,0,0,0
4489327,-,b4264,DNA-binding transcriptional repressor%2C 5-gluconate-binding,165.0,999.0,1,0,0,0,0,0
4489346,+,b4265,L-idonate and D-gluconate transporter,,1320.0,0,0,0,1,0,1
4489593,-,b4265,L-idonate and D-gluconate transporter,,1320.0,0,0,1,0,0,0
4489666,-,b4265,L-idonate and D-gluconate transporter,,1320.0,0,0,1,0,0,0
4489823,+,b4265,L-idonate and D-gluconate transporter,,1320.0,0,0,0,1,0,1
4490000,-,b4265,L-idonate and D-gluconate transporter,,1320.0,0,0,1,0,0,0
4490507,+,b4265,L-idonate and D-gluconate transporter,,1320.0,0,0,0,1,0,1
4492458,-,b4267,L-idonate 5-dehydrogenase%2C NAD-binding,29.0,1032.0,1,0,0,0,0,0
4492508,-,b4267,L-idonate 5-dehydrogenase%2C NAD-binding,79.0,1032.0,0,1,0,0,0,0
4494406,+,b4270,tRNA-Leu,22.0,85.0,1,0,0,0,0,0
4494598,+,b4271,pseudo,100.0,1266.0,1,0,0,0,0,0
4494875,+,b4271,pseudo,,1266.0,0,0,1,0,0,0
4495236,-,b4271,pseudo,,1266.0,0,0,0,1,0,1
4495305,-,b4271,pseudo,,1266.0,0,0,0,1,0,1
4495365,+,b4271,pseudo,,1266.0,0,0,1,0,0,0
4495567,-,b4271,pseudo,,1266.0,0,0,0,1,0,1
4495684,-,b4271,pseudo,,1266.0,0,0,0,1,0,1
4495703,+,b4271,pseudo,,1266.0,0,0,1,0,0,0
4495709,+,b4271,pseudo,,1266.0,0,0,1,0,0,0
4495883,+,b4271,pseudo,,1266.0,0,0,1,0,0,0
4496267,+,b4272,IS2 repressor TnpA,28.0,366.0,1,0,0,0,0,0
4496579,+,b4273,IS2 transposase TnpB,39.0,906.0,1,0,0,0,0,0
4496753,-,b4272,IS2 repressor TnpA,,366.0,0,0,0,1,0,1
4496765,+,b4273,IS2 transposase TnpB,,906.0,0,0,1,0,0,0
4497407,-,b4273,IS2 transposase TnpB,,906.0,0,0,0,1,0,1
4497592,-,b4273,IS2 transposase TnpB,,906.0,0,0,0,1,0,1
4497961,-,b4575,pseudo,,1199.0,0,0,1,0,0,0
4497994,-,b4575,pseudo,,1199.0,0,0,1,0,0,0
4498168,-,b4575,pseudo,,1199.0,0,0,1,0,0,0
4498213,+,b4575,pseudo,,1199.0,0,0,0,1,0,1
4498322,+,b4575,pseudo,,1199.0,0,0,0,1,0,1
4498332,-,b4575,pseudo,,1199.0,0,0,1,0,0,0
4498435,+,b4575,pseudo,,1199.0,0,0,0,1,0,1
4498509,+,b4575,pseudo,,1199.0,0,0,0,1,0,1
4498527,-,b4575,pseudo,,1199.0,0,0,1,0,0,0
4498633,+,b4575,pseudo,,1199.0,0,0,0,1,0,1
4498801,+,b4575,pseudo,,1199.0,0,0,0,1,0,1
4499096,+,b4277,KpLE2 phage-like element%3B putative protein,187.0,330.0,1,0,0,0,0,0
4500078,+,b4278,IS4 transposase,,1329.0,0,0,0,1,0,1
4500954,-,b4278,IS4 transposase,,1329.0,0,0,1,0,0,0
4501274,-,b4278,IS4 transposase,,1329.0,0,0,1,0,0,0
4501323,-,b4278,IS4 transposase,,1329.0,0,0,1,0,0,0
4501547,-,b4278,IS4 transposase,93.0,1329.0,1,0,0,0,0,0
4501558,-,b4278,IS4 transposase,104.0,1329.0,0,1,0,0,0,0
4502053,-,b4279,putative transporter,,1218.0,0,0,0,1,0,1
4502255,-,b4279,putative transporter,,1218.0,0,0,0,1,0,1
4503932,+,b4280,putative oxidoreductase,,1119.0,0,0,1,0,0,0
4504041,+,b4280,putative oxidoreductase,,1119.0,0,0,1,0,0,0
4504258,-,b4280,putative oxidoreductase,,1119.0,0,0,0,1,0,1
4504276,+,b4655,hypothetical protein,195.0,126.0,0,1,0,0,0,0
4504312,+,b4655,hypothetical protein,159.0,126.0,1,0,0,0,0,0
4504497,-,b4280,putative oxidoreductase,,1119.0,0,0,0,1,0,1
4504605,+,b4281,pseudo,,231.0,0,0,0,1,0,1
4504925,-,b4281,pseudo,46.0,231.0,1,0,0,0,0,1
4505042,-,b4281,pseudo,163.0,231.0,0,1,0,0,0,1
4505065,+,b4623,pseudo,155.0,255.0,1,0,0,0,0,0
4505200,+,b4623,pseudo,20.0,255.0,0,1,0,0,0,0
4505593,-,b4284,IS30 transposase,,1152.0,0,0,1,0,0,0
4505614,+,b4284,IS30 transposase,,1152.0,0,0,0,1,0,1
4505808,+,b4284,IS30 transposase,,1152.0,0,0,0,1,0,1
4506097,+,b4284,IS30 transposase,,1152.0,0,0,0,1,0,1
4506361,+,b4284,IS30 transposase,,1152.0,0,0,0,1,0,1
4506655,-,b4284,IS30 transposase,15.0,1152.0,1,0,0,0,0,0
4506727,+,b4284,IS30 transposase,,1152.0,0,0,0,1,0,1
4506979,-,b4561,pseudo,14.0,267.0,1,0,0,0,0,1
4507511,-,b4623,pseudo,,785.0,0,0,0,1,0,1
4507788,+,b4286,pseudo,39.0,330.0,1,0,0,0,0,0
4509660,-,b4287,KpLE2 phage-like element%3B iron-dicitrate transporter subunit,180.0,768.0,1,0,0,0,0,0
4510296,-,b4288,KpLE2 phage-like element%3B iron-dicitrate transporter subunit,,957.0,0,0,1,0,0,0
4511292,+,b4289,KpLE2 phage-like element%3B iron-dicitrate transporter subunit,,999.0,0,0,0,1,0,1
4512323,-,b4290,KpLE2 phage-like element%3B iron-dicitrate transporter subunit,,903.0,0,0,1,0,0,0
4512706,-,b4291,KpLE2 phage-like element%3B ferric citrate outer membrane transporter,,2325.0,0,0,1,0,0,0
4516286,-,b4293,KpLE2 phage-like element%3B RNA polymerase%2C sigma 19 factor,28.0,522.0,1,0,0,0,0,0
4516390,+,b4294,IS1 repressor TnpA,160.0,276.0,0,1,0,0,0,0
4516403,+,b4294,IS1 repressor TnpA,147.0,276.0,1,0,0,0,0,0
4516535,+,b4294,IS1 repressor TnpA,15.0,276.0,0,1,0,0,0,0
4517116,+,b4576,pseudo,,504.0,0,0,1,0,0,0
4517138,+,b4576,pseudo,,504.0,0,0,1,0,0,0
4517903,-,b4295,putative DNA-binding transcriptional regulator%3B KpLE2 phage-like element,,987.0,0,0,1,0,0,0
4518269,-,b4295,putative DNA-binding transcriptional regulator%3B KpLE2 phage-like element,,987.0,0,0,1,0,0,0
4518365,+,b4295,putative DNA-binding transcriptional regulator%3B KpLE2 phage-like element,,987.0,0,0,0,1,0,1
4518437,-,b4295,putative DNA-binding transcriptional regulator%3B KpLE2 phage-like element,90.0,987.0,1,0,0,0,0,0
4518532,-,b4295,putative DNA-binding transcriptional regulator%3B KpLE2 phage-like element,185.0,987.0,0,1,0,0,0,0
4518708,+,b4296,KpLE2 phage-like element%3B predicted transporter,,1350.0,0,0,0,1,0,1
4518738,-,b4296,KpLE2 phage-like element%3B predicted transporter,,1350.0,0,0,1,0,0,0
4519109,+,b4296,KpLE2 phage-like element%3B predicted transporter,,1350.0,0,0,0,1,0,1
4519200,+,b4296,KpLE2 phage-like element%3B predicted transporter,,1350.0,0,0,0,1,0,1
4519235,-,b4296,KpLE2 phage-like element%3B predicted transporter,,1350.0,0,0,1,0,0,0
4519268,+,b4296,KpLE2 phage-like element%3B predicted transporter,,1350.0,0,0,0,1,0,1
4519497,-,b4296,KpLE2 phage-like element%3B predicted transporter,,1350.0,0,0,1,0,0,0
4519519,-,b4296,KpLE2 phage-like element%3B predicted transporter,,1350.0,0,0,1,0,0,0
4519682,+,b4296,KpLE2 phage-like element%3B predicted transporter,,1350.0,0,0,0,1,0,1
4519824,-,b4296,KpLE2 phage-like element%3B predicted transporter,,1350.0,0,0,1,0,0,0
4519979,-,b4296,KpLE2 phage-like element%3B predicted transporter,,1350.0,0,0,1,0,0,0
4520272,+,b4297,KpLE2 phage-like element%3B predicted dehydratase,,1968.0,0,0,0,1,0,1
4520411,+,b4297,KpLE2 phage-like element%3B predicted dehydratase,,1968.0,0,0,0,1,0,1
4520620,-,b4297,KpLE2 phage-like element%3B predicted dehydratase,,1968.0,0,0,1,0,0,0
4520675,+,b4297,KpLE2 phage-like element%3B predicted dehydratase,,1968.0,0,0,0,1,0,1
4520715,-,b4297,KpLE2 phage-like element%3B predicted dehydratase,,1968.0,0,0,1,0,0,0
4520728,+,b4297,KpLE2 phage-like element%3B predicted dehydratase,,1968.0,0,0,0,1,0,1
4521708,-,b4297,KpLE2 phage-like element%3B predicted dehydratase,,1968.0,0,0,1,0,0,0
4521726,+,b4297,KpLE2 phage-like element%3B predicted dehydratase,,1968.0,0,0,0,1,0,1
4521754,+,b4297,KpLE2 phage-like element%3B predicted dehydratase,,1968.0,0,0,0,1,0,1
4522148,+,b4297,KpLE2 phage-like element%3B predicted dehydratase,,1968.0,0,0,0,1,0,1
4522321,+,b4298,KpLE2 phage-like element%3B predicted lyase%2Fsynthase,,906.0,0,0,0,1,0,1
4522499,-,b4298,KpLE2 phage-like element%3B predicted lyase%2Fsynthase,,906.0,0,0,1,0,0,0
4523575,-,b4299,KpLE2 phage-like element%3B predicted DNA-binding transcriptional regulator,,789.0,0,0,1,0,0,0
4523846,-,b4299,KpLE2 phage-like element%3B predicted DNA-binding transcriptional regulator,20.0,789.0,1,0,0,0,0,0
4524136,+,b4300,KpLE2 phage-like element%3B predicted DNA-binding transcriptional regulator,,783.0,0,0,0,1,0,1
4524225,-,b4300,KpLE2 phage-like element%3B predicted DNA-binding transcriptional regulator,,783.0,0,0,1,0,0,0
4524241,+,b4300,KpLE2 phage-like element%3B predicted DNA-binding transcriptional regulator,,783.0,0,0,0,1,0,1
4524491,+,b4300,KpLE2 phage-like element%3B predicted DNA-binding transcriptional regulator,,783.0,0,0,0,1,0,1
4524716,+,b4300,KpLE2 phage-like element%3B predicted DNA-binding transcriptional regulator,,783.0,0,0,0,1,0,1
4524769,-,b4300,KpLE2 phage-like element%3B predicted DNA-binding transcriptional regulator,,783.0,0,0,1,0,0,0
4525799,+,b4624,novel sRNA%2C function unknown,201.0,90.0,0,1,0,0,0,1
4525903,+,b4624,novel sRNA%2C function unknown,97.0,90.0,0,1,0,0,0,1
4525907,-,b4302,KpLE2 phage-like element%3B predicted phosphotransferase enzyme IIA component,,432.0,0,0,1,0,0,1
4525999,+,b4624,novel sRNA%2C function unknown,1.0,90.0,1,0,0,0,0,1
4526259,+,b4303,KpLE2 phage-like element%3B predicted nucleoside triphosphatase,,807.0,0,0,0,1,0,1
4526464,-,b4303,KpLE2 phage-like element%3B predicted nucleoside triphosphatase,,807.0,0,0,1,0,0,0
4527331,+,b4304,KpLE2 phage-like element%3B predicted phosphotransferase enzyme IIC component,,1314.0,0,0,0,1,0,1
4527669,-,b4304,KpLE2 phage-like element%3B predicted phosphotransferase enzyme IIC component,,1314.0,0,0,1,0,0,0
4527679,-,b4304,KpLE2 phage-like element%3B predicted phosphotransferase enzyme IIC component,,1314.0,0,0,1,0,0,0
4528408,+,b4565,putative enzyme IIB component of PTS,,279.0,0,0,0,1,0,1
4528515,+,b4565,putative enzyme IIB component of PTS,,279.0,0,0,0,1,0,1
4528839,+,b4305,KpLE2 phage-like element%3B predicted endoglucanase with Zn-dependent exopeptidase domain,,1122.0,0,0,0,1,0,1
4530381,+,b4656,pseudo,,261.0,0,0,0,1,0,1
4530384,-,b4656,pseudo,51.0,261.0,1,0,0,0,0,0
4531810,+,b4307,KpLE2 phage-like element%3B predicted acetyltransferase,,546.0,0,0,0,1,0,1
4532057,+,b4566,hypothetical protein,,258.0,0,0,0,1,0,1
4532082,-,b4566,hypothetical protein,6.0,258.0,0,1,0,0,0,0
4532247,-,b4566,hypothetical protein,171.0,258.0,1,0,0,0,0,0
4532661,-,b4657,pseudo,,246.0,0,0,1,0,0,0
4532957,-,b4657,pseudo,259.0,246.0,1,0,0,0,0,1
4533036,-,b4308,pseudo,,1241.0,0,0,0,1,0,1
4533212,-,b4308,pseudo,,1241.0,0,0,0,1,0,1
4533523,+,b4308,pseudo,,1241.0,0,0,1,0,0,0
4534032,+,b4308,pseudo,,1241.0,0,0,1,0,0,0
4534041,+,b4308,pseudo,,1241.0,0,0,1,0,0,0
4534141,-,b4308,pseudo,,1241.0,0,0,0,1,0,1
4534601,+,b4309,9-O-acetyl N-acetylneuraminic acid esterase,,981.0,0,0,0,1,0,1
4535002,+,b4309,9-O-acetyl N-acetylneuraminic acid esterase,,981.0,0,0,0,1,0,1
4535452,+,b4309,9-O-acetyl N-acetylneuraminic acid esterase,,981.0,0,0,0,1,0,1
4535764,-,b4309,9-O-acetyl N-acetylneuraminic acid esterase,147.0,981.0,1,0,0,0,0,0
4536423,-,b4310,N-acetylneuraminic acid mutarotase,,1107.0,0,0,1,0,0,0
4536750,-,b4310,N-acetylneuraminic acid mutarotase,,1107.0,0,0,1,0,0,0
4536927,-,b4310,N-acetylneuraminic acid mutarotase,139.0,1107.0,1,0,0,0,0,0
4536943,+,b4311,N-acetylnuraminic acid outer membrane channel protein,,717.0,0,0,0,1,0,1
4539893,+,b4313,tyrosine recombinase%2Finversion of on%2Foff regulator of fimA,167.0,597.0,0,1,0,0,0,0
4539896,+,b4313,tyrosine recombinase%2Finversion of on%2Foff regulator of fimA,164.0,597.0,1,0,0,0,0,0
4540245,+,b4313,tyrosine recombinase%2Finversion of on%2Foff regulator of fimA,,597.0,0,0,1,0,0,0
4540461,-,b4313,tyrosine recombinase%2Finversion of on%2Foff regulator of fimA,,597.0,0,0,0,1,0,1
4540717,-,b4313,tyrosine recombinase%2Finversion of on%2Foff regulator of fimA,,597.0,0,0,0,1,0,1
4541009,+,b4314,major type 1 subunit fimbrin %28pilin%29,129.0,549.0,1,0,0,0,0,0
4541072,-,b4314,major type 1 subunit fimbrin %28pilin%29,,549.0,0,0,0,1,0,1
4541117,+,b4314,major type 1 subunit fimbrin %28pilin%29,21.0,549.0,0,1,0,0,0,0
4541558,+,b4315,fimbrial protein involved in type 1 pilus biosynthesis,193.0,540.0,1,0,0,0,0,0
4541987,-,b4315,fimbrial protein involved in type 1 pilus biosynthesis,,540.0,0,0,0,1,0,1
4542402,+,b4316,periplasmic chaperone,,726.0,0,0,1,0,0,0
4542535,+,b4316,periplasmic chaperone,,726.0,0,0,1,0,0,0
4542691,+,b4316,periplasmic chaperone,,726.0,0,0,1,0,0,0
4543343,+,b4317,outer membrane usher protein%2C type 1 fimbrial synthesis,,2637.0,0,0,1,0,0,0
4543674,-,b4317,outer membrane usher protein%2C type 1 fimbrial synthesis,,2637.0,0,0,0,1,0,1
4544008,+,b4317,outer membrane usher protein%2C type 1 fimbrial synthesis,,2637.0,0,0,1,0,0,0
4545894,-,b4318,minor component of type 1 fimbriae,,531.0,0,0,0,1,0,1
4546999,+,b4320,minor component of type 1 fimbriae,,903.0,0,0,1,0,0,0
4547113,-,b4320,minor component of type 1 fimbriae,,903.0,0,0,0,1,0,1
4547188,+,b4320,minor component of type 1 fimbriae,,903.0,0,0,1,0,0,0
4547292,-,b4320,minor component of type 1 fimbriae,,903.0,0,0,0,1,0,1
4547573,+,b4320,minor component of type 1 fimbriae,,903.0,0,0,1,0,0,0
4548923,-,b4321,fructuronate transporter,,1344.0,0,0,1,0,0,0
4549357,-,b4321,fructuronate transporter,38.0,1344.0,1,0,0,0,0,0
4549544,+,b4322,mannonate hydrolase,115.0,1185.0,1,0,0,0,0,0
4550909,-,b4322,mannonate hydrolase,,1185.0,0,0,0,1,0,1
4550969,-,b4323,D-mannonate oxidoreductase%2C NAD-dependent,,1461.0,0,0,0,1,0,1
4551757,+,b4323,D-mannonate oxidoreductase%2C NAD-dependent,,1461.0,0,0,1,0,0,0
4552503,+,b4324,DNA-binding transcriptional repressor,96.0,774.0,1,0,0,0,0,0
4553325,+,b4324,DNA-binding transcriptional repressor,,774.0,0,0,1,0,0,0
4554879,+,b4326,RpoS stabilzer after DNA damage%2C anti-RssB factor,137.0,393.0,1,0,0,0,0,0
4555878,-,b4327,hypochlorite-responsive transcription factor,,912.0,0,0,1,0,0,0
4555966,+,b4327,hypochlorite-responsive transcription factor,,912.0,0,0,0,1,0,1
4556276,-,b4327,hypochlorite-responsive transcription factor,,912.0,0,0,1,0,0,0
4556338,-,b4327,hypochlorite-responsive transcription factor,26.0,912.0,1,0,0,0,0,0
4556577,-,b4327,hypochlorite-responsive transcription factor,265.0,912.0,0,1,0,0,0,0
4557421,+,b4328,isoaspartyl dipeptidase,,1173.0,0,0,0,1,0,1
4557438,-,b4328,isoaspartyl dipeptidase,,1173.0,0,0,1,0,0,0
4557542,-,b4328,isoaspartyl dipeptidase,,1173.0,0,0,1,0,0,0
4557550,+,b4328,isoaspartyl dipeptidase,,1173.0,0,0,0,1,0,1
4557669,-,b4328,isoaspartyl dipeptidase,120.0,1173.0,1,0,0,0,0,0
4558951,-,b4330,putative inner membrane protein,248.0,684.0,1,0,0,0,0,1
4559172,+,b4331,RNA 2%27-phosphotransferase,,555.0,0,0,1,0,0,0
4559517,+,b4332,putative inner membrane protein,,1179.0,0,0,0,1,0,1
4559522,+,b4332,putative inner membrane protein,,1179.0,0,0,0,1,0,1
4560816,-,b4332,putative inner membrane protein,118.0,1179.0,1,0,0,0,0,0
4561140,-,b4333,hypothetical protein,,861.0,0,0,1,0,0,0
4561284,-,b4333,hypothetical protein,,861.0,0,0,1,0,0,0
4561293,-,b4333,hypothetical protein,,861.0,0,0,1,0,0,0
4561420,+,b4333,hypothetical protein,,861.0,0,0,0,1,0,1
4561772,-,b4333,hypothetical protein,146.0,861.0,1,0,0,0,0,0
4562035,-,b4334,putative ATPase%2C activator of %28R%29-hydroxyglutaryl-CoA dehydratase,,768.0,0,0,1,0,0,0
4562696,-,b4334,putative ATPase%2C activator of %28R%29-hydroxyglutaryl-CoA dehydratase,,768.0,0,0,1,0,0,0
4563912,-,b4335,putative 2-hydroxyglutaryl-CoA dehydratase,39.0,1152.0,1,0,0,0,0,0
4563928,-,b4335,putative 2-hydroxyglutaryl-CoA dehydratase,55.0,1152.0,0,1,0,0,0,0
4565269,-,b4336,zinc-type alcohol dehydrogenase-like protein,0.0,1281.0,1,0,0,0,0,0
4565517,-,b4336,zinc-type alcohol dehydrogenase-like protein,248.0,1281.0,0,1,0,0,0,0
4565811,+,b4337,multidrug efflux system protein,,1233.0,0,0,0,1,0,1
4566777,-,b4337,multidrug efflux system protein,235.0,1233.0,0,1,0,0,0,0
4566790,-,b4337,multidrug efflux system protein,248.0,1233.0,1,0,0,0,0,0
4567340,-,b4339,pseudo,,921.0,0,0,0,1,0,1
4567397,+,b4339,pseudo,,921.0,0,0,1,0,0,0
4567624,+,b4339,pseudo,,921.0,0,0,1,0,0,0
4567661,-,b4339,pseudo,,921.0,0,0,0,1,0,1
4567674,+,b4339,pseudo,,921.0,0,0,1,0,0,0
4567837,+,b4339,pseudo,,921.0,0,0,1,0,0,0
4568002,-,b4339,pseudo,,921.0,0,0,0,1,0,1
4568093,+,b4340,fused predicted DNA-binding transcriptional regulator%2Fpredicted aminotransferase,,1413.0,0,0,0,1,0,1
4568592,-,b4340,fused predicted DNA-binding transcriptional regulator%2Fpredicted aminotransferase,,1413.0,0,0,1,0,0,0
4568843,-,b4340,fused predicted DNA-binding transcriptional regulator%2Fpredicted aminotransferase,,1413.0,0,0,1,0,0,0
4569664,-,b4340,fused predicted DNA-binding transcriptional regulator%2Fpredicted aminotransferase,67.0,1413.0,1,0,0,0,0,0
4570183,+,b4342,pseudo,254.0,1503.0,1,0,0,0,0,0
4570310,+,b4342,pseudo,127.0,1503.0,0,1,0,0,0,0
4570477,+,b4342,pseudo,,1503.0,0,0,1,0,0,0
4570599,-,b4342,pseudo,,1503.0,0,0,0,1,0,1
4570623,+,b4342,pseudo,,1503.0,0,0,1,0,0,0
4570729,+,b4342,pseudo,,1503.0,0,0,1,0,0,0
4571164,+,b4342,pseudo,,1503.0,0,0,1,0,0,0
4571291,-,b4342,pseudo,,1503.0,0,0,0,1,0,1
4571666,+,b4486,pseudo,276.0,2937.0,1,0,0,0,0,0
4572167,+,b4486,pseudo,,2937.0,0,0,1,0,0,0
4572626,-,b4486,pseudo,,2937.0,0,0,0,1,0,1
4572630,+,b4486,pseudo,,2937.0,0,0,1,0,0,0
4572777,-,b4486,pseudo,,2937.0,0,0,0,1,0,1
4573087,-,b4486,pseudo,,2937.0,0,0,0,1,0,1
4573293,+,b4486,pseudo,,2937.0,0,0,1,0,0,0
4573427,-,b4486,pseudo,,2937.0,0,0,0,1,0,1
4573561,+,b4486,pseudo,,2937.0,0,0,1,0,0,0
4574539,-,b4486,pseudo,,2937.0,0,0,0,1,0,1
4574763,+,b4486,pseudo,,2937.0,0,0,1,0,0,0
4574801,+,b4486,pseudo,,2937.0,0,0,1,0,0,0
4576368,-,b4346,5-methylcytosine-specific restriction enzyme McrBC%2C subunit McrB,,1380.0,0,0,1,0,0,0
4576539,+,b4346,5-methylcytosine-specific restriction enzyme McrBC%2C subunit McrB,,1380.0,0,0,0,1,0,1
4576550,+,b4346,5-methylcytosine-specific restriction enzyme McrBC%2C subunit McrB,,1380.0,0,0,0,1,0,1
4576930,+,b4346,5-methylcytosine-specific restriction enzyme McrBC%2C subunit McrB,,1380.0,0,0,0,1,0,1
4576931,-,b4346,5-methylcytosine-specific restriction enzyme McrBC%2C subunit McrB,,1380.0,0,0,1,0,0,0
4577222,-,b4346,5-methylcytosine-specific restriction enzyme McrBC%2C subunit McrB,,1380.0,0,0,1,0,0,0
4577384,-,b4346,5-methylcytosine-specific restriction enzyme McrBC%2C subunit McrB,24.0,1380.0,1,0,0,0,0,0
4577858,+,b4625,sRNA antisense regulator destabilizing divergent and overlapping symE mRNA,0.0,77.0,1,0,0,0,0,1
4577940,-,b4347,toxic peptide regulated by antisense sRNA symR,77.0,342.0,1,0,0,0,0,1
4578061,+,b4348,specificity determinant for hsdM and hsdR,,1395.0,0,0,0,1,0,1
4581132,-,b4349,DNA methyltransferase M,61.0,1590.0,0,1,0,0,0,0
4581252,-,b4349,DNA methyltransferase M,181.0,1590.0,1,0,0,0,0,0
4581286,-,b4349,DNA methyltransferase M,215.0,1590.0,0,1,0,0,0,0
4581304,+,b4350,endonuclease R Type I restriction enzyme,,3513.0,0,0,0,1,0,1
4581316,-,b4349,DNA methyltransferase M,245.0,1590.0,0,1,0,0,0,0
4581792,-,b4350,endonuclease R Type I restriction enzyme,,3513.0,0,0,1,0,0,0
4583213,+,b4350,endonuclease R Type I restriction enzyme,,3513.0,0,0,0,1,0,1
4583657,-,b4350,endonuclease R Type I restriction enzyme,,3513.0,0,0,1,0,0,0
4584419,+,b4350,endonuclease R Type I restriction enzyme,,3513.0,0,0,0,1,0,1
4584484,-,b4350,endonuclease R Type I restriction enzyme,,3513.0,0,0,1,0,0,0
4584833,-,b4350,endonuclease R Type I restriction enzyme,49.0,3513.0,1,0,0,0,0,0
4584922,-,b4350,endonuclease R Type I restriction enzyme,138.0,3513.0,0,1,0,0,0,1
4584926,+,b4351,methylated adenine and cytosine restriction protein,46.0,915.0,1,0,0,0,0,0
4585347,+,b4351,methylated adenine and cytosine restriction protein,,915.0,0,0,1,0,0,0
4585654,+,b4351,methylated adenine and cytosine restriction protein,,915.0,0,0,1,0,0,0
4585673,+,b4351,methylated adenine and cytosine restriction protein,,915.0,0,0,1,0,0,0
4587041,+,b4353,hypothetical protein,,204.0,0,0,0,1,0,1
4587081,-,b4352,putative GTPase,193.0,957.0,1,0,0,0,0,0
4587139,-,b4353,hypothetical protein,37.0,204.0,1,0,0,0,0,0
4587250,-,b4353,hypothetical protein,148.0,204.0,0,1,0,0,0,0
4587305,+,b4354,putative inner membrane protein,,2151.0,0,0,0,1,0,1
4587682,-,b4354,putative inner membrane protein,,2151.0,0,0,1,0,0,0
4589287,-,b4354,putative inner membrane protein,,2151.0,0,0,1,0,0,0
4589331,+,b4354,putative inner membrane protein,,2151.0,0,0,0,1,0,1
4589390,-,b4354,putative inner membrane protein,88.0,2151.0,1,0,0,0,0,0
4589566,+,b4355,methyl-accepting chemotaxis protein I%2C serine sensor receptor,114.0,1656.0,1,0,0,0,0,0
4589679,-,b4355,methyl-accepting chemotaxis protein I%2C serine sensor receptor,,1656.0,0,0,0,1,0,1
4590129,+,b4355,methyl-accepting chemotaxis protein I%2C serine sensor receptor,,1656.0,0,0,1,0,0,0
4590715,+,b4355,methyl-accepting chemotaxis protein I%2C serine sensor receptor,,1656.0,0,0,1,0,0,0
4591359,-,b4355,methyl-accepting chemotaxis protein I%2C serine sensor receptor,,1656.0,0,0,0,1,0,1
4591711,+,b4356,L-galactonate transporter,,1362.0,0,0,0,1,0,1
4591963,-,b4356,L-galactonate transporter,,1362.0,0,0,1,0,0,0
4592091,-,b4356,L-galactonate transporter,,1362.0,0,0,1,0,0,0
4592596,-,b4356,L-galactonate transporter,,1362.0,0,0,1,0,0,0
4592775,+,b4356,L-galactonate transporter,,1362.0,0,0,0,1,0,1
4592959,-,b4356,L-galactonate transporter,214.0,1362.0,1,0,0,0,0,0
4593454,-,b4357,DNA-binding transcriptional activator for yjjMN%3B mutants fail to grow on L-galactonate,,915.0,0,0,1,0,0,0
4593838,-,b4357,DNA-binding transcriptional activator for yjjMN%3B mutants fail to grow on L-galactonate,,915.0,0,0,1,0,0,0
4593888,-,b4357,DNA-binding transcriptional activator for yjjMN%3B mutants fail to grow on L-galactonate,14.0,915.0,1,0,0,0,0,0
4594903,+,b4358,L-galactonate oxidoreductase,,1023.0,0,0,1,0,0,0
4595425,+,b4359,phosphoglycerol transferases I and II,,2292.0,0,0,0,1,0,1
4596568,+,b4359,phosphoglycerol transferases I and II,,2292.0,0,0,0,1,0,1
4596849,+,b4359,phosphoglycerol transferases I and II,,2292.0,0,0,0,1,0,1
4597027,+,b4359,phosphoglycerol transferases I and II,,2292.0,0,0,0,1,0,1
4597516,-,b4359,phosphoglycerol transferases I and II,52.0,2292.0,1,0,0,0,0,0
4597543,-,b4359,phosphoglycerol transferases I and II,79.0,2292.0,0,1,0,0,0,0
4597717,-,b4359,phosphoglycerol transferases I and II,253.0,2292.0,0,1,0,0,0,0
4598446,-,b4360,hypothetical protein,234.0,495.0,1,0,0,0,0,0
4599131,-,b4361,DNA biosynthesis protein,133.0,738.0,1,0,0,0,0,0
4599333,+,b4362,DNA biosynthesis protein %28primosomal protein I%29,,540.0,0,0,0,1,0,1
4599580,-,b4362,DNA biosynthesis protein %28primosomal protein I%29,40.0,540.0,0,1,0,0,0,0
4599637,-,b4362,DNA biosynthesis protein %28primosomal protein I%29,97.0,540.0,1,0,0,0,0,0
4599896,-,b4363,conserved inner membrane protein,,474.0,0,0,1,0,0,0
4600075,-,b4363,conserved inner membrane protein,,474.0,0,0,1,0,0,0
4600476,-,b4364,inner membrane protein%2C H-NS-repressed%2C DUF1212 family,,771.0,0,0,1,0,0,0
4600928,-,b4364,inner membrane protein%2C H-NS-repressed%2C DUF1212 family,47.0,771.0,1,0,0,0,0,0
4601057,-,b4364,inner membrane protein%2C H-NS-repressed%2C DUF1212 family,176.0,771.0,0,1,0,0,0,0
4601342,+,b4365,DNA-binding transcriptional regulator,158.0,726.0,1,0,0,0,0,0
4601551,+,b4365,DNA-binding transcriptional regulator,,726.0,0,0,1,0,0,0
4601614,+,b4365,DNA-binding transcriptional regulator,,726.0,0,0,1,0,0,0
4602630,+,b4366,bgl operon transcriptional activator,,678.0,0,0,1,0,0,0
4603696,+,b4567,hypothetical protein,131.0,237.0,1,0,0,0,0,1
4603713,-,b4367,ferric iron reductase involved in ferric hydroximate transport,27.0,789.0,1,0,0,0,0,0
4604014,-,b4567,hypothetical protein,,237.0,0,0,0,1,0,1
4604030,-,b4567,hypothetical protein,,237.0,0,0,0,1,0,1
4604188,-,b4368,tRNA-Leu,0.0,87.0,1,0,0,0,0,0
4604309,-,b4369,tRNA-Leu,0.0,87.0,1,0,0,0,0,0
4604424,-,b4370,tRNA-Leu,0.0,87.0,1,0,0,0,0,0
4604457,-,b4370,tRNA-Leu,33.0,87.0,0,1,0,0,0,0
4604728,+,b4371,16S rRNA m%282%29G1207 methyltransferase%2C SAM-dependent,,1032.0,0,0,0,1,0,1
4604922,-,b4371,16S rRNA m%282%29G1207 methyltransferase%2C SAM-dependent,,1032.0,0,0,1,0,0,0
4605054,-,b4371,16S rRNA m%282%29G1207 methyltransferase%2C SAM-dependent,,1032.0,0,0,1,0,0,0
4605443,+,b4371,16S rRNA m%282%29G1207 methyltransferase%2C SAM-dependent,,1032.0,0,0,0,1,0,1
4605757,-,b4371,16S rRNA m%282%29G1207 methyltransferase%2C SAM-dependent,34.0,1032.0,1,0,0,0,0,1
4605804,+,b4372,DNA polymerase III%2C psi subunit,22.0,414.0,1,0,0,0,0,1
4606412,+,b4374,dUMP phosphatase,257.0,678.0,1,0,0,0,0,0
4606638,-,b4373,ribosomal-protein-S18-alanine N-acetyltransferase,,447.0,0,0,0,1,0,1
4607362,-,b4374,dUMP phosphatase,,678.0,0,0,0,1,0,1
4607424,-,b4374,dUMP phosphatase,,678.0,0,0,0,1,0,1
4607499,+,b4375,peptide chain release factor RF-3,,1590.0,0,0,1,0,0,0
4607505,-,b4375,peptide chain release factor RF-3,,1590.0,0,0,0,1,0,1
4607701,+,b4375,peptide chain release factor RF-3,,1590.0,0,0,1,0,0,0
4608869,+,b4375,peptide chain release factor RF-3,,1590.0,0,0,1,0,0,0
4609176,+,b4376,periplasmic protein,243.0,606.0,1,0,0,0,0,0
4610086,+,b4568,hypothetical protein,65.0,162.0,1,0,0,0,0,0
4610125,-,b4568,hypothetical protein,,162.0,0,0,0,1,0,1
4610396,-,b4568,hypothetical protein,,162.0,0,0,0,1,0,1
4610402,+,b4377,putative phospholipase%2C patatin-like family,32.0,1074.0,1,0,0,0,0,0
4610676,-,b4377,putative phospholipase%2C patatin-like family,,1074.0,0,0,0,1,0,1
4610847,+,b4377,putative phospholipase%2C patatin-like family,,1074.0,0,0,1,0,0,0
4611151,-,b4377,putative phospholipase%2C patatin-like family,,1074.0,0,0,0,1,0,1
4611181,+,b4377,putative phospholipase%2C patatin-like family,,1074.0,0,0,1,0,0,0
4611676,+,b4378,putative DNase,,780.0,0,0,1,0,0,0
4613528,-,b4379,putative pyruvate formate lyase activating enzyme,,864.0,0,0,1,0,0,0
4614203,+,b4380,hypothetical protein,,1551.0,0,0,0,1,0,1
4614702,+,b4380,hypothetical protein,,1551.0,0,0,0,1,0,1
4615116,-,b4380,hypothetical protein,28.0,1551.0,1,0,0,0,0,0
4616647,-,b4382,thymidine phosphorylase,,1323.0,0,0,0,1,0,1
4616740,-,b4382,thymidine phosphorylase,,1323.0,0,0,0,1,0,1
4616758,-,b4382,thymidine phosphorylase,,1323.0,0,0,0,1,0,1
4617088,+,b4382,thymidine phosphorylase,,1323.0,0,0,1,0,0,0
4617270,-,b4382,thymidine phosphorylase,,1323.0,0,0,0,1,0,1
4617293,+,b4382,thymidine phosphorylase,,1323.0,0,0,1,0,0,0
4617572,-,b4382,thymidine phosphorylase,,1323.0,0,0,0,1,0,1
4617590,+,b4383,phosphopentomutase,36.0,1224.0,1,0,0,0,0,0
4618072,-,b4383,phosphopentomutase,,1224.0,0,0,0,1,0,1
4618254,+,b4383,phosphopentomutase,,1224.0,0,0,1,0,0,0
4618812,+,b4384,purine-nucleoside phosphorylase,94.0,720.0,1,0,0,0,0,0
4618978,-,b4384,purine-nucleoside phosphorylase,,720.0,0,0,0,1,0,1
4619052,+,b4384,purine-nucleoside phosphorylase,,720.0,0,0,1,0,0,0
4619762,+,b4385,putative protein kinase,30.0,1332.0,1,0,0,0,0,0
4620197,+,b4385,putative protein kinase,,1332.0,0,0,1,0,0,0
4620462,-,b4385,putative protein kinase,,1332.0,0,0,0,1,0,1
4621164,+,b4386,lipoate-protein ligase A,,1017.0,0,0,0,1,0,1
4622059,-,b4386,lipoate-protein ligase A,,1017.0,0,0,1,0,0,0
4622181,+,b4386,lipoate-protein ligase A,,1017.0,0,0,0,1,0,1
4622834,-,b4387,conserved membrane protein,22.0,645.0,1,0,0,0,0,1
4622849,+,b4388,3-phosphoserine phosphatase,69.0,969.0,0,1,0,0,0,1
4622879,+,b4388,3-phosphoserine phosphatase,39.0,969.0,1,0,0,0,0,1
4625324,+,b4390,trifunctional protein: nicotinamide mononucleotide adenylyltransferase%2C ribosylnicotinamide kinase%2C transcriptional repressor,14.0,1233.0,1,0,0,0,0,0
4626980,-,b4391,fused predicted transporter subunits of ABC superfamily: ATP-binding components,,1668.0,0,0,1,0,0,0
4627361,+,b4391,fused predicted transporter subunits of ABC superfamily: ATP-binding components,,1668.0,0,0,0,1,0,1
4628539,+,b4392,lytic murein transglycosylase%2C soluble,217.0,1938.0,0,1,0,0,0,1
4628590,-,b4391,fused predicted transporter subunits of ABC superfamily: ATP-binding components,45.0,1668.0,1,0,0,0,0,0
4628701,+,b4392,lytic murein transglycosylase%2C soluble,55.0,1938.0,0,1,0,0,0,0
4628705,+,b4392,lytic murein transglycosylase%2C soluble,51.0,1938.0,1,0,0,0,0,0
4628738,-,b4391,fused predicted transporter subunits of ABC superfamily: ATP-binding components,193.0,1668.0,0,1,0,0,0,1
4629253,-,b4392,lytic murein transglycosylase%2C soluble,,1938.0,0,0,0,1,0,1
4629916,-,b4392,lytic murein transglycosylase%2C soluble,,1938.0,0,0,0,1,0,1
4630019,-,b4392,lytic murein transglycosylase%2C soluble,,1938.0,0,0,0,1,0,1
4630406,-,b4392,lytic murein transglycosylase%2C soluble,,1938.0,0,0,0,1,0,1
4630722,+,b4393,DNA-binding transcriptional repressor%2C tryptophan-binding,61.0,327.0,1,0,0,0,0,0
4631693,+,b4395,phosphatase,127.0,648.0,1,0,0,0,0,1
4631795,-,b4394,inosine%2Fxanthosine triphosphatase,27.0,513.0,1,0,0,0,0,1
4632004,-,b4394,inosine%2Fxanthosine triphosphatase,236.0,513.0,0,1,0,0,0,1
4632308,+,b4395,phosphatase,,648.0,0,0,1,0,0,0
4632754,+,b4396,right oriC-binding transcriptional activator%2C AraC family,,870.0,0,0,0,1,0,1
4633266,+,b4397,hypothetical protein,278.0,474.0,1,0,0,0,0,1
4633376,-,b4396,right oriC-binding transcriptional activator%2C AraC family,43.0,870.0,1,0,0,0,0,0
4633447,+,b4397,hypothetical protein,97.0,474.0,0,1,0,0,0,0
4633500,+,b4397,hypothetical protein,44.0,474.0,0,1,0,0,0,0
4633747,+,b4398,DNA-binding response regulator in two-component regulatory system with CreC,283.0,690.0,1,0,0,0,0,0
4634086,-,b4397,hypothetical protein,,474.0,0,0,0,1,0,1
4634197,-,b4398,DNA-binding response regulator in two-component regulatory system with CreC,,690.0,0,0,0,1,0,1
4635007,+,b4399,sensory histidine kinase in two-component regulatory system with CreB or PhoB%2C regulator of the CreBC regulon,,1425.0,0,0,1,0,0,0
4635443,-,b4399,sensory histidine kinase in two-component regulatory system with CreB or PhoB%2C regulator of the CreBC regulon,,1425.0,0,0,0,1,0,1
4637785,-,b4401,DNA-binding response regulator in two-component regulatory system with ArcB or CpxA,,717.0,0,0,1,0,0,0
4638395,-,b4401,DNA-binding response regulator in two-component regulatory system with ArcB or CpxA,66.0,717.0,1,0,0,0,0,1
4638434,+,b4402,hypothetical protein,,141.0,0,0,1,0,0,0
4638618,-,b4402,hypothetical protein,,141.0,0,0,0,1,0,1
4638684,+,b4403,putative methyltransferase,281.0,687.0,1,0,0,0,0,0
4638991,+,b4403,putative methyltransferase,,687.0,0,0,1,0,0,0
4639136,+,b4403,putative methyltransferase,,687.0,0,0,1,0,0,0
